row_ID,person_ID,person_name,age,date,gender,platform,daily_screen_time_min,social_media_time_min,daily_screen_time_without_social_media_min,social_media_ratio,negative_interactions_count,positive_interactions_count,sleep_hours,physical_activity_min,activity_to_screen_ratio,anxiety_level,stress_level,mood_level,mental_state,same_name,same_age,both
918,1,Neha Ansari,17,03/09/2024,Male,WhatsApp,422,106,316,25.12%,0,1,6.9,18,0.04265402844,2,7,6,Stressed,-,-,-
4421,1,Neha Ansari,18,05/12/2024,Female,TikTok,418,272,146,65.07%,2,2,6.9,18,0.04306220096,4,9,4,Stressed,TRUE,TRUE,TRUE
3622,2,Neha Ansari,24,10/06/2024,Male,Instagram,449,224,225,49.89%,1,3,6.8,15,0.03340757238,3,8,5,Stressed,TRUE,FALSE,FALSE
4017,3,Neha Ansari,26,25/03/2024,Female,TikTok,378,246,132,65.08%,2,2,7.1,22,0.0582010582,4,8,5,Stressed,TRUE,FALSE,FALSE
2607,4,Neha Ansari,29,16/06/2025,Female,Instagram,347,174,173,50.14%,1,2,7.3,25,0.07204610951,3,7,6,Stressed,TRUE,FALSE,FALSE
2141,5,Neha Ansari,31,01/02/2024,Male,Twitter,386,154,232,39.90%,1,1,7.1,21,0.05440414508,2,7,6,Stressed,TRUE,FALSE,FALSE
3451,6,Neha Ansari,33,26/01/2025,Female,TikTok,330,214,116,64.85%,1,2,7.4,27,0.08181818182,3,7,6,Stressed,TRUE,FALSE,FALSE
1780,7,Neha Ansari,37,03/02/2025,Male,Instagram,268,134,134,50.00%,1,2,7.7,33,0.1231343284,2,6,6,Stressed,TRUE,FALSE,FALSE
1394,8,Neha Ansari,58,22/08/2024,Male,TikTok,188,122,66,64.89%,1,1,8.1,41,0.2180851064,2,6,6,Stressed,TRUE,FALSE,FALSE
1,9,Neha Ansari,60,06/01/2024,Female,WhatsApp,140,35,105,25.00%,0,0,8.3,46,0.3285714286,1,5,7,Healthy,TRUE,FALSE,FALSE
1830,10,Saanvi Kale,17,06/08/2024,Female,Facebook,388,136,252,35.05%,1,1,7.1,21,0.05412371134,2,7,6,Stressed,FALSE,FALSE,FALSE
2646,11,Saanvi Kale,19,14/10/2024,Male,Facebook,503,176,327,34.99%,1,2,6.5,10,0.01988071571,3,8,5,Stressed,TRUE,FALSE,FALSE
4807,11,Saanvi Kale,20,09/08/2024,Male,TikTok,469,305,164,65.03%,2,3,6.7,13,0.02771855011,4,9,4,Stressed,TRUE,TRUE,TRUE
2570,11,Saanvi Kale,20,12/09/2025,Male,Facebook,493,173,320,35.09%,1,2,6.5,11,0.02231237323,3,8,5,Stressed,TRUE,TRUE,TRUE
4497,12,Saanvi Kale,24,26/07/2024,Female,YouTube,463,278,185,60.04%,1,4,6.7,14,0.03023758099,3,8,5,Stressed,TRUE,FALSE,FALSE
1304,13,Saanvi Kale,27,12/07/2025,Female,Facebook,342,120,222,35.09%,0,1,7.3,26,0.07602339181,2,6,6,Stressed,TRUE,FALSE,FALSE
566,14,Saanvi Kale,45,21/05/2025,Female,Twitter,222,89,133,40.09%,1,1,7.9,38,0.1711711712,2,6,6,Stressed,TRUE,FALSE,FALSE
2,15,Saanvi Kale,49,09/01/2024,Male,WhatsApp,146,36,110,24.66%,0,0,8.3,45,0.3082191781,1,5,7,Healthy,TRUE,FALSE,FALSE
30,16,Saanvi Kale,66,27/02/2024,Female,WhatsApp,187,47,140,25.13%,0,0,8.1,41,0.2192513369,1,5,7,Healthy,TRUE,FALSE,FALSE
4084,17,Payal Kale,13,09/03/2024,Male,Snapchat,454,250,204,55.07%,1,2,6.7,15,0.03303964758,3,8,5,Stressed,FALSE,FALSE,FALSE
1360,18,Payal Kale,19,04/05/2024,Female,WhatsApp,484,121,363,25.00%,1,1,6.6,12,0.02479338843,2,7,6,Stressed,TRUE,FALSE,FALSE
2353,19,Payal Kale,25,28/08/2025,Female,Facebook,462,162,300,35.06%,1,1,6.7,14,0.0303030303,2,7,6,Stressed,TRUE,FALSE,FALSE
3915,20,Payal Kale,33,03/09/2024,Female,YouTube,400,240,160,60.00%,1,3,7,20,0.05,3,8,5,Stressed,TRUE,FALSE,FALSE
2445,21,Payal Kale,41,02/08/2024,Male,YouTube,276,166,110,60.14%,1,2,7.6,32,0.115942029,3,7,6,Stressed,TRUE,FALSE,FALSE
87,22,Payal Kale,47,24/02/2025,Female,Facebook,156,55,101,35.26%,0,0,8.2,44,0.2820512821,1,5,7,Healthy,TRUE,FALSE,FALSE
3,23,Payal Kale,67,25/05/2025,Female,WhatsApp,146,36,110,24.66%,0,0,8.3,45,0.3082191781,1,5,7,Healthy,TRUE,FALSE,FALSE
1431,24,Ishaan Joshi,21,09/04/2024,Female,WhatsApp,498,124,374,24.90%,1,1,6.5,10,0.02008032129,2,7,6,Stressed,FALSE,FALSE,FALSE
4086,24,Ishaan Joshi,22,15/10/2025,Male,Snapchat,455,250,205,54.95%,1,2,6.7,14,0.03076923077,3,8,5,Stressed,TRUE,TRUE,TRUE
4424,24,Ishaan Joshi,23,15/11/2024,Male,YouTube,454,272,182,59.91%,1,4,6.7,15,0.03303964758,3,8,5,Stressed,TRUE,TRUE,TRUE
1262,24,Ishaan Joshi,23,01/10/2024,Male,WhatsApp,474,118,356,24.89%,0,1,6.6,13,0.02742616034,2,7,6,Stressed,TRUE,TRUE,TRUE
3243,25,Ishaan Joshi,31,09/02/2024,Female,YouTube,339,203,136,59.88%,1,3,7.3,26,0.07669616519,3,7,6,Stressed,TRUE,FALSE,FALSE
4,26,Ishaan Joshi,59,07/09/2024,Male,WhatsApp,142,36,106,25.35%,0,0,8.3,46,0.323943662,1,5,7,Healthy,TRUE,FALSE,FALSE
53,27,Ishaan Joshi,67,09/10/2024,Female,WhatsApp,204,51,153,25.00%,0,0,8,40,0.1960784314,1,5,7,Healthy,TRUE,FALSE,FALSE
4845,28,Myra Patel,22,11/02/2024,Female,TikTok,475,309,166,65.05%,2,3,6.6,12,0.02526315789,4,9,4,Stressed,FALSE,FALSE,FALSE
3362,29,Myra Patel,28,02/12/2024,Male,TikTok,323,210,113,65.02%,1,2,7.4,28,0.0866873065,3,7,6,Stressed,TRUE,FALSE,FALSE
3319,30,Myra Patel,33,11/09/2024,Female,Snapchat,377,207,170,54.91%,1,2,7.1,22,0.05835543767,3,7,6,Stressed,TRUE,FALSE,FALSE
1309,31,Myra Patel,42,19/02/2024,Male,Instagram,241,120,121,49.79%,0,2,7.8,36,0.1493775934,2,6,6,Stressed,TRUE,FALSE,FALSE
1308,32,Myra Patel,44,12/09/2025,Male,YouTube,200,120,80,60.00%,0,2,8,40,0.2,2,6,6,Stressed,TRUE,FALSE,FALSE
5,33,Myra Patel,64,16/09/2025,Female,WhatsApp,143,36,107,25.17%,0,0,8.3,46,0.3216783217,1,5,7,Healthy,TRUE,FALSE,FALSE
776,34,Payal Yadav,28,28/05/2025,Male,WhatsApp,390,98,292,25.13%,0,1,7,21,0.05384615385,2,6,6,Stressed,FALSE,FALSE,FALSE
1340,35,Payal Yadav,34,04/11/2024,Female,Facebook,345,121,224,35.07%,1,1,7.3,26,0.07536231884,2,7,6,Stressed,TRUE,FALSE,FALSE
233,36,Payal Yadav,41,07/10/2025,Female,WhatsApp,275,69,206,25.09%,0,1,7.6,32,0.1163636364,1,6,7,Stressed,TRUE,FALSE,FALSE
6,37,Payal Yadav,63,01/02/2025,Female,WhatsApp,149,37,112,24.83%,0,0,8.3,45,0.3020134228,1,5,7,Healthy,TRUE,FALSE,FALSE
1793,38,Meera Patel,13,01/05/2025,Female,Facebook,387,135,252,34.88%,1,1,7.1,21,0.05426356589,2,7,6,Stressed,FALSE,FALSE,FALSE
3547,39,Meera Patel,15,23/02/2024,Male,Instagram,439,220,219,50.11%,1,3,6.8,16,0.03644646925,3,8,5,Stressed,TRUE,FALSE,FALSE
4238,40,Meera Patel,18,22/09/2024,Male,TikTok,397,258,139,64.99%,2,2,7,20,0.05037783375,4,9,4,Stressed,TRUE,FALSE,FALSE
4211,41,Meera Patel,23,20/01/2025,Female,Instagram,512,256,256,50.00%,1,3,6.4,9,0.017578125,3,8,5,Stressed,TRUE,FALSE,FALSE
4438,41,Meera Patel,24,07/04/2024,Male,YouTube,455,273,182,60.00%,1,4,6.7,14,0.03076923077,3,8,5,Stressed,TRUE,TRUE,TRUE
7,42,Meera Patel,68,31/10/2024,Female,WhatsApp,149,37,112,24.83%,0,0,8.3,45,0.3020134228,1,5,7,Healthy,TRUE,FALSE,FALSE
2622,43,Anika Ghosh,16,06/10/2024,Female,Twitter,437,175,262,40.05%,1,2,6.8,16,0.03661327231,3,8,5,Stressed,FALSE,FALSE,FALSE
1422,44,Anika Ghosh,19,07/10/2025,Female,WhatsApp,492,123,369,25.00%,1,1,6.5,11,0.02235772358,2,7,6,Stressed,TRUE,FALSE,FALSE
2727,44,Anika Ghosh,20,31/01/2025,Male,Facebook,511,179,332,35.03%,1,2,6.4,9,0.01761252446,3,8,5,Stressed,TRUE,TRUE,TRUE
1265,44,Anika Ghosh,21,15/10/2024,Female,WhatsApp,470,118,352,25.11%,0,1,6.6,13,0.02765957447,2,7,6,Stressed,TRUE,TRUE,TRUE
783,45,Anika Ghosh,29,28/10/2025,Female,WhatsApp,392,98,294,25.00%,0,1,7,21,0.05357142857,2,6,6,Stressed,TRUE,FALSE,FALSE
2515,46,Anika Ghosh,35,21/10/2025,Male,Instagram,340,170,170,50.00%,1,2,7.3,26,0.07647058824,3,7,6,Stressed,TRUE,FALSE,FALSE
317,47,Anika Ghosh,38,12/09/2024,Male,Facebook,224,78,146,34.82%,0,1,7.9,38,0.1696428571,1,5,7,Healthy,TRUE,FALSE,FALSE
41,48,Anika Ghosh,40,07/07/2024,Male,WhatsApp,200,50,150,25.00%,0,0,8,40,0.2,1,5,7,Healthy,TRUE,FALSE,FALSE
1620,48,Anika Ghosh,41,08/10/2024,Female,YouTube,215,129,86,60.00%,1,2,7.9,38,0.176744186,2,6,6,Stressed,TRUE,TRUE,TRUE
178,49,Anika Ghosh,45,22/01/2025,Female,WhatsApp,254,64,190,25.20%,0,1,7.7,35,0.1377952756,1,5,7,At_Risk,TRUE,FALSE,FALSE
1387,50,Anika Ghosh,52,14/06/2024,Male,YouTube,204,122,82,59.80%,1,2,8,40,0.1960784314,2,6,6,Stressed,TRUE,FALSE,FALSE
8,51,Anika Ghosh,55,18/05/2024,Female,WhatsApp,151,38,113,25.17%,0,0,8.2,45,0.298013245,1,5,7,Healthy,TRUE,FALSE,FALSE
3012,52,Meera Naidu,16,16/09/2025,Female,Instagram,384,192,192,50.00%,1,3,7.1,22,0.05729166667,3,7,6,Stressed,FALSE,FALSE,FALSE
4628,53,Meera Naidu,25,08/11/2024,Male,YouTube,482,289,193,59.96%,1,4,6.6,12,0.02489626556,3,8,5,Stressed,TRUE,FALSE,FALSE
406,54,Meera Naidu,33,24/09/2024,Female,WhatsApp,330,82,248,24.85%,0,1,7.4,27,0.08181818182,1,6,7,Stressed,TRUE,FALSE,FALSE
1225,54,Meera Naidu,33,02/05/2025,Female,Facebook,333,117,216,35.14%,0,1,7.3,27,0.08108108108,2,6,6,Stressed,TRUE,TRUE,TRUE
1380,54,Meera Naidu,34,05/09/2024,Male,Facebook,349,122,227,34.96%,1,1,7.3,25,0.07163323782,2,7,6,Stressed,TRUE,TRUE,TRUE
870,55,Meera Naidu,45,16/07/2025,Female,Twitter,258,103,155,39.92%,1,1,7.7,34,0.1317829457,2,6,6,Stressed,TRUE,FALSE,FALSE
9,56,Meera Naidu,56,25/06/2024,Male,WhatsApp,150,38,112,25.33%,0,0,8.2,45,0.3,1,5,7,Healthy,TRUE,FALSE,FALSE
592,57,Meera Naidu,63,29/11/2024,Female,YouTube,150,90,60,60.00%,0,1,8.2,45,0.3,2,6,6,Stressed,TRUE,FALSE,FALSE
4415,58,Anika Pawar,15,31/12/2024,Female,YouTube,452,271,181,59.96%,1,4,6.7,15,0.03318584071,3,8,5,Stressed,FALSE,FALSE,FALSE
4822,59,Anika Pawar,21,18/01/2024,Female,TikTok,472,307,165,65.04%,2,3,6.6,13,0.02754237288,4,9,4,Stressed,TRUE,FALSE,FALSE
1921,60,Anika Pawar,33,15/06/2025,Male,Twitter,351,140,211,39.89%,1,1,7.2,25,0.07122507123,2,7,6,Stressed,TRUE,FALSE,FALSE
10,61,Anika Pawar,51,02/04/2024,Male,WhatsApp,151,38,113,25.17%,0,0,8.2,45,0.298013245,1,5,7,Healthy,TRUE,FALSE,FALSE
4410,62,Ananya Ansari,25,07/06/2024,Male,YouTube,451,271,180,60.09%,1,4,6.7,15,0.0332594235,3,8,5,Stressed,FALSE,FALSE,FALSE
2382,62,Ananya Ansari,25,03/01/2025,Male,Facebook,467,163,304,34.90%,1,1,6.7,13,0.0278372591,3,8,5,Stressed,TRUE,TRUE,TRUE
2899,63,Ananya Ansari,29,30/12/2024,Female,Instagram,372,186,186,50.00%,1,2,7.1,23,0.06182795699,3,7,6,Stressed,TRUE,FALSE,FALSE
1303,64,Ananya Ansari,39,21/03/2025,Male,Instagram,239,120,119,50.21%,0,2,7.8,36,0.1506276151,2,6,6,Stressed,TRUE,FALSE,FALSE
351,65,Ananya Ansari,42,06/06/2025,Male,Facebook,229,80,149,34.93%,0,1,7.9,37,0.1615720524,1,5,7,Healthy,TRUE,FALSE,FALSE
11,66,Ananya Ansari,56,19/03/2024,Female,WhatsApp,155,39,116,25.16%,0,0,8.2,44,0.2838709677,1,5,7,Healthy,TRUE,FALSE,FALSE
670,66,Ananya Ansari,57,24/01/2025,Male,YouTube,157,94,63,59.87%,0,1,8.2,44,0.2802547771,2,6,6,Stressed,TRUE,TRUE,TRUE
3428,67,Aditya Kulkarni,29,13/12/2024,Female,YouTube,355,213,142,60.00%,1,3,7.2,24,0.0676056338,3,7,6,Stressed,FALSE,FALSE,FALSE
89,68,Aditya Kulkarni,43,20/04/2024,Female,WhatsApp,219,55,164,25.11%,0,0,7.9,38,0.1735159817,1,5,7,Healthy,TRUE,FALSE,FALSE
853,69,Aditya Kulkarni,58,20/12/2024,Male,YouTube,170,102,68,60.00%,0,1,8.2,43,0.2529411765,2,6,6,Stressed,TRUE,FALSE,FALSE
12,69,Aditya Kulkarni,59,05/11/2025,Female,WhatsApp,161,40,121,24.84%,0,0,8.2,44,0.2732919255,1,5,7,Healthy,TRUE,TRUE,TRUE
879,70,Aditya Kulkarni,61,21/03/2025,Male,Instagram,208,104,104,50.00%,0,1,8,39,0.1875,2,6,6,Stressed,TRUE,FALSE,FALSE
4251,71,Anika Nair,13,24/02/2024,Male,YouTube,430,258,172,60.00%,1,3,6.8,17,0.03953488372,3,8,5,Stressed,FALSE,FALSE,FALSE
3673,72,Anika Nair,28,25/03/2024,Male,TikTok,349,227,122,65.04%,2,2,7.3,25,0.07163323782,3,8,5,Stressed,TRUE,FALSE,FALSE
2766,72,Anika Nair,28,27/02/2024,Male,Instagram,362,181,181,50.00%,1,2,7.2,24,0.06629834254,3,7,6,Stressed,TRUE,TRUE,TRUE
4043,73,Anika Nair,30,18/10/2024,Male,TikTok,381,248,133,65.09%,2,2,7.1,22,0.05774278215,4,8,5,Stressed,TRUE,FALSE,FALSE
705,74,Anika Nair,43,09/11/2025,Male,Twitter,238,95,143,39.92%,1,1,7.8,36,0.1512605042,2,6,6,Stressed,TRUE,FALSE,FALSE
924,75,Anika Nair,58,23/06/2025,Male,Instagram,214,107,107,50.00%,0,1,7.9,39,0.1822429907,2,6,6,Stressed,TRUE,FALSE,FALSE
13,76,Anika Nair,63,14/01/2025,Male,WhatsApp,164,41,123,25.00%,0,0,8.2,44,0.2682926829,1,5,7,Healthy,TRUE,FALSE,FALSE
1175,77,Aarav Roy,33,07/10/2025,Female,Facebook,330,115,215,34.85%,0,1,7.4,27,0.08181818182,2,6,6,Stressed,FALSE,FALSE,FALSE
862,78,Aarav Roy,37,28/04/2024,Female,Twitter,254,102,152,40.16%,1,1,7.7,35,0.1377952756,2,6,6,Stressed,TRUE,FALSE,FALSE
404,79,Aarav Roy,43,15/05/2025,Male,Twitter,204,82,122,40.20%,1,1,8,40,0.1960784314,2,6,6,Stressed,TRUE,FALSE,FALSE
199,80,Aarav Roy,49,17/01/2025,Female,Facebook,186,65,121,34.95%,0,1,8.1,41,0.2204301075,1,5,7,Healthy,TRUE,FALSE,FALSE
14,81,Aarav Roy,66,21/08/2024,Female,WhatsApp,163,41,122,25.15%,0,0,8.2,44,0.2699386503,1,5,7,Healthy,TRUE,FALSE,FALSE
591,82,Vihaan Banerjee,27,17/11/2024,Male,WhatsApp,360,90,270,25.00%,0,1,7.2,24,0.06666666667,2,6,6,Stressed,FALSE,FALSE,FALSE
2999,82,Vihaan Banerjee,27,26/09/2025,Female,Instagram,383,192,191,50.13%,1,3,7.1,22,0.05744125326,3,7,6,Stressed,TRUE,TRUE,TRUE
2123,83,Vihaan Banerjee,30,02/04/2025,Male,Twitter,382,153,229,40.05%,1,1,7.1,22,0.05759162304,2,7,6,Stressed,TRUE,FALSE,FALSE
2069,83,Vihaan Banerjee,31,14/02/2024,Female,Twitter,376,150,226,39.89%,1,1,7.1,22,0.0585106383,2,7,6,Stressed,TRUE,TRUE,TRUE
579,83,Vihaan Banerjee,32,19/03/2024,Male,WhatsApp,358,90,268,25.14%,0,1,7.2,24,0.06703910615,2,6,6,Stressed,TRUE,TRUE,TRUE
3148,83,Vihaan Banerjee,32,14/12/2024,Female,Snapchat,360,198,162,55.00%,1,2,7.2,24,0.06666666667,3,7,6,Stressed,TRUE,TRUE,TRUE
3372,83,Vihaan Banerjee,32,21/09/2024,Female,Snapchat,384,211,173,54.95%,1,2,7.1,22,0.05729166667,3,7,6,Stressed,TRUE,TRUE,TRUE
2030,83,Vihaan Banerjee,33,20/04/2025,Female,Twitter,367,147,220,40.05%,1,1,7.2,23,0.06267029973,2,7,6,Stressed,TRUE,TRUE,TRUE
15,84,Vihaan Banerjee,48,07/10/2025,Male,WhatsApp,163,41,122,25.15%,0,0,8.2,44,0.2699386503,1,5,7,Healthy,TRUE,FALSE,FALSE
61,85,Vihaan Banerjee,69,14/02/2025,Female,Facebook,149,52,97,34.90%,0,0,8.3,45,0.3020134228,1,5,7,Healthy,TRUE,FALSE,FALSE
3883,86,Vihaan Deshmukh,19,03/06/2024,Male,Instagram,477,238,239,49.90%,1,3,6.6,12,0.0251572327,3,8,5,Stressed,FALSE,FALSE,FALSE
438,87,Vihaan Deshmukh,30,19/11/2024,Female,WhatsApp,337,84,253,24.93%,0,1,7.3,26,0.07715133531,1,6,7,Stressed,TRUE,FALSE,FALSE
377,88,Vihaan Deshmukh,33,31/12/2024,Female,WhatsApp,325,81,244,24.92%,0,1,7.4,28,0.08615384615,1,6,7,Stressed,TRUE,FALSE,FALSE
1616,89,Vihaan Deshmukh,41,22/03/2025,Female,Snapchat,235,129,106,54.89%,1,1,7.8,36,0.1531914894,2,6,6,Stressed,TRUE,FALSE,FALSE
16,90,Vihaan Deshmukh,63,24/06/2025,Male,WhatsApp,167,42,125,25.15%,0,0,8.2,43,0.2574850299,1,5,7,Healthy,TRUE,FALSE,FALSE
4229,91,Pooja Yadav,16,08/02/2025,Female,YouTube,428,257,171,60.05%,1,3,6.9,17,0.03971962617,3,8,5,Stressed,FALSE,FALSE,FALSE
1234,92,Pooja Yadav,20,14/08/2024,Female,WhatsApp,468,117,351,25.00%,0,1,6.7,13,0.02777777778,2,7,6,Stressed,TRUE,FALSE,FALSE
4923,93,Pooja Yadav,23,17/10/2024,Female,TikTok,495,322,173,65.05%,2,3,6.5,10,0.0202020202,4,9,4,Stressed,TRUE,FALSE,FALSE
4205,94,Pooja Yadav,25,14/04/2025,Female,Instagram,511,256,255,50.10%,1,3,6.4,9,0.01761252446,3,8,5,Stressed,TRUE,FALSE,FALSE
3109,95,Pooja Yadav,34,14/03/2025,Female,Instagram,393,196,197,49.87%,1,3,7,21,0.0534351145,3,8,5,Stressed,TRUE,FALSE,FALSE
2256,96,Pooja Yadav,44,15/03/2024,Male,YouTube,264,158,106,59.85%,1,2,7.7,34,0.1287878788,2,6,6,Stressed,TRUE,FALSE,FALSE
1619,96,Pooja Yadav,45,16/02/2024,Male,Instagram,258,129,129,50.00%,1,2,7.7,34,0.1317829457,2,6,6,Stressed,TRUE,TRUE,TRUE
17,97,Pooja Yadav,49,30/09/2025,Female,WhatsApp,168,42,126,25.00%,0,0,8.2,43,0.255952381,1,5,7,Healthy,TRUE,FALSE,FALSE
3203,98,Vihaan Shinde,19,30/10/2024,Other,Twitter,500,200,300,40.00%,1,2,6.5,10,0.02,3,8,5,Stressed,FALSE,FALSE,FALSE
1150,99,Vihaan Shinde,27,16/05/2024,Female,Facebook,329,115,214,34.95%,0,1,7.4,27,0.0820668693,2,6,6,Stressed,TRUE,FALSE,FALSE
689,99,Vihaan Shinde,27,01/07/2025,Female,WhatsApp,377,94,283,24.93%,0,1,7.1,22,0.05835543767,2,6,6,Stressed,TRUE,TRUE,TRUE
1249,100,Vihaan Shinde,51,20/02/2025,Male,TikTok,182,118,64,64.84%,1,1,8.1,42,0.2307692308,2,6,6,Stressed,TRUE,FALSE,FALSE
18,101,Vihaan Shinde,56,07/05/2024,Male,WhatsApp,167,42,125,25.15%,0,0,8.2,43,0.2574850299,1,5,7,Healthy,TRUE,FALSE,FALSE
2363,102,Meera Ghosh,20,10/01/2025,Female,Facebook,462,162,300,35.06%,1,1,6.7,14,0.0303030303,2,7,6,Stressed,FALSE,FALSE,FALSE
2542,103,Meera Ghosh,22,27/05/2024,Male,Facebook,491,172,319,35.03%,1,2,6.5,11,0.02240325866,3,8,5,Stressed,TRUE,FALSE,FALSE
435,104,Meera Ghosh,29,27/03/2024,Female,WhatsApp,336,84,252,25.00%,0,1,7.3,26,0.07738095238,1,6,7,Stressed,TRUE,FALSE,FALSE
1632,105,Meera Ghosh,33,28/10/2024,Male,Twitter,322,129,193,40.06%,1,1,7.4,28,0.08695652174,2,7,6,Stressed,TRUE,FALSE,FALSE
373,106,Meera Ghosh,39,07/08/2025,Female,Facebook,231,81,150,35.06%,0,1,7.8,37,0.1601731602,1,5,7,Healthy,TRUE,FALSE,FALSE
19,107,Meera Ghosh,53,18/03/2025,Other,WhatsApp,172,43,129,25.00%,0,0,8.1,43,0.25,1,5,7,Healthy,TRUE,FALSE,FALSE
3016,108,Ishaan Gupta,13,17/02/2025,Male,Instagram,386,193,193,50.00%,1,3,7.1,21,0.05440414508,3,8,5,Stressed,FALSE,FALSE,FALSE
1368,109,Ishaan Gupta,25,29/10/2024,Male,WhatsApp,489,122,367,24.95%,1,1,6.6,11,0.02249488753,2,7,6,Stressed,TRUE,FALSE,FALSE
1406,110,Ishaan Gupta,38,07/03/2025,Male,YouTube,205,123,82,60.00%,1,2,8,40,0.1951219512,2,6,6,Stressed,TRUE,FALSE,FALSE
157,111,Ishaan Gupta,54,01/09/2024,Male,Twitter,152,61,91,40.13%,0,1,8.2,45,0.2960526316,1,5,7,Healthy,TRUE,FALSE,FALSE
20,112,Ishaan Gupta,64,08/06/2024,Male,WhatsApp,171,43,128,25.15%,0,0,8.1,43,0.2514619883,1,5,7,Healthy,TRUE,FALSE,FALSE
4904,113,Aditi Shinde,21,02/05/2025,Female,TikTok,491,319,172,64.97%,2,3,6.5,11,0.02240325866,4,9,4,Stressed,FALSE,FALSE,FALSE
4581,113,Aditi Shinde,21,10/04/2025,Female,Snapchat,518,285,233,55.02%,1,3,6.4,8,0.01544401544,3,8,5,Stressed,TRUE,TRUE,TRUE
2922,113,Aditi Shinde,22,15/09/2025,Female,Twitter,471,188,283,39.92%,1,2,6.6,13,0.02760084926,3,8,5,Stressed,TRUE,TRUE,TRUE
4700,113,Aditi Shinde,23,06/04/2025,Female,TikTok,453,294,159,64.90%,2,3,6.7,15,0.03311258278,4,9,4,Stressed,TRUE,TRUE,TRUE
3186,114,Aditi Shinde,28,07/02/2025,Male,Instagram,400,200,200,50.00%,1,3,7,20,0.05,3,8,5,Stressed,TRUE,FALSE,FALSE
2780,115,Aditi Shinde,37,09/06/2025,Female,TikTok,279,181,98,64.87%,1,2,7.6,32,0.1146953405,3,7,6,Stressed,TRUE,FALSE,FALSE
21,116,Aditi Shinde,52,06/02/2025,Female,WhatsApp,173,43,130,24.86%,0,0,8.1,43,0.2485549133,1,5,7,Healthy,TRUE,FALSE,FALSE
1809,117,Aditi Shinde,66,30/06/2025,Female,TikTok,210,136,74,64.76%,1,1,8,39,0.1857142857,2,6,6,Stressed,TRUE,FALSE,FALSE
105,118,Aditi Shinde,68,02/04/2024,Female,Facebook,161,56,105,34.78%,0,0,8.2,44,0.2732919255,1,5,7,Healthy,TRUE,FALSE,FALSE
22,119,Aarohi Sharma,62,26/08/2025,Male,WhatsApp,175,44,131,25.14%,0,0,8.1,42,0.24,1,5,7,Healthy,FALSE,FALSE,FALSE
1145,120,Krishna Nair,23,06/08/2024,Female,WhatsApp,461,115,346,24.95%,0,1,6.7,14,0.03036876356,2,7,6,Stressed,FALSE,FALSE,FALSE
3020,121,Krishna Nair,27,19/10/2025,Male,Instagram,386,193,193,50.00%,1,3,7.1,21,0.05440414508,3,8,5,Stressed,TRUE,FALSE,FALSE
1335,122,Krishna Nair,31,05/08/2025,Male,Facebook,345,121,224,35.07%,1,1,7.3,26,0.07536231884,2,7,6,Stressed,TRUE,FALSE,FALSE
2411,123,Krishna Nair,41,26/05/2025,Other,TikTok,254,165,89,64.96%,1,1,7.7,35,0.1377952756,3,7,5,Stressed,TRUE,FALSE,FALSE
23,124,Krishna Nair,46,04/10/2025,Female,WhatsApp,180,45,135,25.00%,0,0,8.1,42,0.2333333333,1,5,7,Healthy,TRUE,FALSE,FALSE
2107,125,Ananya Iyer,16,22/10/2025,Female,Twitter,381,152,229,39.90%,1,1,7.1,22,0.05774278215,2,7,6,Stressed,FALSE,FALSE,FALSE
4710,126,Ananya Iyer,21,04/03/2025,Female,YouTube,491,295,196,60.08%,1,4,6.5,11,0.02240325866,3,8,5,Stressed,TRUE,FALSE,FALSE
3332,126,Ananya Iyer,21,12/02/2024,Male,Twitter,519,208,311,40.08%,1,2,6.4,8,0.01541425819,3,8,5,Stressed,TRUE,TRUE,TRUE
24,127,Ananya Iyer,60,03/07/2024,Male,WhatsApp,180,45,135,25.00%,0,0,8.1,42,0.2333333333,1,5,7,Healthy,TRUE,FALSE,FALSE
978,128,Sonal Banerjee,21,08/06/2024,Female,WhatsApp,442,110,332,24.89%,0,1,6.8,16,0.03619909502,2,7,6,Stressed,FALSE,FALSE,FALSE
4681,128,Sonal Banerjee,22,18/10/2024,Male,TikTok,449,292,157,65.03%,2,3,6.8,15,0.03340757238,4,9,4,Stressed,TRUE,TRUE,TRUE
2470,128,Sonal Banerjee,22,08/01/2024,Female,Facebook,479,168,311,35.07%,1,1,6.6,12,0.02505219207,3,8,5,Stressed,TRUE,TRUE,TRUE
4289,129,Sonal Banerjee,31,16/06/2024,Male,TikTok,400,260,140,65.00%,2,2,7,20,0.05,4,9,4,Stressed,TRUE,FALSE,FALSE
147,130,Sonal Banerjee,44,19/08/2025,Male,WhatsApp,240,60,180,25.00%,0,1,7.8,36,0.15,1,5,7,At_Risk,TRUE,FALSE,FALSE
25,131,Sonal Banerjee,49,10/04/2024,Female,WhatsApp,181,45,136,24.86%,0,0,8.1,42,0.2320441989,1,5,7,Healthy,TRUE,FALSE,FALSE
4546,132,Sonal Rathod,16,23/02/2025,Male,TikTok,434,282,152,64.98%,2,3,6.8,17,0.03917050691,4,9,4,Stressed,FALSE,FALSE,FALSE
4994,133,Sonal Rathod,19,01/09/2024,Female,TikTok,518,337,181,65.06%,2,3,6.4,8,0.01544401544,4,9,4,Stressed,TRUE,FALSE,FALSE
2605,134,Sonal Rathod,22,21/08/2025,Female,Facebook,496,174,322,35.08%,1,2,6.5,10,0.02016129032,3,8,5,Stressed,TRUE,FALSE,FALSE
3652,134,Sonal Rathod,23,26/02/2024,Male,Instagram,453,226,227,49.89%,1,3,6.7,15,0.03311258278,3,8,5,Stressed,TRUE,TRUE,TRUE
4199,134,Sonal Rathod,24,12/07/2025,Female,Snapchat,466,256,210,54.94%,1,2,6.7,13,0.02789699571,3,8,5,Stressed,TRUE,TRUE,TRUE
2219,135,Sonal Rathod,44,28/06/2025,Male,YouTube,260,156,104,60.00%,1,2,7.7,34,0.1307692308,2,6,6,Stressed,TRUE,FALSE,FALSE
26,136,Sonal Rathod,59,03/02/2024,Female,WhatsApp,184,46,138,25.00%,0,0,8.1,42,0.2282608696,1,5,7,Healthy,TRUE,FALSE,FALSE
652,137,Sonal Rathod,67,30/06/2025,Other,Instagram,186,93,93,50.00%,0,1,8.1,41,0.2204301075,2,6,6,Stressed,TRUE,FALSE,FALSE
4754,138,Vihaan Sharma,22,20/09/2025,Female,YouTube,499,299,200,59.92%,1,4,6.5,10,0.02004008016,3,8,5,Stressed,FALSE,FALSE,FALSE
4876,138,Vihaan Sharma,23,15/05/2025,Female,TikTok,481,313,168,65.07%,2,3,6.6,12,0.02494802495,4,9,4,Stressed,TRUE,TRUE,TRUE
4926,139,Vihaan Sharma,25,09/12/2024,Male,TikTok,496,322,174,64.92%,2,3,6.5,10,0.02016129032,4,9,4,Stressed,TRUE,FALSE,FALSE
1857,140,Vihaan Sharma,28,22/10/2025,Male,Twitter,344,138,206,40.12%,1,1,7.3,26,0.07558139535,2,7,6,Stressed,TRUE,FALSE,FALSE
3631,141,Vihaan Sharma,32,04/10/2024,Male,YouTube,375,225,150,60.00%,1,3,7.1,22,0.05866666667,3,7,6,Stressed,TRUE,FALSE,FALSE
2136,141,Vihaan Sharma,33,09/04/2025,Female,Twitter,383,153,230,39.95%,1,1,7.1,22,0.05744125326,2,7,6,Stressed,TRUE,TRUE,TRUE
27,142,Vihaan Sharma,49,27/07/2024,Female,WhatsApp,183,46,137,25.14%,0,0,8.1,42,0.2295081967,1,5,7,Healthy,TRUE,FALSE,FALSE
28,143,Saanvi Shinde,62,03/10/2024,Female,WhatsApp,186,46,140,24.73%,0,0,8.1,41,0.2204301075,1,5,7,Healthy,FALSE,FALSE,FALSE
3827,144,Reyansh Shinde,20,18/04/2025,Male,Instagram,471,236,235,50.11%,1,3,6.6,13,0.02760084926,3,8,5,Stressed,FALSE,FALSE,FALSE
2412,145,Reyansh Shinde,24,14/11/2024,Female,Facebook,472,165,307,34.96%,1,1,6.6,13,0.02754237288,3,8,5,Stressed,TRUE,FALSE,FALSE
4483,145,Reyansh Shinde,25,01/10/2024,Male,YouTube,460,276,184,60.00%,1,4,6.7,14,0.03043478261,3,8,5,Stressed,TRUE,TRUE,TRUE
2261,145,Reyansh Shinde,26,19/01/2025,Male,Twitter,396,158,238,39.90%,1,1,7,20,0.05050505051,2,7,6,Stressed,TRUE,TRUE,TRUE
1897,146,Reyansh Shinde,28,10/02/2025,Female,Facebook,398,139,259,34.92%,1,1,7,20,0.05025125628,2,7,6,Stressed,TRUE,FALSE,FALSE
1718,147,Reyansh Shinde,39,12/09/2024,Female,Snapchat,240,132,108,55.00%,1,1,7.8,36,0.15,2,6,6,Stressed,TRUE,FALSE,FALSE
29,148,Reyansh Shinde,46,15/03/2025,Male,WhatsApp,189,47,142,24.87%,0,0,8.1,41,0.2169312169,1,5,7,Healthy,TRUE,FALSE,FALSE
3384,149,Payal Menon,13,19/10/2024,Female,Snapchat,384,211,173,54.95%,1,2,7.1,22,0.05729166667,3,7,6,Stressed,FALSE,FALSE,FALSE
4063,149,Payal Menon,14,29/10/2024,Male,YouTube,415,249,166,60.00%,1,3,6.9,18,0.04337349398,3,8,5,Stressed,TRUE,TRUE,TRUE
4364,150,Payal Menon,20,08/06/2025,Female,Snapchat,485,267,218,55.05%,1,2,6.6,12,0.02474226804,3,8,5,Stressed,TRUE,FALSE,FALSE
4963,151,Payal Menon,22,06/11/2025,Male,TikTok,509,331,178,65.03%,2,3,6.5,9,0.01768172888,4,9,4,Stressed,TRUE,FALSE,FALSE
2787,151,Payal Menon,23,01/09/2025,Female,Twitter,452,181,271,40.04%,1,2,6.7,15,0.03318584071,3,8,5,Stressed,TRUE,TRUE,TRUE
495,152,Payal Menon,31,29/05/2025,Female,WhatsApp,344,86,258,25.00%,0,1,7.3,26,0.07558139535,1,6,7,Stressed,TRUE,FALSE,FALSE
3724,152,Payal Menon,32,19/09/2025,Male,TikTok,354,230,124,64.97%,2,2,7.2,25,0.07062146893,3,8,5,Stressed,TRUE,TRUE,TRUE
358,152,Payal Menon,33,08/04/2025,Female,WhatsApp,320,80,240,25.00%,0,1,7.4,28,0.0875,1,6,7,Stressed,TRUE,TRUE,TRUE
31,153,Payal Menon,55,11/01/2024,Male,WhatsApp,187,47,140,25.13%,0,0,8.1,41,0.2192513369,1,5,7,Healthy,TRUE,FALSE,FALSE
1449,154,Pooja Deshmukh,21,29/01/2025,Male,WhatsApp,495,124,371,25.05%,1,1,6.5,10,0.0202020202,2,7,6,Stressed,FALSE,FALSE,FALSE
1345,155,Pooja Deshmukh,24,27/04/2024,Female,WhatsApp,483,121,362,25.05%,1,1,6.6,12,0.0248447205,2,7,6,Stressed,TRUE,FALSE,FALSE
598,156,Pooja Deshmukh,49,19/09/2025,Male,Instagram,179,90,89,50.28%,0,1,8.1,42,0.2346368715,2,6,6,Stressed,TRUE,FALSE,FALSE
32,157,Pooja Deshmukh,51,28/05/2024,Female,WhatsApp,187,47,140,25.13%,0,0,8.1,41,0.2192513369,1,5,7,Healthy,TRUE,FALSE,FALSE
487,158,Pooja Deshmukh,61,24/01/2025,Male,Instagram,172,86,86,50.00%,0,1,8.1,43,0.25,1,5,7,Healthy,TRUE,FALSE,FALSE
3665,159,Ananya Reddy,13,07/05/2025,Female,Instagram,454,227,227,50.00%,1,3,6.7,15,0.03303964758,3,8,5,Stressed,FALSE,FALSE,FALSE
3357,160,Ananya Reddy,27,12/03/2024,Female,YouTube,349,209,140,59.89%,1,3,7.3,25,0.07163323782,3,7,6,Stressed,TRUE,FALSE,FALSE
458,161,Ananya Reddy,39,03/10/2025,Female,Facebook,244,85,159,34.84%,0,1,7.8,36,0.1475409836,1,5,7,At_Risk,TRUE,FALSE,FALSE
1661,161,Ananya Reddy,40,13/08/2025,Female,Snapchat,236,130,106,55.08%,1,1,7.8,36,0.1525423729,2,6,6,Stressed,TRUE,TRUE,TRUE
33,162,Ananya Reddy,62,23/08/2025,Other,WhatsApp,192,48,144,25.00%,0,0,8,41,0.2135416667,1,5,7,Healthy,TRUE,FALSE,FALSE
4514,163,Krishna Rawat,19,04/10/2024,Female,YouTube,466,280,186,60.09%,1,4,6.7,13,0.02789699571,3,8,5,Stressed,FALSE,FALSE,FALSE
1261,163,Krishna Rawat,19,16/07/2025,Female,WhatsApp,470,118,352,25.11%,0,1,6.6,13,0.02765957447,2,7,6,Stressed,TRUE,TRUE,TRUE
2012,164,Krishna Rawat,34,10/11/2024,Male,Twitter,364,146,218,40.11%,1,1,7.2,24,0.06593406593,2,7,6,Stressed,TRUE,FALSE,FALSE
34,165,Krishna Rawat,52,08/07/2025,Male,WhatsApp,192,48,144,25.00%,0,0,8,41,0.2135416667,1,5,7,Healthy,TRUE,FALSE,FALSE
2132,166,Avni Saxena,14,30/04/2025,Male,Twitter,382,153,229,40.05%,1,1,7.1,22,0.05759162304,2,7,6,Stressed,FALSE,FALSE,FALSE
4055,167,Avni Saxena,17,12/01/2024,Female,YouTube,413,248,165,60.05%,1,3,6.9,19,0.04600484262,3,8,5,Stressed,TRUE,FALSE,FALSE
4571,167,Avni Saxena,17,18/03/2024,Female,TikTok,437,284,153,64.99%,2,3,6.8,16,0.03661327231,4,9,4,Stressed,TRUE,TRUE,TRUE
2666,168,Avni Saxena,19,29/01/2025,Female,Twitter,442,177,265,40.05%,1,2,6.8,16,0.03619909502,3,8,5,Stressed,TRUE,FALSE,FALSE
4944,168,Avni Saxena,19,04/02/2024,Male,TikTok,503,327,176,65.01%,2,3,6.5,10,0.01988071571,4,9,4,Stressed,TRUE,TRUE,TRUE
4931,169,Avni Saxena,21,11/08/2025,Male,TikTok,498,324,174,65.06%,2,3,6.5,10,0.02008032129,4,9,4,Stressed,TRUE,FALSE,FALSE
4878,170,Avni Saxena,25,14/08/2025,Male,TikTok,481,313,168,65.07%,2,3,6.6,12,0.02494802495,4,9,4,Stressed,TRUE,FALSE,FALSE
2598,171,Avni Saxena,33,16/08/2024,Female,Instagram,349,174,175,49.86%,1,2,7.3,25,0.07163323782,3,7,6,Stressed,TRUE,FALSE,FALSE
65,172,Avni Saxena,55,30/09/2025,Female,Facebook,149,52,97,34.90%,0,0,8.3,45,0.3020134228,1,5,7,Healthy,TRUE,FALSE,FALSE
35,173,Avni Saxena,63,28/09/2024,Male,WhatsApp,191,48,143,25.13%,0,0,8,41,0.2146596859,1,5,7,Healthy,TRUE,FALSE,FALSE
1962,174,Jiya Patel,29,16/12/2024,Female,Twitter,357,143,214,40.06%,1,1,7.2,24,0.06722689076,2,7,6,Stressed,FALSE,FALSE,FALSE
2995,175,Jiya Patel,32,04/05/2024,Female,Snapchat,349,192,157,55.01%,1,2,7.3,25,0.07163323782,3,7,6,Stressed,TRUE,FALSE,FALSE
625,176,Jiya Patel,36,17/07/2025,Male,Facebook,263,92,171,34.98%,0,1,7.7,34,0.1292775665,2,6,6,Stressed,TRUE,FALSE,FALSE
36,177,Jiya Patel,54,22/10/2024,Female,WhatsApp,194,48,146,24.74%,0,0,8,41,0.2113402062,1,5,7,Healthy,TRUE,FALSE,FALSE
4440,178,Shaurya Ghosh,13,04/11/2024,Female,TikTok,420,273,147,65.00%,2,2,6.9,18,0.04285714286,4,9,4,Stressed,FALSE,FALSE,FALSE
4469,179,Shaurya Ghosh,25,21/05/2025,Male,Snapchat,500,275,225,55.00%,1,2,6.5,10,0.02,3,8,5,Stressed,TRUE,FALSE,FALSE
1771,180,Shaurya Ghosh,29,03/04/2025,Male,Twitter,336,134,202,39.88%,1,1,7.3,26,0.07738095238,2,7,6,Stressed,TRUE,FALSE,FALSE
2801,181,Shaurya Ghosh,31,26/02/2024,Other,Instagram,362,181,181,50.00%,1,2,7.2,24,0.06629834254,3,7,6,Stressed,TRUE,FALSE,FALSE
522,182,Shaurya Ghosh,41,12/06/2024,Male,Twitter,219,88,131,40.18%,1,1,7.9,38,0.1735159817,2,6,6,Stressed,TRUE,FALSE,FALSE
37,183,Shaurya Ghosh,57,06/03/2025,Female,Facebook,140,49,91,35.00%,0,0,8.3,46,0.3285714286,1,5,7,Healthy,TRUE,FALSE,FALSE
800,184,Shaurya Ghosh,68,10/02/2024,Male,YouTube,165,99,66,60.00%,0,1,8.2,44,0.2666666667,2,6,6,Stressed,TRUE,FALSE,FALSE
1513,184,Shaurya Ghosh,68,16/09/2025,Male,YouTube,210,126,84,60.00%,1,2,8,39,0.1857142857,2,6,6,Stressed,TRUE,TRUE,TRUE
4420,185,Kavya Ansari,23,16/08/2024,Male,YouTube,454,272,182,59.91%,1,4,6.7,15,0.03303964758,3,8,5,Stressed,FALSE,FALSE,FALSE
4829,185,Kavya Ansari,23,16/08/2024,Female,YouTube,512,307,205,59.96%,1,4,6.4,9,0.017578125,3,8,5,Stressed,TRUE,TRUE,TRUE
3369,186,Kavya Ansari,29,04/12/2024,Female,Snapchat,382,210,172,54.97%,1,2,7.1,22,0.05759162304,3,7,6,Stressed,TRUE,FALSE,FALSE
38,187,Kavya Ansari,63,19/04/2024,Female,Facebook,140,49,91,35.00%,0,0,8.3,46,0.3285714286,1,5,7,Healthy,TRUE,FALSE,FALSE
4958,188,Isha Saxena,23,11/10/2024,Female,TikTok,506,329,177,65.02%,2,3,6.5,9,0.01778656126,4,9,4,Stressed,FALSE,FALSE,FALSE
3157,189,Isha Saxena,32,14/10/2024,Male,Instagram,397,198,199,49.87%,1,3,7,20,0.05037783375,3,8,5,Stressed,TRUE,FALSE,FALSE
4262,190,Isha Saxena,34,16/01/2025,Male,TikTok,398,259,139,65.08%,2,2,7,20,0.05025125628,4,9,4,Stressed,TRUE,FALSE,FALSE
39,191,Isha Saxena,42,09/03/2025,Female,WhatsApp,202,50,152,24.75%,0,0,8,40,0.198019802,1,5,7,Healthy,TRUE,FALSE,FALSE
48,192,Isha Saxena,62,01/01/2025,Female,WhatsApp,203,51,152,25.12%,0,0,8,40,0.197044335,1,5,7,Healthy,TRUE,FALSE,FALSE
4112,193,Aditi Pawar,17,11/10/2025,Male,Snapchat,458,252,206,55.02%,1,2,6.7,14,0.03056768559,3,8,5,Stressed,FALSE,FALSE,FALSE
4065,194,Aditi Pawar,23,18/08/2025,Male,Instagram,498,249,249,50.00%,1,3,6.5,10,0.02008032129,3,8,5,Stressed,TRUE,FALSE,FALSE
3918,195,Aditi Pawar,25,03/02/2025,Female,Instagram,479,240,239,50.10%,1,3,6.6,12,0.02505219207,3,8,5,Stressed,TRUE,FALSE,FALSE
3225,195,Aditi Pawar,26,02/04/2025,Male,Snapchat,368,202,166,54.89%,1,2,7.2,23,0.0625,3,7,6,Stressed,TRUE,TRUE,TRUE
3227,196,Aditi Pawar,28,16/11/2024,Male,Snapchat,368,202,166,54.89%,1,2,7.2,23,0.0625,3,7,6,Stressed,TRUE,FALSE,FALSE
2915,196,Aditi Pawar,29,09/04/2025,Female,Snapchat,340,187,153,55.00%,1,2,7.3,26,0.07647058824,3,7,6,Stressed,TRUE,TRUE,TRUE
2157,197,Aditi Pawar,31,08/09/2024,Other,Twitter,385,154,231,40.00%,1,1,7.1,22,0.05714285714,2,7,6,Stressed,TRUE,FALSE,FALSE
748,198,Aditi Pawar,34,20/08/2025,Male,WhatsApp,389,97,292,24.94%,0,1,7.1,21,0.05398457584,2,6,6,Stressed,TRUE,FALSE,FALSE
2083,199,Aditi Pawar,38,03/09/2024,Male,YouTube,251,151,100,60.16%,1,2,7.7,35,0.1394422311,2,6,6,Stressed,TRUE,FALSE,FALSE
40,200,Aditi Pawar,59,09/04/2025,Female,WhatsApp,198,50,148,25.25%,0,0,8,40,0.202020202,1,5,7,Healthy,TRUE,FALSE,FALSE
4766,201,Meera Joshi,23,15/12/2024,Female,TikTok,462,300,162,64.94%,2,3,6.7,14,0.0303030303,4,9,4,Stressed,FALSE,FALSE,FALSE
42,202,Meera Joshi,37,01/03/2025,Female,WhatsApp,201,50,151,24.88%,0,0,8,40,0.1990049751,1,5,7,Healthy,TRUE,FALSE,FALSE
460,203,Meera Joshi,55,16/07/2025,Male,Snapchat,155,85,70,54.84%,0,1,8.2,44,0.2838709677,1,5,7,Healthy,TRUE,FALSE,FALSE
4719,204,Kavya Gupta,21,27/12/2024,Female,YouTube,494,296,198,59.92%,1,4,6.5,11,0.02226720648,3,8,5,Stressed,FALSE,FALSE,FALSE
1395,204,Kavya Gupta,22,17/02/2025,Male,WhatsApp,486,122,364,25.10%,1,1,6.6,11,0.02263374486,2,7,6,Stressed,TRUE,TRUE,TRUE
2892,204,Kavya Gupta,23,28/01/2024,Female,Twitter,465,186,279,40.00%,1,2,6.7,14,0.03010752688,3,8,5,Stressed,TRUE,TRUE,TRUE
2427,205,Kavya Gupta,42,02/12/2024,Female,TikTok,255,166,89,65.10%,1,1,7.7,34,0.1333333333,3,7,5,Stressed,TRUE,FALSE,FALSE
43,206,Kavya Gupta,52,21/03/2025,Female,Facebook,142,50,92,35.21%,0,0,8.3,46,0.323943662,1,5,7,Healthy,TRUE,FALSE,FALSE
169,207,Kavya Gupta,62,16/05/2024,Female,Facebook,178,62,116,34.83%,0,1,8.1,42,0.2359550562,1,5,7,Healthy,TRUE,FALSE,FALSE
4323,208,Saanvi Pawar,21,03/02/2024,Male,YouTube,441,265,176,60.09%,1,4,6.8,16,0.03628117914,3,8,5,Stressed,FALSE,FALSE,FALSE
3859,208,Saanvi Pawar,22,10/05/2024,Female,Instagram,474,237,237,50.00%,1,3,6.6,13,0.02742616034,3,8,5,Stressed,TRUE,TRUE,TRUE
4969,208,Saanvi Pawar,22,29/09/2024,Male,TikTok,510,332,178,65.10%,2,3,6.4,9,0.01764705882,4,9,4,Stressed,TRUE,TRUE,TRUE
4499,208,Saanvi Pawar,23,24/01/2024,Female,YouTube,463,278,185,60.04%,1,4,6.7,14,0.03023758099,3,8,5,Stressed,TRUE,TRUE,TRUE
4145,208,Saanvi Pawar,23,19/07/2024,Male,Instagram,506,253,253,50.00%,1,3,6.5,9,0.01778656126,3,8,5,Stressed,TRUE,TRUE,TRUE
4297,208,Saanvi Pawar,24,20/03/2024,Female,Snapchat,475,261,214,54.95%,1,2,6.6,12,0.02526315789,3,8,5,Stressed,TRUE,TRUE,TRUE
2790,208,Saanvi Pawar,24,04/08/2025,Male,Facebook,517,181,336,35.01%,1,2,6.4,8,0.01547388781,3,8,5,Stressed,TRUE,TRUE,TRUE
1980,209,Saanvi Pawar,26,25/08/2025,Male,Twitter,360,144,216,40.00%,1,1,7.2,24,0.06666666667,2,7,6,Stressed,TRUE,FALSE,FALSE
46,210,Saanvi Pawar,38,17/06/2025,Female,WhatsApp,203,51,152,25.12%,0,0,8,40,0.197044335,1,5,7,Healthy,TRUE,FALSE,FALSE
1920,211,Saanvi Pawar,44,19/01/2025,Female,YouTube,234,140,94,59.83%,1,2,7.8,37,0.1581196581,2,6,6,Stressed,TRUE,FALSE,FALSE
44,212,Saanvi Pawar,46,23/01/2024,Male,WhatsApp,200,50,150,25.00%,0,0,8,40,0.2,1,5,7,Healthy,TRUE,FALSE,FALSE
2962,213,Navya Ansari,20,24/04/2025,Male,Twitter,476,190,286,39.92%,1,2,6.6,12,0.02521008403,3,8,5,Stressed,FALSE,FALSE,FALSE
3595,214,Navya Ansari,23,18/08/2025,Female,Instagram,446,223,223,50.00%,1,3,6.8,15,0.033632287,3,8,5,Stressed,TRUE,FALSE,FALSE
2667,215,Navya Ansari,32,18/08/2024,Female,Snapchat,322,177,145,54.97%,1,2,7.4,28,0.08695652174,3,7,6,Stressed,TRUE,FALSE,FALSE
240,216,Navya Ansari,40,30/04/2025,Male,WhatsApp,278,70,208,25.18%,0,1,7.6,32,0.1151079137,1,6,7,Stressed,TRUE,FALSE,FALSE
45,216,Navya Ansari,41,01/05/2024,Female,WhatsApp,203,51,152,25.12%,0,0,8,40,0.197044335,1,5,7,Healthy,TRUE,TRUE,TRUE
936,217,Navya Ansari,67,20/11/2024,Female,YouTube,178,107,71,60.11%,0,1,8.1,42,0.2359550562,2,6,6,Stressed,TRUE,FALSE,FALSE
4339,218,Aditya Pawar,16,14/09/2025,Male,YouTube,444,266,178,59.91%,1,4,6.8,16,0.03603603604,3,8,5,Stressed,FALSE,FALSE,FALSE
3322,219,Aditya Pawar,19,29/10/2025,Male,Twitter,517,207,310,40.04%,1,2,6.4,8,0.01547388781,3,8,5,Stressed,TRUE,FALSE,FALSE
4869,220,Aditya Pawar,23,19/04/2024,Female,YouTube,520,312,208,60.00%,1,4,6.4,8,0.01538461538,3,8,5,Stressed,TRUE,FALSE,FALSE
2998,221,Aditya Pawar,33,18/09/2025,Male,Snapchat,349,192,157,55.01%,1,2,7.3,25,0.07163323782,3,7,6,Stressed,TRUE,FALSE,FALSE
3405,221,Aditya Pawar,34,11/08/2024,Male,TikTok,326,212,114,65.03%,1,2,7.4,27,0.08282208589,3,7,6,Stressed,TRUE,TRUE,TRUE
2340,221,Aditya Pawar,35,02/06/2025,Female,Instagram,322,161,161,50.00%,1,2,7.4,28,0.08695652174,2,7,6,Stressed,TRUE,TRUE,TRUE
1938,221,Aditya Pawar,35,14/02/2024,Female,Twitter,353,141,212,39.94%,1,1,7.2,25,0.07082152975,2,7,6,Stressed,TRUE,TRUE,TRUE
402,222,Aditya Pawar,40,15/05/2024,Male,Twitter,204,82,122,40.20%,1,1,8,40,0.1960784314,2,6,6,Stressed,TRUE,FALSE,FALSE
47,223,Aditya Pawar,42,23/06/2024,Female,WhatsApp,204,51,153,25.00%,0,0,8,40,0.1960784314,1,5,7,Healthy,TRUE,FALSE,FALSE
906,224,Aditya Pawar,52,14/10/2025,Female,Instagram,211,106,105,50.24%,0,1,7.9,39,0.1848341232,2,6,6,Stressed,TRUE,FALSE,FALSE
2401,225,Sai Nair,19,05/12/2024,Female,Facebook,469,164,305,34.97%,1,1,6.7,13,0.02771855011,3,8,5,Stressed,FALSE,FALSE,FALSE
4417,226,Sai Nair,21,06/09/2025,Male,YouTube,451,271,180,60.09%,1,4,6.7,15,0.0332594235,3,8,5,Stressed,TRUE,FALSE,FALSE
3051,227,Sai Nair,28,19/11/2024,Male,YouTube,323,194,129,60.06%,1,3,7.4,28,0.0866873065,3,7,6,Stressed,TRUE,FALSE,FALSE
353,227,Sai Nair,29,23/08/2025,Male,WhatsApp,320,80,240,25.00%,0,1,7.4,28,0.0875,1,6,7,Stressed,TRUE,TRUE,TRUE
2475,227,Sai Nair,30,12/02/2024,Female,Instagram,337,168,169,49.85%,1,2,7.3,26,0.07715133531,3,7,6,Stressed,TRUE,TRUE,TRUE
49,228,Sai Nair,59,14/06/2024,Male,Facebook,147,51,96,34.69%,0,0,8.3,45,0.306122449,1,5,7,Healthy,TRUE,FALSE,FALSE
361,229,Sai Nair,65,03/11/2024,Female,Snapchat,146,80,66,54.79%,0,1,8.3,45,0.3082191781,1,5,7,Healthy,TRUE,FALSE,FALSE
3003,230,Payal Pawar,15,23/01/2024,Male,Instagram,383,192,191,50.13%,1,3,7.1,22,0.05744125326,3,7,6,Stressed,FALSE,FALSE,FALSE
2088,231,Payal Pawar,17,26/11/2024,Male,Facebook,431,151,280,35.03%,1,1,6.8,17,0.03944315545,2,7,6,Stressed,TRUE,FALSE,FALSE
4984,232,Payal Pawar,20,30/10/2025,Male,TikTok,514,334,180,64.98%,2,3,6.4,9,0.01750972763,4,9,4,Stressed,TRUE,FALSE,FALSE
1049,232,Payal Pawar,21,09/04/2024,Male,WhatsApp,446,112,334,25.11%,0,1,6.8,15,0.033632287,2,7,6,Stressed,TRUE,TRUE,TRUE
3477,233,Payal Pawar,29,28/03/2024,Other,TikTok,332,216,116,65.06%,1,2,7.3,27,0.0813253012,3,7,6,Stressed,TRUE,FALSE,FALSE
876,234,Payal Pawar,39,15/09/2024,Female,Twitter,260,104,156,40.00%,1,1,7.7,34,0.1307692308,2,6,6,Stressed,TRUE,FALSE,FALSE
253,235,Payal Pawar,50,18/06/2025,Female,Twitter,177,71,106,40.11%,0,1,8.1,42,0.2372881356,1,5,7,Healthy,TRUE,FALSE,FALSE
50,236,Payal Pawar,52,06/12/2024,Female,Facebook,146,51,95,34.93%,0,0,8.3,45,0.3082191781,1,5,7,Healthy,TRUE,FALSE,FALSE
700,237,Payal Pawar,60,26/12/2024,Female,TikTok,146,95,51,65.07%,1,1,8.3,45,0.3082191781,2,6,6,Stressed,TRUE,FALSE,FALSE
4455,238,Pooja Ghosh,23,16/07/2024,Male,YouTube,456,274,182,60.09%,1,4,6.7,14,0.03070175439,3,8,5,Stressed,FALSE,FALSE,FALSE
998,238,Pooja Ghosh,24,23/07/2024,Female,WhatsApp,442,110,332,24.89%,0,1,6.8,16,0.03619909502,2,7,6,Stressed,TRUE,TRUE,TRUE
2321,239,Pooja Ghosh,26,08/04/2024,Male,Instagram,321,160,161,49.84%,1,2,7.4,28,0.08722741433,2,7,6,Stressed,TRUE,FALSE,FALSE
548,239,Pooja Ghosh,27,25/03/2025,Female,WhatsApp,353,88,265,24.93%,0,1,7.2,25,0.07082152975,1,6,7,Stressed,TRUE,TRUE,TRUE
3253,240,Pooja Ghosh,31,08/11/2024,Female,YouTube,339,203,136,59.88%,1,3,7.3,26,0.07669616519,3,7,6,Stressed,TRUE,FALSE,FALSE
2020,241,Pooja Ghosh,38,16/11/2025,Female,TikTok,224,146,78,65.18%,1,1,7.9,38,0.1696428571,2,6,6,Stressed,TRUE,FALSE,FALSE
1742,242,Pooja Ghosh,42,24/08/2024,Female,YouTube,221,133,88,60.18%,1,2,7.9,38,0.1719457014,2,6,6,Stressed,TRUE,FALSE,FALSE
250,243,Pooja Ghosh,44,21/12/2024,Male,WhatsApp,279,70,209,25.09%,0,1,7.6,32,0.1146953405,1,6,7,Stressed,TRUE,FALSE,FALSE
51,244,Pooja Ghosh,63,30/05/2025,Female,Facebook,145,51,94,35.17%,0,0,8.3,46,0.3172413793,1,5,7,Healthy,TRUE,FALSE,FALSE
2616,245,Aarav Kulkarni,23,08/05/2025,Male,Facebook,500,175,325,35.00%,1,2,6.5,10,0.02,3,8,5,Stressed,FALSE,FALSE,FALSE
999,246,Aarav Kulkarni,25,08/07/2025,Male,WhatsApp,440,110,330,25.00%,0,1,6.8,16,0.03636363636,2,7,6,Stressed,TRUE,FALSE,FALSE
1060,247,Aarav Kulkarni,42,28/02/2024,Female,Instagram,225,112,113,49.78%,0,1,7.9,38,0.1688888889,2,6,6,Stressed,TRUE,FALSE,FALSE
329,248,Aarav Kulkarni,58,03/02/2024,Female,Instagram,156,78,78,50.00%,0,1,8.2,44,0.2820512821,1,5,7,Healthy,TRUE,FALSE,FALSE
52,249,Aarav Kulkarni,63,13/01/2025,Female,Facebook,145,51,94,35.17%,0,0,8.3,46,0.3172413793,1,5,7,Healthy,TRUE,FALSE,FALSE
2218,250,Ishaan Reddy,16,14/02/2025,Male,Facebook,447,156,291,34.90%,1,1,6.8,15,0.03355704698,2,7,6,Stressed,FALSE,FALSE,FALSE
1656,251,Ishaan Reddy,22,29/10/2024,Female,WhatsApp,518,130,388,25.10%,1,1,6.4,8,0.01544401544,2,7,6,Stressed,TRUE,FALSE,FALSE
3984,252,Ishaan Reddy,24,04/06/2025,Female,Snapchat,444,244,200,54.95%,1,2,6.8,16,0.03603603604,3,8,5,Stressed,TRUE,FALSE,FALSE
3808,252,Ishaan Reddy,25,24/02/2025,Female,Instagram,470,235,235,50.00%,1,3,6.6,13,0.02765957447,3,8,5,Stressed,TRUE,TRUE,TRUE
4676,252,Ishaan Reddy,25,10/06/2025,Female,YouTube,486,292,194,60.08%,1,4,6.6,11,0.02263374486,3,8,5,Stressed,TRUE,TRUE,TRUE
1802,253,Ishaan Reddy,28,06/02/2024,Female,Facebook,386,135,251,34.97%,1,1,7.1,21,0.05440414508,2,7,6,Stressed,TRUE,FALSE,FALSE
1932,253,Ishaan Reddy,29,07/02/2024,Male,Twitter,352,141,211,40.06%,1,1,7.2,25,0.07102272727,2,7,6,Stressed,TRUE,TRUE,TRUE
1669,254,Ishaan Reddy,37,15/10/2024,Female,YouTube,216,130,86,60.19%,1,2,7.9,38,0.1759259259,2,6,6,Stressed,TRUE,FALSE,FALSE
54,255,Ishaan Reddy,49,18/10/2025,Female,WhatsApp,205,51,154,24.88%,0,0,8,40,0.1951219512,1,5,7,Healthy,TRUE,FALSE,FALSE
4721,256,Sonal Shinde,13,07/11/2024,Female,TikTok,455,296,159,65.05%,2,3,6.7,14,0.03076923077,4,9,4,Stressed,FALSE,FALSE,FALSE
951,256,Sonal Shinde,14,14/05/2024,Male,WhatsApp,431,108,323,25.06%,0,1,6.8,17,0.03944315545,2,7,6,Stressed,TRUE,TRUE,TRUE
4173,257,Sonal Shinde,21,21/05/2024,Female,Instagram,510,255,255,50.00%,1,3,6.4,9,0.01764705882,3,8,5,Stressed,TRUE,FALSE,FALSE
1081,257,Sonal Shinde,22,19/08/2025,Female,WhatsApp,451,113,338,25.06%,0,1,6.7,15,0.0332594235,2,7,6,Stressed,TRUE,TRUE,TRUE
3649,257,Sonal Shinde,22,26/11/2024,Female,Instagram,453,226,227,49.89%,1,3,6.7,15,0.03311258278,3,8,5,Stressed,TRUE,TRUE,TRUE
4653,258,Sonal Shinde,24,10/11/2025,Female,TikTok,446,290,156,65.02%,2,3,6.8,15,0.033632287,4,9,4,Stressed,TRUE,FALSE,FALSE
1503,258,Sonal Shinde,25,18/05/2024,Female,WhatsApp,503,126,377,25.05%,1,1,6.5,10,0.01988071571,2,7,6,Stressed,TRUE,TRUE,TRUE
3433,258,Sonal Shinde,26,16/03/2025,Female,Snapchat,389,214,175,55.01%,1,2,7.1,21,0.05398457584,3,8,5,Stressed,TRUE,TRUE,TRUE
55,259,Sonal Shinde,37,30/01/2024,Male,WhatsApp,203,51,152,25.12%,0,0,8,40,0.197044335,1,5,7,Healthy,TRUE,FALSE,FALSE
1816,260,Sonal Shinde,41,22/07/2025,Male,Instagram,272,136,136,50.00%,1,2,7.6,33,0.1213235294,2,6,6,Stressed,TRUE,FALSE,FALSE
221,261,Sonal Shinde,51,06/10/2024,Male,Twitter,168,67,101,39.88%,0,1,8.2,43,0.255952381,1,5,7,Healthy,TRUE,FALSE,FALSE
4305,262,Aarav Sharma,13,06/02/2025,Male,TikTok,403,262,141,65.01%,2,2,7,20,0.04962779156,4,9,4,Stressed,FALSE,FALSE,FALSE
4953,263,Aarav Sharma,20,05/10/2025,Male,TikTok,505,328,177,64.95%,2,3,6.5,10,0.0198019802,4,9,4,Stressed,TRUE,FALSE,FALSE
3112,263,Aarav Sharma,21,21/01/2024,Male,Twitter,493,197,296,39.96%,1,2,6.5,11,0.02231237323,3,8,5,Stressed,TRUE,TRUE,TRUE
4240,263,Aarav Sharma,22,15/01/2024,Male,Instagram,517,258,259,49.90%,1,3,6.4,8,0.01547388781,3,8,5,Stressed,TRUE,TRUE,TRUE
4772,264,Aarav Sharma,25,28/02/2025,Male,YouTube,502,301,201,59.96%,1,4,6.5,10,0.01992031873,3,8,5,Stressed,TRUE,FALSE,FALSE
643,265,Aarav Sharma,31,05/04/2025,Male,WhatsApp,366,92,274,25.14%,0,1,7.2,23,0.06284153005,2,6,6,Stressed,TRUE,FALSE,FALSE
56,266,Aarav Sharma,38,02/11/2024,Male,WhatsApp,209,52,157,24.88%,0,0,8,39,0.1866028708,1,5,7,Healthy,TRUE,FALSE,FALSE
293,267,Aarav Sharma,52,04/09/2025,Male,Facebook,215,75,140,34.88%,0,1,7.9,38,0.176744186,1,5,7,Healthy,TRUE,FALSE,FALSE
4376,268,Sai Patil,15,26/01/2025,Female,TikTok,413,268,145,64.89%,2,2,6.9,19,0.04600484262,4,9,4,Stressed,FALSE,FALSE,FALSE
3530,269,Sai Patil,18,25/11/2024,Male,Instagram,439,220,219,50.11%,1,3,6.8,16,0.03644646925,3,8,5,Stressed,TRUE,FALSE,FALSE
4485,270,Sai Patil,20,18/10/2025,Female,YouTube,462,277,185,59.96%,1,4,6.7,14,0.0303030303,3,8,5,Stressed,TRUE,FALSE,FALSE
630,271,Sai Patil,35,21/12/2024,Male,WhatsApp,370,92,278,24.86%,0,1,7.2,23,0.06216216216,2,6,6,Stressed,TRUE,FALSE,FALSE
57,271,Sai Patil,36,26/04/2025,Female,WhatsApp,208,52,156,25.00%,0,0,8,39,0.1875,1,5,7,Healthy,TRUE,TRUE,TRUE
4899,272,Aarohi Chauhan,22,07/04/2024,Male,TikTok,488,317,171,64.96%,2,3,6.6,11,0.02254098361,4,9,4,Stressed,FALSE,FALSE,FALSE
1223,272,Aarohi Chauhan,23,01/04/2025,Male,WhatsApp,468,117,351,25.00%,0,1,6.7,13,0.02777777778,2,7,6,Stressed,TRUE,TRUE,TRUE
2775,273,Aarohi Chauhan,29,29/05/2025,Female,Snapchat,329,181,148,55.02%,1,2,7.4,27,0.0820668693,3,7,6,Stressed,TRUE,FALSE,FALSE
1290,274,Aarohi Chauhan,34,17/06/2024,Female,Facebook,339,119,220,35.10%,0,1,7.3,26,0.07669616519,2,6,6,Stressed,TRUE,FALSE,FALSE
58,275,Aarohi Chauhan,51,05/04/2025,Female,WhatsApp,209,52,157,24.88%,0,0,8,39,0.1866028708,1,5,7,Healthy,TRUE,FALSE,FALSE
1354,276,Aarohi Chauhan,57,14/10/2025,Male,YouTube,202,121,81,59.90%,1,2,8,40,0.198019802,2,6,6,Stressed,TRUE,FALSE,FALSE
2753,277,Reyansh Patil,21,02/04/2025,Male,Twitter,450,180,270,40.00%,1,2,6.8,15,0.03333333333,3,8,5,Stressed,FALSE,FALSE,FALSE
1499,278,Reyansh Patil,24,02/10/2024,Male,WhatsApp,503,126,377,25.05%,1,1,6.5,10,0.01988071571,2,7,6,Stressed,TRUE,FALSE,FALSE
4214,278,Reyansh Patil,25,27/08/2024,Female,Instagram,511,256,255,50.10%,1,3,6.4,9,0.01761252446,3,8,5,Stressed,TRUE,TRUE,TRUE
751,279,Reyansh Patil,31,18/12/2024,Male,WhatsApp,387,97,290,25.06%,0,1,7.1,21,0.05426356589,2,6,6,Stressed,TRUE,FALSE,FALSE
1728,280,Reyansh Patil,33,10/03/2024,Male,Twitter,333,133,200,39.94%,1,1,7.3,27,0.08108108108,2,7,6,Stressed,TRUE,FALSE,FALSE
1338,281,Reyansh Patil,66,23/05/2025,Female,YouTube,201,121,80,60.20%,1,2,8,40,0.1990049751,2,6,6,Stressed,TRUE,FALSE,FALSE
59,282,Reyansh Patil,69,01/07/2025,Male,Facebook,149,52,97,34.90%,0,0,8.3,45,0.3020134228,1,5,7,Healthy,TRUE,FALSE,FALSE
2164,283,Kavya Das,19,28/04/2025,Female,Facebook,441,154,287,34.92%,1,1,6.8,16,0.03628117914,2,7,6,Stressed,FALSE,FALSE,FALSE
4718,284,Kavya Das,24,06/06/2024,Male,TikTok,455,296,159,65.05%,2,3,6.7,14,0.03076923077,4,9,4,Stressed,TRUE,FALSE,FALSE
2902,284,Kavya Das,24,28/07/2024,Male,Twitter,465,186,279,40.00%,1,2,6.7,14,0.03010752688,3,8,5,Stressed,TRUE,TRUE,TRUE
3845,285,Kavya Das,33,31/07/2025,Male,TikTok,365,237,128,64.93%,2,2,7.2,24,0.06575342466,4,8,5,Stressed,TRUE,FALSE,FALSE
60,286,Kavya Das,47,19/11/2024,Male,WhatsApp,209,52,157,24.88%,0,0,8,39,0.1866028708,1,5,7,Healthy,TRUE,FALSE,FALSE
620,287,Kavya Das,58,09/10/2024,Female,Snapchat,166,91,75,54.82%,0,1,8.2,43,0.2590361446,2,6,6,Stressed,TRUE,FALSE,FALSE
4277,288,Suhani Patel,19,30/01/2024,Male,Instagram,519,260,259,50.10%,1,3,6.4,8,0.01541425819,3,8,5,Stressed,FALSE,FALSE,FALSE
2513,289,Suhani Patel,21,18/07/2024,Male,Facebook,486,170,316,34.98%,1,2,6.6,11,0.02263374486,3,8,5,Stressed,TRUE,FALSE,FALSE
1461,289,Suhani Patel,21,22/06/2024,Male,WhatsApp,496,124,372,25.00%,1,1,6.5,10,0.02016129032,2,7,6,Stressed,TRUE,TRUE,TRUE
4365,290,Suhani Patel,24,04/09/2025,Male,YouTube,445,267,178,60.00%,1,4,6.8,16,0.03595505618,3,8,5,Stressed,TRUE,FALSE,FALSE
1907,291,Suhani Patel,30,14/10/2025,Male,Twitter,349,140,209,40.11%,1,1,7.3,25,0.07163323782,2,7,6,Stressed,TRUE,FALSE,FALSE
421,292,Suhani Patel,34,01/01/2025,Male,WhatsApp,331,83,248,25.08%,0,1,7.3,27,0.08157099698,1,6,7,Stressed,TRUE,FALSE,FALSE
1046,292,Suhani Patel,35,21/04/2025,Female,Facebook,320,112,208,35.00%,0,1,7.4,28,0.0875,2,6,6,Stressed,TRUE,TRUE,TRUE
1734,292,Suhani Patel,35,30/10/2025,Female,Facebook,379,133,246,35.09%,1,1,7.1,22,0.0580474934,2,7,6,Stressed,TRUE,TRUE,TRUE
62,293,Suhani Patel,58,24/03/2025,Female,Facebook,148,52,96,35.14%,0,0,8.3,45,0.3040540541,1,5,7,Healthy,TRUE,FALSE,FALSE
4649,294,Aditi Das,20,11/08/2025,Female,TikTok,446,290,156,65.02%,2,3,6.8,15,0.033632287,4,9,4,Stressed,FALSE,FALSE,FALSE
3992,294,Aditi Das,21,26/01/2025,Male,Snapchat,445,245,200,55.06%,1,2,6.8,16,0.03595505618,3,8,5,Stressed,TRUE,TRUE,TRUE
2726,295,Aditi Das,25,01/05/2024,Male,Twitter,448,179,269,39.96%,1,2,6.8,15,0.03348214286,3,8,5,Stressed,TRUE,FALSE,FALSE
63,296,Aditi Das,39,24/01/2024,Female,WhatsApp,208,52,156,25.00%,0,0,8,39,0.1875,1,5,7,Healthy,TRUE,FALSE,FALSE
1748,297,Aditi Das,42,26/01/2024,Female,YouTube,223,134,89,60.09%,1,2,7.9,38,0.1704035874,2,6,6,Stressed,TRUE,FALSE,FALSE
207,298,Aditi Das,58,18/07/2025,Female,Facebook,186,65,121,34.95%,0,1,8.1,41,0.2204301075,1,5,7,Healthy,TRUE,FALSE,FALSE
2578,299,Sonal Khan,14,20/10/2024,Male,Twitter,433,173,260,39.95%,1,2,6.8,17,0.03926096998,3,8,5,Stressed,FALSE,FALSE,FALSE
2094,300,Sonal Khan,17,05/06/2025,Female,Facebook,432,151,281,34.95%,1,1,6.8,17,0.03935185185,2,7,6,Stressed,TRUE,FALSE,FALSE
4799,301,Sonal Khan,19,08/04/2025,Female,YouTube,507,304,203,59.96%,1,4,6.5,9,0.01775147929,3,8,5,Stressed,TRUE,FALSE,FALSE
4041,301,Sonal Khan,20,31/01/2025,Male,Instagram,496,248,248,50.00%,1,3,6.5,10,0.02016129032,3,8,5,Stressed,TRUE,TRUE,TRUE
3217,302,Sonal Khan,29,30/10/2024,Female,Snapchat,366,201,165,54.92%,1,2,7.2,23,0.06284153005,3,7,6,Stressed,TRUE,FALSE,FALSE
2200,302,Sonal Khan,30,25/02/2024,Female,Twitter,389,156,233,40.10%,1,1,7.1,21,0.05398457584,2,7,6,Stressed,TRUE,TRUE,TRUE
2658,302,Sonal Khan,31,26/06/2024,Female,Snapchat,321,177,144,55.14%,1,2,7.4,28,0.08722741433,3,7,6,Stressed,TRUE,TRUE,TRUE
1704,303,Sonal Khan,35,24/11/2024,Female,Twitter,331,132,199,39.88%,1,1,7.3,27,0.08157099698,2,7,6,Stressed,TRUE,FALSE,FALSE
64,304,Sonal Khan,37,26/07/2025,Male,WhatsApp,208,52,156,25.00%,0,0,8,39,0.1875,1,5,7,Healthy,TRUE,FALSE,FALSE
4615,305,Aarohi Yadav,15,28/07/2025,Female,TikTok,442,287,155,64.93%,2,3,6.8,16,0.03619909502,4,9,4,Stressed,FALSE,FALSE,FALSE
4762,306,Aarohi Yadav,21,09/03/2025,Female,TikTok,461,300,161,65.08%,2,3,6.7,14,0.03036876356,4,9,4,Stressed,TRUE,FALSE,FALSE
4789,306,Aarohi Yadav,22,03/03/2025,Female,TikTok,466,303,163,65.02%,2,3,6.7,13,0.02789699571,4,9,4,Stressed,TRUE,TRUE,TRUE
4160,307,Aarohi Yadav,25,24/04/2024,Male,Snapchat,462,254,208,54.98%,1,2,6.7,14,0.0303030303,3,8,5,Stressed,TRUE,FALSE,FALSE
2988,308,Aarohi Yadav,28,12/07/2024,Male,Instagram,385,192,193,49.87%,1,3,7.1,22,0.05714285714,3,7,6,Stressed,TRUE,FALSE,FALSE
3925,309,Aarohi Yadav,35,18/10/2024,Male,YouTube,400,240,160,60.00%,1,3,7,20,0.05,3,8,5,Stressed,TRUE,FALSE,FALSE
1179,310,Aarohi Yadav,39,22/10/2025,Male,Snapchat,210,116,94,55.24%,0,1,8,39,0.1857142857,2,6,6,Stressed,TRUE,FALSE,FALSE
66,310,Aarohi Yadav,40,08/09/2024,Female,WhatsApp,208,52,156,25.00%,0,0,8,39,0.1875,1,5,7,Healthy,TRUE,TRUE,TRUE
108,311,Aarohi Yadav,45,14/10/2025,Male,WhatsApp,224,56,168,25.00%,0,0,7.9,38,0.1696428571,1,5,7,Healthy,TRUE,FALSE,FALSE
941,312,Aarohi Yadav,68,21/02/2025,Female,Instagram,216,108,108,50.00%,0,1,7.9,38,0.1759259259,2,6,6,Stressed,TRUE,FALSE,FALSE
1416,313,Anika Choudhary,19,05/01/2025,Female,WhatsApp,492,123,369,25.00%,1,1,6.5,11,0.02235772358,2,7,6,Stressed,FALSE,FALSE,FALSE
67,314,Anika Choudhary,42,23/11/2024,Female,WhatsApp,206,52,154,25.24%,0,0,8,39,0.1893203883,1,5,7,Healthy,TRUE,FALSE,FALSE
2043,315,Kavya Shinde,18,15/02/2025,Male,Facebook,424,148,276,34.91%,1,1,6.9,18,0.04245283019,2,7,6,Stressed,FALSE,FALSE,FALSE
3382,316,Kavya Shinde,30,27/07/2025,Male,TikTok,324,211,113,65.12%,1,2,7.4,28,0.08641975309,3,7,6,Stressed,TRUE,FALSE,FALSE
1914,317,Kavya Shinde,45,29/07/2024,Male,TikTok,216,140,76,64.81%,1,1,7.9,38,0.1759259259,2,6,6,Stressed,TRUE,FALSE,FALSE
68,318,Kavya Shinde,58,11/07/2025,Female,WhatsApp,210,52,158,24.76%,0,0,8,39,0.1857142857,1,5,7,Healthy,TRUE,FALSE,FALSE
2491,319,Aadhya Mishra,21,02/05/2024,Female,Facebook,482,169,313,35.06%,1,2,6.6,12,0.02489626556,3,8,5,Stressed,FALSE,FALSE,FALSE
69,320,Aadhya Mishra,45,10/06/2025,Male,WhatsApp,208,52,156,25.00%,0,0,8,39,0.1875,1,5,7,Healthy,TRUE,FALSE,FALSE
1613,321,Vihaan Roy,19,29/05/2024,Male,WhatsApp,516,129,387,25.00%,1,1,6.4,8,0.01550387597,2,7,6,Stressed,FALSE,FALSE,FALSE
1432,322,Vihaan Roy,21,01/10/2024,Female,WhatsApp,497,124,373,24.95%,1,1,6.5,10,0.02012072435,2,7,6,Stressed,TRUE,FALSE,FALSE
4387,322,Vihaan Roy,22,06/04/2024,Female,YouTube,449,269,180,59.91%,1,4,6.8,15,0.03340757238,3,8,5,Stressed,TRUE,TRUE,TRUE
3721,322,Vihaan Roy,22,19/11/2024,Female,Instagram,458,229,229,50.00%,1,3,6.7,14,0.03056768559,3,8,5,Stressed,TRUE,TRUE,TRUE
3224,323,Vihaan Roy,28,24/07/2024,Female,YouTube,337,202,135,59.94%,1,3,7.3,26,0.07715133531,3,7,6,Stressed,TRUE,FALSE,FALSE
70,324,Vihaan Roy,42,09/07/2024,Female,WhatsApp,206,52,154,25.24%,0,0,8,39,0.1893203883,1,5,7,Healthy,TRUE,FALSE,FALSE
258,325,Vihaan Roy,68,25/06/2025,Male,Twitter,178,71,107,39.89%,0,1,8.1,42,0.2359550562,1,5,7,Healthy,TRUE,FALSE,FALSE
3090,326,Anika Shinde,14,20/05/2024,Male,Instagram,392,196,196,50.00%,1,3,7,21,0.05357142857,3,8,5,Stressed,FALSE,FALSE,FALSE
4133,327,Anika Shinde,16,08/01/2025,Female,Snapchat,458,252,206,55.02%,1,2,6.7,14,0.03056768559,3,8,5,Stressed,TRUE,FALSE,FALSE
4756,328,Anika Shinde,23,06/05/2025,Female,YouTube,499,299,200,59.92%,1,4,6.5,10,0.02004008016,3,8,5,Stressed,TRUE,FALSE,FALSE
2557,329,Anika Shinde,25,15/05/2025,Male,Facebook,495,173,322,34.95%,1,2,6.5,10,0.0202020202,3,8,5,Stressed,TRUE,FALSE,FALSE
2507,330,Anika Shinde,27,13/01/2025,Female,Instagram,339,170,169,50.15%,1,2,7.3,26,0.07669616519,3,7,6,Stressed,TRUE,FALSE,FALSE
3444,331,Anika Shinde,35,22/03/2025,Male,YouTube,356,214,142,60.11%,1,3,7.2,24,0.06741573034,3,7,6,Stressed,TRUE,FALSE,FALSE
1316,332,Anika Shinde,37,26/10/2024,Male,YouTube,200,120,80,60.00%,0,2,8,40,0.2,2,6,6,Stressed,TRUE,FALSE,FALSE
1521,333,Anika Shinde,41,23/06/2025,Male,Instagram,251,126,125,50.20%,1,2,7.7,35,0.1394422311,2,6,6,Stressed,TRUE,FALSE,FALSE
71,334,Anika Shinde,53,20/05/2025,Female,WhatsApp,209,52,157,24.88%,0,0,8,39,0.1866028708,1,5,7,Healthy,TRUE,FALSE,FALSE
2396,335,Saanvi Iyer,13,14/04/2025,Female,Twitter,409,164,245,40.10%,1,1,7,19,0.04645476773,3,8,5,Stressed,FALSE,FALSE,FALSE
3503,336,Saanvi Iyer,18,09/12/2024,Male,Instagram,435,218,217,50.11%,1,3,6.8,16,0.0367816092,3,8,5,Stressed,TRUE,FALSE,FALSE
1282,337,Saanvi Iyer,21,09/01/2024,Female,WhatsApp,475,119,356,25.05%,0,1,6.6,12,0.02526315789,2,7,6,Stressed,TRUE,FALSE,FALSE
4230,338,Saanvi Iyer,23,21/06/2024,Male,Instagram,514,257,257,50.00%,1,3,6.4,9,0.01750972763,3,8,5,Stressed,TRUE,FALSE,FALSE
1072,339,Saanvi Iyer,37,27/06/2024,Male,Twitter,279,112,167,40.14%,1,1,7.6,32,0.1146953405,2,7,6,Stressed,TRUE,FALSE,FALSE
72,339,Saanvi Iyer,38,31/01/2024,Female,WhatsApp,209,52,157,24.88%,0,0,8,39,0.1866028708,1,5,7,Healthy,TRUE,TRUE,TRUE
2163,340,Suhani Joshi,17,29/12/2024,Male,Twitter,384,154,230,40.10%,1,1,7.1,22,0.05729166667,2,7,6,Stressed,FALSE,FALSE,FALSE
2357,341,Suhani Joshi,20,20/10/2025,Male,Facebook,463,162,301,34.99%,1,1,6.7,14,0.03023758099,2,7,6,Stressed,TRUE,FALSE,FALSE
4045,341,Suhani Joshi,20,25/03/2025,Male,Instagram,497,248,249,49.90%,1,3,6.5,10,0.02012072435,3,8,5,Stressed,TRUE,TRUE,TRUE
2891,342,Suhani Joshi,32,23/12/2024,Female,Instagram,371,186,185,50.13%,1,2,7.1,23,0.06199460916,3,7,6,Stressed,TRUE,FALSE,FALSE
310,343,Suhani Joshi,37,25/07/2024,Male,Facebook,218,76,142,34.86%,0,1,7.9,38,0.1743119266,1,5,7,Healthy,TRUE,FALSE,FALSE
73,344,Suhani Joshi,39,02/08/2025,Male,WhatsApp,209,52,157,24.88%,0,0,8,39,0.1866028708,1,5,7,Healthy,TRUE,FALSE,FALSE
2823,344,Suhani Joshi,40,01/08/2024,Female,TikTok,280,182,98,65.00%,1,2,7.6,32,0.1142857143,3,7,6,Stressed,TRUE,TRUE,TRUE
834,345,Suhani Joshi,42,14/07/2024,Male,Twitter,252,101,151,40.08%,1,1,7.7,35,0.1388888889,2,6,6,Stressed,TRUE,FALSE,FALSE
3644,346,Riya Iyer,23,13/10/2025,Male,Instagram,453,226,227,49.89%,1,3,6.7,15,0.03311258278,3,8,5,Stressed,FALSE,FALSE,FALSE
2423,347,Riya Iyer,25,28/06/2024,Female,Facebook,472,165,307,34.96%,1,1,6.6,13,0.02754237288,3,8,5,Stressed,TRUE,FALSE,FALSE
1530,347,Riya Iyer,26,18/03/2025,Male,Facebook,362,127,235,35.08%,1,1,7.2,24,0.06629834254,2,7,6,Stressed,TRUE,TRUE,TRUE
1877,347,Riya Iyer,27,06/08/2025,Female,Twitter,346,138,208,39.88%,1,1,7.3,25,0.07225433526,2,7,6,Stressed,TRUE,TRUE,TRUE
2252,348,Riya Iyer,29,21/05/2025,Male,Twitter,394,158,236,40.10%,1,1,7,21,0.05329949239,2,7,6,Stressed,TRUE,FALSE,FALSE
3269,349,Riya Iyer,31,24/04/2024,Female,Snapchat,371,204,167,54.99%,1,2,7.1,23,0.06199460916,3,7,6,Stressed,TRUE,FALSE,FALSE
2397,350,Riya Iyer,34,11/07/2025,Male,Instagram,327,164,163,50.15%,1,2,7.4,27,0.08256880734,3,7,6,Stressed,TRUE,FALSE,FALSE
337,351,Riya Iyer,45,12/08/2024,Female,Facebook,226,79,147,34.96%,0,1,7.9,37,0.1637168142,1,5,7,Healthy,TRUE,FALSE,FALSE
74,352,Riya Iyer,61,10/01/2024,Female,WhatsApp,210,52,158,24.76%,0,0,8,39,0.1857142857,1,5,7,Healthy,TRUE,FALSE,FALSE
1598,353,Sai Mishra,20,18/01/2025,Male,WhatsApp,511,128,383,25.05%,1,1,6.4,9,0.01761252446,2,7,6,Stressed,FALSE,FALSE,FALSE
4826,353,Sai Mishra,21,08/11/2024,Female,YouTube,511,307,204,60.08%,1,4,6.4,9,0.01761252446,3,8,5,Stressed,TRUE,TRUE,TRUE
1511,354,Sai Mishra,24,24/02/2024,Female,WhatsApp,504,126,378,25.00%,1,1,6.5,10,0.01984126984,2,7,6,Stressed,TRUE,FALSE,FALSE
659,355,Sai Mishra,33,28/03/2024,Female,WhatsApp,371,93,278,25.07%,0,1,7.1,23,0.06199460916,2,6,6,Stressed,TRUE,FALSE,FALSE
137,356,Sai Mishra,37,11/03/2025,Female,WhatsApp,237,59,178,24.89%,0,1,7.8,36,0.1518987342,1,5,7,Healthy,TRUE,FALSE,FALSE
1729,356,Sai Mishra,37,22/06/2024,Female,Snapchat,241,133,108,55.19%,1,1,7.8,36,0.1493775934,2,6,6,Stressed,TRUE,TRUE,TRUE
75,356,Sai Mishra,38,26/11/2024,Male,WhatsApp,212,53,159,25.00%,0,0,7.9,39,0.1839622642,1,5,7,Healthy,TRUE,TRUE,TRUE
491,357,Sai Mishra,64,05/07/2024,Female,YouTube,143,86,57,60.14%,0,1,8.3,46,0.3216783217,1,5,7,Healthy,TRUE,FALSE,FALSE
2417,358,Vivaan Saxena,22,13/08/2024,Male,Facebook,472,165,307,34.96%,1,1,6.6,13,0.02754237288,3,8,5,Stressed,FALSE,FALSE,FALSE
2548,359,Vivaan Saxena,25,26/08/2024,Female,Facebook,491,172,319,35.03%,1,2,6.5,11,0.02240325866,3,8,5,Stressed,TRUE,FALSE,FALSE
3682,360,Vivaan Saxena,33,11/04/2024,Male,TikTok,351,228,123,64.96%,2,2,7.2,25,0.07122507123,3,8,5,Stressed,TRUE,FALSE,FALSE
2825,361,Vivaan Saxena,38,17/03/2024,Male,TikTok,280,182,98,65.00%,1,2,7.6,32,0.1142857143,3,7,6,Stressed,TRUE,FALSE,FALSE
76,362,Vivaan Saxena,58,13/09/2025,Female,WhatsApp,212,53,159,25.00%,0,0,7.9,39,0.1839622642,1,5,7,Healthy,TRUE,FALSE,FALSE
3478,363,Aditi Yadav,17,07/05/2025,Female,Snapchat,392,216,176,55.10%,1,2,7,21,0.05357142857,3,8,5,Stressed,FALSE,FALSE,FALSE
3753,364,Aditi Yadav,22,22/03/2024,Female,Instagram,462,231,231,50.00%,1,3,6.7,14,0.0303030303,3,8,5,Stressed,TRUE,FALSE,FALSE
1392,364,Aditi Yadav,22,21/10/2025,Female,WhatsApp,488,122,366,25.00%,1,1,6.6,11,0.02254098361,2,7,6,Stressed,TRUE,TRUE,TRUE
1374,365,Aditi Yadav,24,07/05/2025,Male,WhatsApp,490,122,368,24.90%,1,1,6.6,11,0.02244897959,2,7,6,Stressed,TRUE,FALSE,FALSE
3533,366,Aditi Yadav,32,30/06/2024,Male,TikTok,338,220,118,65.09%,1,2,7.3,26,0.07692307692,3,7,6,Stressed,TRUE,FALSE,FALSE
2154,367,Aditi Yadav,34,24/10/2025,Male,Twitter,385,154,231,40.00%,1,1,7.1,22,0.05714285714,2,7,6,Stressed,TRUE,FALSE,FALSE
77,368,Aditi Yadav,55,20/04/2024,Male,WhatsApp,211,53,158,25.12%,0,0,7.9,39,0.1848341232,1,5,7,Healthy,TRUE,FALSE,FALSE
923,369,Aditi Yadav,64,01/03/2024,Female,YouTube,179,107,72,59.78%,0,1,8.1,42,0.2346368715,2,6,6,Stressed,TRUE,FALSE,FALSE
1867,370,Myra Iyer,15,03/07/2025,Male,Facebook,395,138,257,34.94%,1,1,7,20,0.05063291139,2,7,6,Stressed,FALSE,FALSE,FALSE
2682,371,Myra Iyer,20,16/10/2024,Female,Twitter,446,178,268,39.91%,1,2,6.8,15,0.033632287,3,8,5,Stressed,TRUE,FALSE,FALSE
1408,372,Myra Iyer,25,13/11/2024,Female,WhatsApp,491,123,368,25.05%,1,1,6.5,11,0.02240325866,2,7,6,Stressed,TRUE,FALSE,FALSE
2065,372,Myra Iyer,26,21/07/2025,Male,Twitter,373,149,224,39.95%,1,1,7.1,23,0.06166219839,2,7,6,Stressed,TRUE,TRUE,TRUE
1156,373,Myra Iyer,32,08/07/2024,Male,Facebook,330,115,215,34.85%,0,1,7.4,27,0.08181818182,2,6,6,Stressed,TRUE,FALSE,FALSE
1754,374,Myra Iyer,38,13/06/2025,Male,Instagram,267,134,133,50.19%,1,2,7.7,33,0.1235955056,2,6,6,Stressed,TRUE,FALSE,FALSE
2055,375,Myra Iyer,41,25/06/2024,Male,YouTube,248,149,99,60.08%,1,2,7.8,35,0.1411290323,2,6,6,Stressed,TRUE,FALSE,FALSE
78,376,Myra Iyer,43,01/01/2024,Female,WhatsApp,211,53,158,25.12%,0,0,7.9,39,0.1848341232,1,5,7,Healthy,TRUE,FALSE,FALSE
320,377,Myra Iyer,56,27/09/2025,Male,Snapchat,141,78,63,55.32%,0,1,8.3,46,0.3262411348,1,5,7,Healthy,TRUE,FALSE,FALSE
2174,378,Vihaan Verma,13,24/04/2025,Male,Twitter,387,155,232,40.05%,1,1,7.1,21,0.05426356589,2,7,6,Stressed,FALSE,FALSE,FALSE
3674,378,Vihaan Verma,14,05/11/2024,Male,Instagram,454,227,227,50.00%,1,3,6.7,15,0.03303964758,3,8,5,Stressed,TRUE,TRUE,TRUE
4595,379,Vihaan Verma,19,30/09/2025,Male,YouTube,477,286,191,59.96%,1,4,6.6,12,0.0251572327,3,8,5,Stressed,TRUE,FALSE,FALSE
4805,380,Vihaan Verma,22,25/07/2025,Male,YouTube,509,305,204,59.92%,1,4,6.5,9,0.01768172888,3,8,5,Stressed,TRUE,FALSE,FALSE
4336,380,Vihaan Verma,23,07/01/2024,Female,Snapchat,483,266,217,55.07%,1,2,6.6,12,0.0248447205,3,8,5,Stressed,TRUE,TRUE,TRUE
4997,381,Vihaan Verma,25,17/07/2025,Male,TikTok,518,337,181,65.06%,2,3,6.4,8,0.01544401544,4,9,4,Stressed,TRUE,FALSE,FALSE
2338,382,Vihaan Verma,40,07/09/2024,Male,YouTube,269,161,108,59.85%,1,2,7.7,33,0.1226765799,2,6,6,Stressed,TRUE,FALSE,FALSE
79,383,Vihaan Verma,44,11/10/2025,Female,WhatsApp,212,53,159,25.00%,0,0,7.9,39,0.1839622642,1,5,7,Healthy,TRUE,FALSE,FALSE
2179,384,Sai Roy,19,06/11/2025,Male,Facebook,442,155,287,35.07%,1,1,6.8,16,0.03619909502,2,7,6,Stressed,FALSE,FALSE,FALSE
1588,384,Sai Roy,19,26/11/2024,Male,WhatsApp,510,128,382,25.10%,1,1,6.4,9,0.01764705882,2,7,6,Stressed,TRUE,TRUE,TRUE
3928,385,Sai Roy,24,28/05/2025,Female,Instagram,482,241,241,50.00%,1,3,6.6,12,0.02489626556,3,8,5,Stressed,TRUE,FALSE,FALSE
1903,386,Sai Roy,30,27/02/2025,Female,Facebook,400,140,260,35.00%,1,1,7,20,0.05,2,7,6,Stressed,TRUE,FALSE,FALSE
2883,387,Sai Roy,34,16/03/2025,Male,Snapchat,337,185,152,54.90%,1,2,7.3,26,0.07715133531,3,7,6,Stressed,TRUE,FALSE,FALSE
80,388,Sai Roy,67,03/11/2024,Male,WhatsApp,213,53,160,24.88%,0,0,7.9,39,0.1830985915,1,5,7,Healthy,TRUE,FALSE,FALSE
2176,389,Neha Saxena,23,06/05/2024,Male,Facebook,442,155,287,35.07%,1,1,6.8,16,0.03619909502,2,7,6,Stressed,FALSE,FALSE,FALSE
3602,389,Neha Saxena,24,26/08/2024,Female,Instagram,447,224,223,50.11%,1,3,6.8,15,0.03355704698,3,8,5,Stressed,TRUE,TRUE,TRUE
3514,390,Neha Saxena,28,14/03/2024,Male,TikTok,336,218,118,64.88%,1,2,7.3,26,0.07738095238,3,7,6,Stressed,TRUE,FALSE,FALSE
3120,391,Neha Saxena,32,21/04/2024,Female,Snapchat,359,197,162,54.87%,1,2,7.2,24,0.06685236769,3,7,6,Stressed,TRUE,FALSE,FALSE
2499,392,Neha Saxena,35,15/09/2025,Female,Instagram,341,170,171,49.85%,1,2,7.3,26,0.07624633431,3,7,6,Stressed,TRUE,FALSE,FALSE
1696,393,Neha Saxena,38,13/04/2024,Male,Snapchat,238,131,107,55.04%,1,1,7.8,36,0.1512605042,2,6,6,Stressed,TRUE,FALSE,FALSE
81,394,Neha Saxena,40,04/03/2025,Female,WhatsApp,213,53,160,24.88%,0,0,7.9,39,0.1830985915,1,5,7,Healthy,TRUE,FALSE,FALSE
4108,395,Payal Mishra,21,18/03/2024,Female,Instagram,502,251,251,50.00%,1,3,6.5,10,0.01992031873,3,8,5,Stressed,FALSE,FALSE,FALSE
2418,396,Payal Mishra,23,04/02/2025,Female,Facebook,471,165,306,35.03%,1,1,6.6,13,0.02760084926,3,8,5,Stressed,TRUE,FALSE,FALSE
3775,397,Payal Mishra,26,21/02/2025,Female,YouTube,387,232,155,59.95%,1,3,7.1,21,0.05426356589,3,8,5,Stressed,TRUE,FALSE,FALSE
1124,398,Payal Mishra,28,29/01/2024,Female,Facebook,327,114,213,34.86%,0,1,7.4,27,0.08256880734,2,6,6,Stressed,TRUE,FALSE,FALSE
3272,399,Payal Mishra,31,25/10/2025,Female,Snapchat,371,204,167,54.99%,1,2,7.1,23,0.06199460916,3,7,6,Stressed,TRUE,FALSE,FALSE
82,400,Payal Mishra,45,28/06/2025,Male,WhatsApp,216,54,162,25.00%,0,0,7.9,38,0.1759259259,1,5,7,Healthy,TRUE,FALSE,FALSE
1842,401,Saanvi Menon,15,24/10/2024,Male,Facebook,392,137,255,34.95%,1,1,7,21,0.05357142857,2,7,6,Stressed,FALSE,FALSE,FALSE
4886,402,Saanvi Menon,19,08/06/2025,Male,TikTok,484,315,169,65.08%,2,3,6.6,12,0.02479338843,4,9,4,Stressed,TRUE,FALSE,FALSE
1664,402,Saanvi Menon,20,28/01/2025,Male,WhatsApp,518,130,388,25.10%,1,1,6.4,8,0.01544401544,2,7,6,Stressed,TRUE,TRUE,TRUE
1185,403,Saanvi Menon,24,30/04/2024,Female,WhatsApp,466,116,350,24.89%,0,1,6.7,13,0.02789699571,2,7,6,Stressed,TRUE,FALSE,FALSE
2960,404,Saanvi Menon,28,18/05/2024,Female,Snapchat,345,190,155,55.07%,1,2,7.3,26,0.07536231884,3,7,6,Stressed,TRUE,FALSE,FALSE
585,404,Saanvi Menon,29,19/10/2024,Male,WhatsApp,362,90,272,24.86%,0,1,7.2,24,0.06629834254,2,6,6,Stressed,TRUE,TRUE,TRUE
1807,405,Saanvi Menon,31,27/10/2024,Female,Twitter,339,136,203,40.12%,1,1,7.3,26,0.07669616519,2,7,6,Stressed,TRUE,FALSE,FALSE
1682,405,Saanvi Menon,31,12/02/2024,Female,Facebook,375,131,244,34.93%,1,1,7.1,22,0.05866666667,2,7,6,Stressed,TRUE,TRUE,TRUE
3280,405,Saanvi Menon,32,24/02/2024,Female,YouTube,341,205,136,60.12%,1,3,7.3,26,0.07624633431,3,7,6,Stressed,TRUE,TRUE,TRUE
1034,406,Saanvi Menon,51,15/03/2025,Female,Snapchat,203,112,91,55.17%,0,1,8,40,0.197044335,2,6,6,Stressed,TRUE,FALSE,FALSE
83,407,Saanvi Menon,68,25/09/2025,Female,Facebook,154,54,100,35.06%,0,0,8.2,45,0.2922077922,1,5,7,Healthy,TRUE,FALSE,FALSE
4995,408,Neha Kulkarni,19,17/04/2025,Male,TikTok,518,337,181,65.06%,2,3,6.4,8,0.01544401544,4,9,4,Stressed,FALSE,FALSE,FALSE
3065,409,Neha Kulkarni,25,28/07/2024,Male,Twitter,488,195,293,39.96%,1,2,6.6,11,0.02254098361,3,8,5,Stressed,TRUE,FALSE,FALSE
3559,410,Neha Kulkarni,30,13/01/2025,Male,TikTok,340,221,119,65.00%,1,2,7.3,26,0.07647058824,3,7,6,Stressed,TRUE,FALSE,FALSE
1725,411,Neha Kulkarni,32,15/08/2024,Male,Facebook,381,133,248,34.91%,1,1,7.1,22,0.05774278215,2,7,6,Stressed,TRUE,FALSE,FALSE
84,412,Neha Kulkarni,37,27/07/2024,Female,WhatsApp,214,54,160,25.23%,0,0,7.9,39,0.1822429907,1,5,7,Healthy,TRUE,FALSE,FALSE
893,413,Neha Kulkarni,59,05/04/2025,Male,Instagram,210,105,105,50.00%,0,1,8,39,0.1857142857,2,6,6,Stressed,TRUE,FALSE,FALSE
4468,414,Meera Chauhan,17,25/02/2025,Male,YouTube,459,275,184,59.91%,1,4,6.7,14,0.03050108932,3,8,5,Stressed,FALSE,FALSE,FALSE
3803,415,Meera Chauhan,19,23/12/2024,Female,Instagram,468,234,234,50.00%,1,3,6.7,13,0.02777777778,3,8,5,Stressed,TRUE,FALSE,FALSE
85,416,Meera Chauhan,36,26/10/2024,Female,WhatsApp,214,54,160,25.23%,0,0,7.9,39,0.1822429907,1,5,7,Healthy,TRUE,FALSE,FALSE
556,417,Meera Chauhan,54,13/02/2024,Female,YouTube,148,89,59,60.14%,0,1,8.3,45,0.3040540541,1,5,7,Healthy,TRUE,FALSE,FALSE
1269,418,Meera Chauhan,68,04/06/2025,Male,YouTube,197,118,79,59.90%,0,2,8,40,0.2030456853,2,6,6,Stressed,TRUE,FALSE,FALSE
3947,419,Avni Das,17,17/09/2024,Female,YouTube,404,242,162,59.90%,1,3,7,20,0.0495049505,3,8,5,Stressed,FALSE,FALSE,FALSE
2242,420,Avni Das,25,22/03/2025,Male,Facebook,448,157,291,35.04%,1,1,6.8,15,0.03348214286,2,7,6,Stressed,TRUE,FALSE,FALSE
2939,421,Avni Das,32,25/09/2025,Male,Snapchat,344,189,155,54.94%,1,2,7.3,26,0.07558139535,3,7,6,Stressed,TRUE,FALSE,FALSE
1721,422,Avni Das,45,20/03/2025,Male,TikTok,205,133,72,64.88%,1,1,8,40,0.1951219512,2,6,6,Stressed,TRUE,FALSE,FALSE
86,423,Avni Das,67,20/10/2024,Female,WhatsApp,217,54,163,24.88%,0,0,7.9,38,0.1751152074,1,5,7,Healthy,TRUE,FALSE,FALSE
898,423,Avni Das,68,08/06/2025,Male,TikTok,161,105,56,65.22%,1,1,8.2,44,0.2732919255,2,6,6,Stressed,TRUE,TRUE,TRUE
1483,423,Avni Das,69,01/07/2024,Female,TikTok,193,125,68,64.77%,1,1,8,41,0.2124352332,2,6,6,Stressed,TRUE,TRUE,TRUE
3777,424,Pooja Khan,14,15/01/2025,Male,Snapchat,424,233,191,54.95%,1,2,6.9,18,0.04245283019,3,8,5,Stressed,FALSE,FALSE,FALSE
4000,425,Pooja Khan,22,01/07/2024,Female,Instagram,492,246,246,50.00%,1,3,6.5,11,0.02235772358,3,8,5,Stressed,TRUE,FALSE,FALSE
3251,426,Pooja Khan,26,24/08/2025,Female,Snapchat,369,203,166,55.01%,1,2,7.2,23,0.06233062331,3,7,6,Stressed,TRUE,FALSE,FALSE
1573,427,Pooja Khan,30,11/07/2025,Female,Facebook,365,128,237,35.07%,1,1,7.2,24,0.06575342466,2,7,6,Stressed,TRUE,FALSE,FALSE
270,428,Pooja Khan,52,10/04/2024,Female,Twitter,180,72,108,40.00%,0,1,8.1,42,0.2333333333,1,5,7,Healthy,TRUE,FALSE,FALSE
88,429,Pooja Khan,60,26/05/2025,Male,Facebook,156,55,101,35.26%,0,0,8.2,44,0.2820512821,1,5,7,Healthy,TRUE,FALSE,FALSE
4841,430,Krishna Ghosh,20,15/01/2025,Female,YouTube,514,308,206,59.92%,1,4,6.4,9,0.01750972763,3,8,5,Stressed,FALSE,FALSE,FALSE
1430,430,Krishna Ghosh,21,15/02/2025,Female,WhatsApp,497,124,373,24.95%,1,1,6.5,10,0.02012072435,2,7,6,Stressed,TRUE,TRUE,TRUE
2588,431,Krishna Ghosh,27,08/11/2024,Female,Instagram,348,174,174,50.00%,1,2,7.3,25,0.07183908046,3,7,6,Stressed,TRUE,FALSE,FALSE
2901,432,Krishna Ghosh,32,14/02/2024,Female,Snapchat,339,186,153,54.87%,1,2,7.3,26,0.07669616519,3,7,6,Stressed,TRUE,FALSE,FALSE
858,433,Krishna Ghosh,38,17/06/2025,Male,Instagram,204,102,102,50.00%,0,1,8,40,0.1960784314,2,6,6,Stressed,TRUE,FALSE,FALSE
90,434,Krishna Ghosh,44,05/11/2024,Female,WhatsApp,221,55,166,24.89%,0,0,7.9,38,0.1719457014,1,5,7,Healthy,TRUE,FALSE,FALSE
4638,435,Isha Khan,21,18/09/2025,Male,TikTok,445,289,156,64.94%,2,3,6.8,16,0.03595505618,4,9,4,Stressed,FALSE,FALSE,FALSE
4155,435,Isha Khan,22,01/12/2024,Female,Snapchat,461,254,207,55.10%,1,2,6.7,14,0.03036876356,3,8,5,Stressed,TRUE,TRUE,TRUE
4232,436,Isha Khan,29,31/03/2024,Female,TikTok,396,257,139,64.90%,2,2,7,20,0.05050505051,4,9,4,Stressed,TRUE,FALSE,FALSE
1065,437,Isha Khan,35,12/09/2025,Female,Facebook,321,112,209,34.89%,0,1,7.4,28,0.08722741433,2,6,6,Stressed,TRUE,FALSE,FALSE
91,438,Isha Khan,61,24/01/2025,Male,Facebook,158,55,103,34.81%,0,0,8.2,44,0.2784810127,1,5,7,Healthy,TRUE,FALSE,FALSE
950,439,Shaurya Ansari,16,15/04/2025,Female,WhatsApp,433,108,325,24.94%,0,1,6.8,17,0.03926096998,2,7,6,Stressed,FALSE,FALSE,FALSE
1267,440,Shaurya Ansari,19,22/09/2024,Male,WhatsApp,473,118,355,24.95%,0,1,6.6,13,0.02748414376,2,7,6,Stressed,TRUE,FALSE,FALSE
1442,441,Shaurya Ansari,24,30/01/2024,Female,WhatsApp,495,124,371,25.05%,1,1,6.5,10,0.0202020202,2,7,6,Stressed,TRUE,FALSE,FALSE
4999,441,Shaurya Ansari,25,08/12/2024,Female,TikTok,519,337,182,64.93%,2,3,6.4,8,0.01541425819,4,9,4,Stressed,TRUE,TRUE,TRUE
3179,442,Shaurya Ansari,31,06/09/2024,Female,Instagram,398,199,199,50.00%,1,3,7,20,0.05025125628,3,8,5,Stressed,TRUE,FALSE,FALSE
2854,443,Shaurya Ansari,33,30/11/2024,Male,Snapchat,335,184,151,54.93%,1,2,7.3,26,0.0776119403,3,7,6,Stressed,TRUE,FALSE,FALSE
900,444,Shaurya Ansari,43,03/11/2025,Female,Instagram,210,105,105,50.00%,0,1,8,39,0.1857142857,2,6,6,Stressed,TRUE,FALSE,FALSE
129,445,Shaurya Ansari,50,07/03/2025,Female,Facebook,169,59,110,34.91%,0,1,8.2,43,0.2544378698,1,5,7,Healthy,TRUE,FALSE,FALSE
92,446,Shaurya Ansari,55,18/07/2025,Female,Facebook,157,55,102,35.03%,0,0,8.2,44,0.2802547771,1,5,7,Healthy,TRUE,FALSE,FALSE
848,447,Shaurya Ansari,57,28/01/2024,Female,TikTok,156,101,55,64.74%,1,1,8.2,44,0.2820512821,2,6,6,Stressed,TRUE,FALSE,FALSE
2352,448,Krishna Sharma,13,04/02/2025,Female,Twitter,406,162,244,39.90%,1,1,7,19,0.04679802956,2,7,6,Stressed,FALSE,FALSE,FALSE
2579,449,Krishna Sharma,15,27/11/2024,Female,Twitter,432,173,259,40.05%,1,2,6.8,17,0.03935185185,3,8,5,Stressed,TRUE,FALSE,FALSE
4389,449,Krishna Sharma,16,31/05/2024,Female,YouTube,448,269,179,60.04%,1,4,6.8,15,0.03348214286,3,8,5,Stressed,TRUE,TRUE,TRUE
93,450,Krishna Sharma,37,05/03/2024,Male,WhatsApp,219,55,164,25.11%,0,0,7.9,38,0.1735159817,1,5,7,Healthy,TRUE,FALSE,FALSE
2720,451,Krishna Sharma,45,16/05/2024,Female,TikTok,276,179,97,64.86%,1,2,7.6,32,0.115942029,3,7,6,Stressed,TRUE,FALSE,FALSE
1965,452,Krishna Sharma,59,16/12/2024,Male,TikTok,220,143,77,65.00%,1,1,7.9,38,0.1727272727,2,6,6,Stressed,TRUE,FALSE,FALSE
319,453,Krishna Sharma,66,15/06/2025,Female,Twitter,194,78,116,40.21%,1,1,8,41,0.2113402062,2,6,6,Stressed,TRUE,FALSE,FALSE
3158,454,Aditya Kale,19,07/05/2025,Male,Twitter,495,198,297,40.00%,1,2,6.5,10,0.0202020202,3,8,5,Stressed,FALSE,FALSE,FALSE
1377,454,Aditya Kale,20,21/05/2025,Female,WhatsApp,486,122,364,25.10%,1,1,6.6,11,0.02263374486,2,7,6,Stressed,TRUE,TRUE,TRUE
4177,454,Aditya Kale,21,25/12/2024,Male,Snapchat,464,255,209,54.96%,1,2,6.7,14,0.03017241379,3,8,5,Stressed,TRUE,TRUE,TRUE
4898,455,Aditya Kale,25,13/02/2025,Female,TikTok,487,317,170,65.09%,2,3,6.6,11,0.02258726899,4,9,4,Stressed,TRUE,FALSE,FALSE
2679,455,Aditya Kale,25,25/01/2024,Female,Facebook,510,178,332,34.90%,1,2,6.4,9,0.01764705882,3,8,5,Stressed,TRUE,TRUE,TRUE
3758,456,Aditya Kale,28,06/08/2024,Female,YouTube,385,231,154,60.00%,1,3,7.1,22,0.05714285714,3,7,6,Stressed,TRUE,FALSE,FALSE
2370,457,Aditya Kale,31,25/03/2025,Male,Instagram,325,162,163,49.85%,1,2,7.4,28,0.08615384615,2,7,6,Stressed,TRUE,FALSE,FALSE
94,458,Aditya Kale,62,29/06/2024,Male,WhatsApp,220,55,165,25.00%,0,0,7.9,38,0.1727272727,1,5,7,Healthy,TRUE,FALSE,FALSE
4426,459,Saanvi Rathod,14,28/04/2024,Male,TikTok,419,272,147,64.92%,2,2,6.9,18,0.04295942721,4,9,4,Stressed,FALSE,FALSE,FALSE
1831,460,Saanvi Rathod,38,27/10/2024,Male,TikTok,210,136,74,64.76%,1,1,8,39,0.1857142857,2,6,6,Stressed,TRUE,FALSE,FALSE
95,461,Saanvi Rathod,59,04/08/2025,Male,Facebook,159,56,103,35.22%,0,0,8.2,44,0.2767295597,1,5,7,Healthy,TRUE,FALSE,FALSE
3471,462,Krishna Chauhan,14,21/09/2024,Male,Snapchat,392,216,176,55.10%,1,2,7,21,0.05357142857,3,8,5,Stressed,FALSE,FALSE,FALSE
2270,463,Krishna Chauhan,19,24/04/2025,Female,Facebook,452,158,294,34.96%,1,1,6.7,15,0.03318584071,2,7,6,Stressed,TRUE,FALSE,FALSE
2439,463,Krishna Chauhan,19,07/04/2025,Male,Facebook,473,166,307,35.10%,1,1,6.6,13,0.02748414376,3,8,5,Stressed,TRUE,TRUE,TRUE
1654,463,Krishna Chauhan,20,30/09/2025,Female,WhatsApp,520,130,390,25.00%,1,1,6.4,8,0.01538461538,2,7,6,Stressed,TRUE,TRUE,TRUE
4943,464,Krishna Chauhan,22,19/10/2025,Male,TikTok,501,326,175,65.07%,2,3,6.5,10,0.01996007984,4,9,4,Stressed,TRUE,FALSE,FALSE
2447,464,Krishna Chauhan,23,13/01/2025,Male,Facebook,474,166,308,35.02%,1,1,6.6,13,0.02742616034,3,8,5,Stressed,TRUE,TRUE,TRUE
1553,464,Krishna Chauhan,23,02/11/2024,Female,WhatsApp,507,127,380,25.05%,1,1,6.5,9,0.01775147929,2,7,6,Stressed,TRUE,TRUE,TRUE
3150,465,Krishna Chauhan,28,06/01/2025,Female,Instagram,396,198,198,50.00%,1,3,7,20,0.05050505051,3,8,5,Stressed,TRUE,FALSE,FALSE
2050,465,Krishna Chauhan,29,04/08/2025,Female,Twitter,369,148,221,40.11%,1,1,7.2,23,0.06233062331,2,7,6,Stressed,TRUE,TRUE,TRUE
96,466,Krishna Chauhan,42,30/01/2024,Male,WhatsApp,226,56,170,24.78%,0,0,7.9,37,0.1637168142,1,5,7,Healthy,TRUE,FALSE,FALSE
4318,467,Aadhya Kulkarni,13,01/09/2024,Male,TikTok,406,264,142,65.02%,2,2,7,19,0.04679802956,4,9,4,Stressed,FALSE,FALSE,FALSE
1861,468,Aadhya Kulkarni,17,02/05/2024,Male,Facebook,393,138,255,35.11%,1,1,7,21,0.0534351145,2,7,6,Stressed,TRUE,FALSE,FALSE
4690,468,Aadhya Kulkarni,18,06/10/2024,Other,TikTok,451,293,158,64.97%,2,3,6.7,15,0.0332594235,4,9,4,Stressed,TRUE,TRUE,TRUE
4431,468,Aadhya Kulkarni,19,18/05/2024,Male,Snapchat,494,272,222,55.06%,1,2,6.5,11,0.02226720648,3,8,5,Stressed,TRUE,TRUE,TRUE
2627,468,Aadhya Kulkarni,20,23/04/2025,Male,Twitter,441,176,265,39.91%,1,2,6.8,16,0.03628117914,3,8,5,Stressed,TRUE,TRUE,TRUE
4331,469,Aadhya Kulkarni,23,03/08/2024,Female,YouTube,441,265,176,60.09%,1,4,6.8,16,0.03628117914,3,8,5,Stressed,TRUE,FALSE,FALSE
3235,469,Aadhya Kulkarni,24,17/09/2025,Female,Twitter,506,202,304,39.92%,1,2,6.5,9,0.01778656126,3,8,5,Stressed,TRUE,TRUE,TRUE
2585,469,Aadhya Kulkarni,25,14/10/2025,Female,Facebook,497,174,323,35.01%,1,2,6.5,10,0.02012072435,3,8,5,Stressed,TRUE,TRUE,TRUE
3886,470,Aadhya Kulkarni,30,05/02/2024,Female,TikTok,366,238,128,65.03%,2,2,7.2,23,0.06284153005,4,8,5,Stressed,TRUE,FALSE,FALSE
942,471,Aadhya Kulkarni,49,07/10/2024,Male,Instagram,216,108,108,50.00%,0,1,7.9,38,0.1759259259,2,6,6,Stressed,TRUE,FALSE,FALSE
733,471,Aadhya Kulkarni,50,24/03/2025,Male,Instagram,191,96,95,50.26%,0,1,8,41,0.2146596859,2,6,6,Stressed,TRUE,TRUE,TRUE
97,472,Aadhya Kulkarni,69,07/03/2024,Female,Twitter,141,56,85,39.72%,0,0,8.3,46,0.3262411348,1,5,7,Healthy,TRUE,FALSE,FALSE
4759,473,Sai Ansari,19,08/09/2025,Female,TikTok,461,300,161,65.08%,2,3,6.7,14,0.03036876356,4,9,4,Stressed,FALSE,FALSE,FALSE
2508,474,Sai Ansari,34,22/07/2025,Female,Instagram,340,170,170,50.00%,1,2,7.3,26,0.07647058824,3,7,6,Stressed,TRUE,FALSE,FALSE
3484,474,Sai Ansari,35,27/06/2024,Male,TikTok,332,216,116,65.06%,1,2,7.3,27,0.0813253012,3,7,6,Stressed,TRUE,TRUE,TRUE
2287,474,Sai Ansari,35,20/06/2025,Female,Twitter,398,159,239,39.95%,1,1,7,20,0.05025125628,2,7,6,Stressed,TRUE,TRUE,TRUE
98,475,Sai Ansari,38,14/07/2024,Female,WhatsApp,224,56,168,25.00%,0,0,7.9,38,0.1696428571,1,5,7,Healthy,TRUE,FALSE,FALSE
940,476,Sai Ansari,41,29/09/2025,Male,Instagram,217,108,109,49.77%,0,1,7.9,38,0.1751152074,2,6,6,Stressed,TRUE,FALSE,FALSE
245,477,Sai Ansari,63,24/08/2025,Female,Twitter,174,70,104,40.23%,0,1,8.1,43,0.2471264368,1,5,7,Healthy,TRUE,FALSE,FALSE
4820,478,Myra Saxena,23,27/10/2024,Female,TikTok,473,307,166,64.90%,2,3,6.6,13,0.02748414376,4,9,4,Stressed,FALSE,FALSE,FALSE
3987,478,Myra Saxena,24,18/01/2025,Female,Snapchat,444,244,200,54.95%,1,2,6.8,16,0.03603603604,3,8,5,Stressed,TRUE,TRUE,TRUE
819,479,Myra Saxena,36,21/08/2024,Male,Twitter,251,100,151,39.84%,1,1,7.7,35,0.1394422311,2,6,6,Stressed,TRUE,FALSE,FALSE
99,480,Myra Saxena,58,21/01/2024,Male,Twitter,141,56,85,39.72%,0,0,8.3,46,0.3262411348,1,5,7,Healthy,TRUE,FALSE,FALSE
4319,481,Sonal Ansari,15,29/03/2024,Female,YouTube,440,264,176,60.00%,1,4,6.8,16,0.03636363636,3,8,5,Stressed,FALSE,FALSE,FALSE
3739,482,Sonal Ansari,24,27/02/2024,Female,Instagram,459,230,229,50.11%,1,3,6.7,14,0.03050108932,3,8,5,Stressed,TRUE,FALSE,FALSE
1045,483,Sonal Ansari,28,28/10/2024,Male,Facebook,321,112,209,34.89%,0,1,7.4,28,0.08722741433,2,6,6,Stressed,TRUE,FALSE,FALSE
3667,484,Sonal Ansari,30,10/11/2025,Male,TikTok,349,227,122,65.04%,2,2,7.3,25,0.07163323782,3,8,5,Stressed,TRUE,FALSE,FALSE
100,485,Sonal Ansari,36,14/05/2024,Male,WhatsApp,222,56,166,25.23%,0,0,7.9,38,0.1711711712,1,5,7,Healthy,TRUE,FALSE,FALSE
2117,486,Meera Rawat,13,22/09/2024,Other,Twitter,383,153,230,39.95%,1,1,7.1,22,0.05744125326,2,7,6,Stressed,FALSE,FALSE,FALSE
4060,487,Meera Rawat,20,16/11/2024,Male,Instagram,498,249,249,50.00%,1,3,6.5,10,0.02008032129,3,8,5,Stressed,TRUE,FALSE,FALSE
2226,488,Meera Rawat,33,26/09/2024,Female,Twitter,393,157,236,39.95%,1,1,7,21,0.0534351145,2,7,6,Stressed,TRUE,FALSE,FALSE
101,489,Meera Rawat,38,14/12/2024,Female,WhatsApp,226,56,170,24.78%,0,0,7.9,37,0.1637168142,1,5,7,Healthy,TRUE,FALSE,FALSE
1536,490,Meera Rawat,40,08/03/2024,Female,YouTube,211,127,84,60.19%,1,2,7.9,39,0.1848341232,2,6,6,Stressed,TRUE,FALSE,FALSE
646,491,Meera Rawat,52,20/12/2024,Male,Instagram,185,92,93,49.73%,0,1,8.1,42,0.227027027,2,6,6,Stressed,TRUE,FALSE,FALSE
2795,492,Arjun Kale,19,11/09/2025,Female,Facebook,516,181,335,35.08%,1,2,6.4,8,0.01550387597,3,8,5,Stressed,FALSE,FALSE,FALSE
4685,492,Arjun Kale,20,21/09/2025,Male,TikTok,451,293,158,64.97%,2,3,6.7,15,0.0332594235,4,9,4,Stressed,TRUE,TRUE,TRUE
1362,492,Arjun Kale,21,26/10/2024,Female,WhatsApp,483,121,362,25.05%,1,1,6.6,12,0.0248447205,2,7,6,Stressed,TRUE,TRUE,TRUE
4218,492,Arjun Kale,21,07/11/2025,Male,Instagram,514,257,257,50.00%,1,3,6.4,9,0.01750972763,3,8,5,Stressed,TRUE,TRUE,TRUE
4492,492,Arjun Kale,22,14/08/2024,Female,Snapchat,505,278,227,55.05%,1,2,6.5,10,0.0198019802,3,8,5,Stressed,TRUE,TRUE,TRUE
1363,493,Arjun Kale,29,19/12/2024,Male,Facebook,345,121,224,35.07%,1,1,7.3,26,0.07536231884,2,7,6,Stressed,TRUE,FALSE,FALSE
102,494,Arjun Kale,36,07/06/2025,Female,WhatsApp,225,56,169,24.89%,0,0,7.9,38,0.1688888889,1,5,7,Healthy,TRUE,FALSE,FALSE
833,495,Arjun Kale,50,13/11/2024,Female,Snapchat,182,100,82,54.95%,0,1,8.1,42,0.2307692308,2,6,6,Stressed,TRUE,FALSE,FALSE
170,496,Arjun Kale,60,07/11/2024,Female,Facebook,177,62,115,35.03%,0,1,8.1,42,0.2372881356,1,5,7,Healthy,TRUE,FALSE,FALSE
4001,497,Krishna Patel,20,08/10/2025,Male,Instagram,493,246,247,49.90%,1,3,6.5,11,0.02231237323,3,8,5,Stressed,FALSE,FALSE,FALSE
3151,498,Krishna Patel,24,05/02/2025,Female,Twitter,495,198,297,40.00%,1,2,6.5,10,0.0202020202,3,8,5,Stressed,TRUE,FALSE,FALSE
1159,499,Krishna Patel,29,22/02/2024,Male,Facebook,330,115,215,34.85%,0,1,7.4,27,0.08181818182,2,6,6,Stressed,TRUE,FALSE,FALSE
103,500,Krishna Patel,57,11/08/2025,Female,Facebook,160,56,104,35.00%,0,0,8.2,44,0.275,1,5,7,Healthy,TRUE,FALSE,FALSE
2013,501,Arjun Roy,28,28/05/2025,Male,Twitter,366,146,220,39.89%,1,1,7.2,23,0.06284153005,2,7,6,Stressed,FALSE,FALSE,FALSE
3276,501,Arjun Roy,29,10/01/2025,Female,YouTube,341,205,136,60.12%,1,3,7.3,26,0.07624633431,3,7,6,Stressed,TRUE,TRUE,TRUE
1284,502,Arjun Roy,31,02/08/2024,Female,Facebook,339,119,220,35.10%,0,1,7.3,26,0.07669616519,2,6,6,Stressed,TRUE,FALSE,FALSE
1116,503,Arjun Roy,42,01/10/2024,Male,Instagram,229,114,115,49.78%,0,2,7.9,37,0.1615720524,2,6,6,Stressed,TRUE,FALSE,FALSE
650,504,Arjun Roy,58,03/02/2024,Female,Snapchat,169,93,76,55.03%,0,1,8.2,43,0.2544378698,2,6,6,Stressed,TRUE,FALSE,FALSE
104,505,Arjun Roy,68,03/10/2024,Female,Facebook,161,56,105,34.78%,0,0,8.2,44,0.2732919255,1,5,7,Healthy,TRUE,FALSE,FALSE
2271,506,Anika Kale,17,25/03/2024,Female,Facebook,452,158,294,34.96%,1,1,6.7,15,0.03318584071,2,7,6,Stressed,FALSE,FALSE,FALSE
1522,507,Anika Kale,24,09/01/2024,Female,WhatsApp,504,126,378,25.00%,1,1,6.5,10,0.01984126984,2,7,6,Stressed,TRUE,FALSE,FALSE
2705,508,Anika Kale,31,18/07/2024,Male,Snapchat,324,178,146,54.94%,1,2,7.4,28,0.08641975309,3,7,6,Stressed,TRUE,FALSE,FALSE
3293,508,Anika Kale,31,02/09/2025,Male,YouTube,342,205,137,59.94%,1,3,7.3,26,0.07602339181,3,7,6,Stressed,TRUE,TRUE,TRUE
1668,509,Anika Kale,42,09/09/2024,Male,Instagram,261,130,131,49.81%,1,2,7.7,34,0.1302681992,2,6,6,Stressed,TRUE,FALSE,FALSE
106,510,Anika Kale,44,15/03/2025,Female,WhatsApp,226,56,170,24.78%,0,0,7.9,37,0.1637168142,1,5,7,Healthy,TRUE,FALSE,FALSE
177,511,Anika Kale,59,23/07/2024,Male,Facebook,181,63,118,34.81%,0,1,8.1,42,0.2320441989,1,5,7,Healthy,TRUE,FALSE,FALSE
3662,512,Isha Banerjee,17,11/05/2024,Male,Snapchat,410,226,184,55.12%,1,2,7,19,0.04634146341,3,8,5,Stressed,FALSE,FALSE,FALSE
4885,513,Isha Banerjee,19,23/10/2025,Male,TikTok,484,315,169,65.08%,2,3,6.6,12,0.02479338843,4,9,4,Stressed,TRUE,FALSE,FALSE
2504,513,Isha Banerjee,20,24/02/2025,Male,Facebook,485,170,315,35.05%,1,2,6.6,12,0.02474226804,3,8,5,Stressed,TRUE,TRUE,TRUE
2368,514,Isha Banerjee,39,31/08/2025,Male,TikTok,249,162,87,65.06%,1,1,7.8,35,0.140562249,2,6,6,Stressed,TRUE,FALSE,FALSE
107,515,Isha Banerjee,60,02/01/2025,Male,Facebook,161,56,105,34.78%,0,0,8.2,44,0.2732919255,1,5,7,Healthy,TRUE,FALSE,FALSE
899,516,Payal Ansari,13,27/05/2025,Female,WhatsApp,421,105,316,24.94%,0,1,6.9,18,0.04275534442,2,7,6,Stressed,FALSE,FALSE,FALSE
4384,517,Payal Ansari,21,08/11/2025,Female,Snapchat,487,268,219,55.03%,1,2,6.6,11,0.02258726899,3,8,5,Stressed,TRUE,FALSE,FALSE
3789,517,Payal Ansari,22,18/08/2025,Female,Instagram,469,234,235,49.89%,1,3,6.7,13,0.02771855011,3,8,5,Stressed,TRUE,TRUE,TRUE
4537,518,Payal Ansari,25,12/03/2025,Male,YouTube,469,281,188,59.91%,1,4,6.7,13,0.02771855011,3,8,5,Stressed,TRUE,FALSE,FALSE
2980,519,Payal Ansari,33,17/01/2024,Male,Snapchat,347,191,156,55.04%,1,2,7.3,25,0.07204610951,3,7,6,Stressed,TRUE,FALSE,FALSE
109,520,Payal Ansari,63,26/02/2024,Female,Facebook,162,57,105,35.19%,0,1,8.2,44,0.2716049383,1,5,7,Healthy,TRUE,FALSE,FALSE
2574,521,Payal Kulkarni,13,28/08/2024,Male,Twitter,432,173,259,40.05%,1,2,6.8,17,0.03935185185,3,8,5,Stressed,FALSE,FALSE,FALSE
4472,522,Payal Kulkarni,17,04/07/2025,Male,YouTube,458,275,183,60.04%,1,4,6.7,14,0.03056768559,3,8,5,Stressed,TRUE,FALSE,FALSE
2517,523,Payal Kulkarni,19,05/05/2025,Female,Facebook,488,171,317,35.04%,1,2,6.6,11,0.02254098361,3,8,5,Stressed,TRUE,FALSE,FALSE
4479,523,Payal Kulkarni,20,02/04/2024,Female,YouTube,460,276,184,60.00%,1,4,6.7,14,0.03043478261,3,8,5,Stressed,TRUE,TRUE,TRUE
2183,524,Payal Kulkarni,23,07/07/2025,Female,Facebook,444,155,289,34.91%,1,1,6.8,16,0.03603603604,2,7,6,Stressed,TRUE,FALSE,FALSE
2700,524,Payal Kulkarni,23,23/08/2024,Female,Facebook,508,178,330,35.04%,1,2,6.5,9,0.01771653543,3,8,5,Stressed,TRUE,TRUE,TRUE
1189,525,Payal Kulkarni,37,15/03/2025,Male,Snapchat,211,116,95,54.98%,0,1,7.9,39,0.1848341232,2,6,6,Stressed,TRUE,FALSE,FALSE
2097,526,Payal Kulkarni,42,18/05/2025,Female,Snapchat,277,152,125,54.87%,1,1,7.6,32,0.1155234657,2,7,6,Stressed,TRUE,FALSE,FALSE
110,527,Payal Kulkarni,53,16/03/2025,Female,Twitter,142,57,85,40.14%,0,1,8.3,46,0.323943662,1,5,7,Healthy,TRUE,FALSE,FALSE
2709,528,Sonal Reddy,24,24/04/2024,Female,Twitter,447,179,268,40.04%,1,2,6.8,15,0.03355704698,3,8,5,Stressed,FALSE,FALSE,FALSE
4026,528,Sonal Reddy,24,15/01/2024,Male,Instagram,494,247,247,50.00%,1,3,6.5,11,0.02226720648,3,8,5,Stressed,TRUE,TRUE,TRUE
3830,529,Sonal Reddy,26,29/08/2024,Female,TikTok,363,236,127,65.01%,2,2,7.2,24,0.06611570248,4,8,5,Stressed,TRUE,FALSE,FALSE
1008,530,Sonal Reddy,37,24/03/2025,Male,Instagram,222,111,111,50.00%,0,1,7.9,38,0.1711711712,2,6,6,Stressed,TRUE,FALSE,FALSE
111,531,Sonal Reddy,55,11/01/2024,Female,Facebook,162,57,105,35.19%,0,1,8.2,44,0.2716049383,1,5,7,Healthy,TRUE,FALSE,FALSE
4914,532,Anika Yadav,21,23/12/2024,Male,TikTok,492,320,172,65.04%,2,3,6.5,11,0.02235772358,4,9,4,Stressed,FALSE,FALSE,FALSE
2917,533,Anika Yadav,25,22/05/2025,Female,Twitter,468,187,281,39.96%,1,2,6.7,13,0.02777777778,3,8,5,Stressed,TRUE,FALSE,FALSE
3055,533,Anika Yadav,26,28/05/2025,Male,YouTube,324,194,130,59.88%,1,3,7.4,28,0.08641975309,3,7,6,Stressed,TRUE,TRUE,TRUE
1787,533,Anika Yadav,27,31/12/2024,Male,Facebook,387,135,252,34.88%,1,1,7.1,21,0.05426356589,2,7,6,Stressed,TRUE,TRUE,TRUE
112,534,Anika Yadav,38,07/04/2024,Male,WhatsApp,229,57,172,24.89%,0,1,7.9,37,0.1615720524,1,5,7,Healthy,TRUE,FALSE,FALSE
148,535,Anika Yadav,63,16/05/2024,Male,Twitter,150,60,90,40.00%,0,1,8.2,45,0.3,1,5,7,Healthy,TRUE,FALSE,FALSE
4394,536,Aditi Iyer,21,23/11/2024,Male,Snapchat,489,269,220,55.01%,1,2,6.6,11,0.02249488753,3,8,5,Stressed,FALSE,FALSE,FALSE
4549,537,Aditi Iyer,25,08/09/2024,Male,Snapchat,514,283,231,55.06%,1,3,6.4,9,0.01750972763,3,8,5,Stressed,TRUE,FALSE,FALSE
1978,538,Aditi Iyer,28,25/08/2024,Female,Twitter,360,144,216,40.00%,1,1,7.2,24,0.06666666667,2,7,6,Stressed,TRUE,FALSE,FALSE
2908,539,Aditi Iyer,30,13/02/2025,Male,Snapchat,339,186,153,54.87%,1,2,7.3,26,0.07669616519,3,7,6,Stressed,TRUE,FALSE,FALSE
1701,540,Aditi Iyer,41,30/10/2025,Female,Snapchat,240,132,108,55.00%,1,1,7.8,36,0.15,2,6,6,Stressed,TRUE,FALSE,FALSE
125,541,Aditi Iyer,43,10/05/2025,Female,WhatsApp,233,58,175,24.89%,0,1,7.8,37,0.1587982833,1,5,7,Healthy,TRUE,FALSE,FALSE
113,541,Aditi Iyer,44,23/03/2025,Male,WhatsApp,227,57,170,25.11%,0,1,7.9,37,0.1629955947,1,5,7,Healthy,TRUE,TRUE,TRUE
4314,542,Aarohi Gupta,16,08/07/2024,Other,TikTok,405,263,142,64.94%,2,2,7,20,0.04938271605,4,9,4,Stressed,FALSE,FALSE,FALSE
1554,543,Aarohi Gupta,22,18/06/2024,Male,WhatsApp,507,127,380,25.05%,1,1,6.5,9,0.01775147929,2,7,6,Stressed,TRUE,FALSE,FALSE
2794,544,Aarohi Gupta,25,20/03/2025,Female,Facebook,517,181,336,35.01%,1,2,6.4,8,0.01547388781,3,8,5,Stressed,TRUE,FALSE,FALSE
3996,544,Aarohi Gupta,26,01/02/2024,Female,TikTok,377,245,132,64.99%,2,2,7.1,22,0.05835543767,4,8,5,Stressed,TRUE,TRUE,TRUE
2227,545,Aarohi Gupta,30,20/03/2025,Female,Twitter,392,157,235,40.05%,1,1,7,21,0.05357142857,2,7,6,Stressed,TRUE,FALSE,FALSE
114,546,Aarohi Gupta,38,07/01/2025,Female,WhatsApp,229,57,172,24.89%,0,1,7.9,37,0.1615720524,1,5,7,Healthy,TRUE,FALSE,FALSE
1070,547,Reyansh Banerjee,18,17/02/2024,Female,WhatsApp,449,112,337,24.94%,0,1,6.8,15,0.03340757238,2,7,6,Stressed,FALSE,FALSE,FALSE
2645,548,Reyansh Banerjee,21,21/07/2024,Female,Twitter,441,176,265,39.91%,1,2,6.8,16,0.03628117914,3,8,5,Stressed,TRUE,FALSE,FALSE
1358,548,Reyansh Banerjee,22,27/09/2025,Female,WhatsApp,485,121,364,24.95%,1,1,6.6,12,0.02474226804,2,7,6,Stressed,TRUE,TRUE,TRUE
2907,548,Reyansh Banerjee,23,03/02/2025,Female,Twitter,466,186,280,39.91%,1,2,6.7,13,0.02789699571,3,8,5,Stressed,TRUE,TRUE,TRUE
1512,548,Reyansh Banerjee,24,26/08/2025,Female,WhatsApp,504,126,378,25.00%,1,1,6.5,10,0.01984126984,2,7,6,Stressed,TRUE,TRUE,TRUE
1491,549,Reyansh Banerjee,27,15/08/2024,Male,Facebook,358,125,233,34.92%,1,1,7.2,24,0.06703910615,2,7,6,Stressed,TRUE,FALSE,FALSE
3370,550,Reyansh Banerjee,31,28/01/2024,Male,Snapchat,383,211,172,55.09%,1,2,7.1,22,0.05744125326,3,7,6,Stressed,TRUE,FALSE,FALSE
1863,551,Reyansh Banerjee,40,14/01/2025,Female,Instagram,277,138,139,49.82%,1,2,7.6,32,0.1155234657,2,7,6,Stressed,TRUE,FALSE,FALSE
115,552,Reyansh Banerjee,43,06/02/2024,Male,WhatsApp,227,57,170,25.11%,0,1,7.9,37,0.1629955947,1,5,7,Healthy,TRUE,FALSE,FALSE
1776,552,Reyansh Banerjee,43,26/01/2024,Female,Instagram,267,134,133,50.19%,1,2,7.7,33,0.1235955056,2,6,6,Stressed,TRUE,TRUE,TRUE
4437,553,Payal Gupta,15,26/07/2025,Male,YouTube,455,273,182,60.00%,1,4,6.7,14,0.03076923077,3,8,5,Stressed,FALSE,FALSE,FALSE
1056,554,Payal Gupta,23,17/12/2024,Male,WhatsApp,449,112,337,24.94%,0,1,6.8,15,0.03340757238,2,7,6,Stressed,TRUE,FALSE,FALSE
3234,554,Payal Gupta,23,02/03/2025,Male,Twitter,504,202,302,40.08%,1,2,6.5,10,0.01984126984,3,8,5,Stressed,TRUE,TRUE,TRUE
3032,555,Payal Gupta,25,10/09/2025,Female,Twitter,482,193,289,40.04%,1,2,6.6,12,0.02489626556,3,8,5,Stressed,TRUE,FALSE,FALSE
1558,556,Payal Gupta,31,16/08/2024,Female,Facebook,364,127,237,34.89%,1,1,7.2,24,0.06593406593,2,7,6,Stressed,TRUE,FALSE,FALSE
1498,557,Payal Gupta,34,08/10/2024,Male,Facebook,359,126,233,35.10%,1,1,7.2,24,0.06685236769,2,7,6,Stressed,TRUE,FALSE,FALSE
505,558,Payal Gupta,43,28/05/2025,Female,Twitter,217,87,130,40.09%,1,1,7.9,38,0.1751152074,2,6,6,Stressed,TRUE,FALSE,FALSE
116,559,Payal Gupta,68,11/04/2024,Male,Facebook,162,57,105,35.19%,0,1,8.2,44,0.2716049383,1,5,7,Healthy,TRUE,FALSE,FALSE
4784,560,Suhani Das,20,05/06/2024,Female,YouTube,503,302,201,60.04%,1,4,6.5,10,0.01988071571,3,8,5,Stressed,FALSE,FALSE,FALSE
3954,560,Suhani Das,21,27/03/2025,Male,Snapchat,441,243,198,55.10%,1,2,6.8,16,0.03628117914,3,8,5,Stressed,TRUE,TRUE,TRUE
4732,560,Suhani Das,21,15/08/2025,Male,TikTok,458,298,160,65.07%,2,3,6.7,14,0.03056768559,4,9,4,Stressed,TRUE,TRUE,TRUE
2951,560,Suhani Das,21,07/08/2025,Female,Twitter,472,189,283,40.04%,1,2,6.6,13,0.02754237288,3,8,5,Stressed,TRUE,TRUE,TRUE
2872,560,Suhani Das,22,19/06/2024,Male,Twitter,460,184,276,40.00%,1,2,6.7,14,0.03043478261,3,8,5,Stressed,TRUE,TRUE,TRUE
5000,560,Suhani Das,23,02/05/2024,Female,TikTok,520,338,182,65.00%,2,3,6.4,8,0.01538461538,4,9,4,Stressed,TRUE,TRUE,TRUE
4814,560,Suhani Das,24,25/11/2024,Male,TikTok,471,306,165,64.97%,2,3,6.6,13,0.02760084926,4,9,4,Stressed,TRUE,TRUE,TRUE
2722,561,Suhani Das,31,28/07/2025,Male,Instagram,358,179,179,50.00%,1,2,7.2,24,0.06703910615,3,7,6,Stressed,TRUE,FALSE,FALSE
117,562,Suhani Das,39,16/01/2024,Male,WhatsApp,230,58,172,25.22%,0,1,7.8,37,0.1608695652,1,5,7,Healthy,TRUE,FALSE,FALSE
1679,563,Suhani Das,45,31/01/2024,Female,YouTube,218,131,87,60.09%,1,2,7.9,38,0.1743119266,2,6,6,Stressed,TRUE,FALSE,FALSE
1768,563,Suhani Das,45,24/05/2025,Female,Snapchat,243,134,109,55.14%,1,1,7.8,36,0.1481481481,2,6,6,Stressed,TRUE,TRUE,TRUE
1276,564,Suhani Das,52,09/11/2024,Female,Snapchat,216,119,97,55.09%,0,1,7.9,38,0.1759259259,2,6,6,Stressed,TRUE,FALSE,FALSE
2181,565,Shaurya Saxena,16,16/10/2025,Other,Facebook,443,155,288,34.99%,1,1,6.8,16,0.03611738149,2,7,6,Stressed,FALSE,FALSE,FALSE
3969,566,Shaurya Saxena,21,15/04/2024,Female,Instagram,488,244,244,50.00%,1,3,6.6,11,0.02254098361,3,8,5,Stressed,TRUE,FALSE,FALSE
3284,567,Shaurya Saxena,27,18/10/2024,Male,YouTube,342,205,137,59.94%,1,3,7.3,26,0.07602339181,3,7,6,Stressed,TRUE,FALSE,FALSE
589,567,Shaurya Saxena,27,26/11/2024,Male,WhatsApp,361,90,271,24.93%,0,1,7.2,24,0.06648199446,2,6,6,Stressed,TRUE,TRUE,TRUE
2022,568,Shaurya Saxena,35,25/09/2024,Other,Twitter,364,146,218,40.11%,1,1,7.2,24,0.06593406593,2,7,6,Stressed,TRUE,FALSE,FALSE
925,568,Shaurya Saxena,36,05/09/2025,Male,Instagram,214,107,107,50.00%,0,1,7.9,39,0.1822429907,2,6,6,Stressed,TRUE,TRUE,TRUE
671,569,Shaurya Saxena,42,08/01/2025,Male,Twitter,234,94,140,40.17%,1,1,7.8,37,0.1581196581,2,6,6,Stressed,TRUE,FALSE,FALSE
118,570,Shaurya Saxena,66,06/10/2025,Female,Facebook,167,58,109,34.73%,0,1,8.2,43,0.2574850299,1,5,7,Healthy,TRUE,FALSE,FALSE
3363,571,Anika Shetty,26,18/07/2024,Female,TikTok,323,210,113,65.02%,1,2,7.4,28,0.0866873065,3,7,6,Stressed,FALSE,FALSE,FALSE
1975,572,Anika Shetty,34,01/01/2024,Female,Twitter,359,144,215,40.11%,1,1,7.2,24,0.06685236769,2,7,6,Stressed,TRUE,FALSE,FALSE
1690,572,Anika Shetty,35,20/06/2024,Male,Facebook,374,131,243,35.03%,1,1,7.1,23,0.0614973262,2,7,6,Stressed,TRUE,TRUE,TRUE
119,572,Anika Shetty,36,24/09/2024,Female,WhatsApp,233,58,175,24.89%,0,1,7.8,37,0.1587982833,1,5,7,Healthy,TRUE,TRUE,TRUE
4767,573,Isha Iyer,20,29/01/2024,Male,TikTok,462,300,162,64.94%,2,3,6.7,14,0.0303030303,4,9,4,Stressed,FALSE,FALSE,FALSE
4713,574,Isha Iyer,24,03/06/2025,Female,YouTube,491,295,196,60.08%,1,4,6.5,11,0.02240325866,3,8,5,Stressed,TRUE,FALSE,FALSE
3587,575,Isha Iyer,32,11/06/2024,Female,YouTube,372,223,149,59.95%,1,3,7.1,23,0.06182795699,3,7,6,Stressed,TRUE,FALSE,FALSE
3021,575,Isha Iyer,33,27/09/2024,Male,YouTube,322,193,129,59.94%,1,3,7.4,28,0.08695652174,3,7,6,Stressed,TRUE,TRUE,TRUE
120,576,Isha Iyer,42,09/09/2025,Male,WhatsApp,231,58,173,25.11%,0,1,7.8,37,0.1601731602,1,5,7,Healthy,TRUE,FALSE,FALSE
1472,577,Isha Iyer,49,23/01/2024,Male,YouTube,209,125,84,59.81%,1,2,8,39,0.1866028708,2,6,6,Stressed,TRUE,FALSE,FALSE
2561,578,Vihaan Saxena,17,23/07/2025,Female,Twitter,433,173,260,39.95%,1,2,6.8,17,0.03926096998,3,8,5,Stressed,FALSE,FALSE,FALSE
3848,579,Vihaan Saxena,25,09/02/2024,Female,Instagram,474,237,237,50.00%,1,3,6.6,13,0.02742616034,3,8,5,Stressed,TRUE,FALSE,FALSE
1882,580,Vihaan Saxena,36,03/08/2024,Female,Snapchat,252,139,113,55.16%,1,1,7.7,35,0.1388888889,2,6,6,Stressed,TRUE,FALSE,FALSE
1851,581,Vihaan Saxena,40,12/09/2025,Male,YouTube,229,137,92,59.83%,1,2,7.9,37,0.1615720524,2,6,6,Stressed,TRUE,FALSE,FALSE
324,582,Vihaan Saxena,52,06/11/2024,Female,Twitter,195,78,117,40.00%,1,1,8,40,0.2051282051,2,6,6,Stressed,TRUE,FALSE,FALSE
121,583,Vihaan Saxena,64,07/01/2024,Female,Twitter,145,58,87,40.00%,0,1,8.3,46,0.3172413793,1,5,7,Healthy,TRUE,FALSE,FALSE
2601,584,Vihaan Ghosh,19,05/07/2024,Male,Facebook,496,174,322,35.08%,1,2,6.5,10,0.02016129032,3,8,5,Stressed,FALSE,FALSE,FALSE
2660,585,Vihaan Ghosh,23,23/09/2024,Male,Facebook,506,177,329,34.98%,1,2,6.5,9,0.01778656126,3,8,5,Stressed,TRUE,FALSE,FALSE
4511,585,Vihaan Ghosh,24,09/11/2024,Male,YouTube,465,279,186,60.00%,1,4,6.7,14,0.03010752688,3,8,5,Stressed,TRUE,TRUE,TRUE
3257,586,Vihaan Ghosh,30,17/04/2024,Male,Snapchat,370,204,166,55.14%,1,2,7.2,23,0.06216216216,3,7,6,Stressed,TRUE,FALSE,FALSE
3809,587,Vihaan Ghosh,34,02/07/2024,Male,YouTube,392,235,157,59.95%,1,3,7,21,0.05357142857,3,8,5,Stressed,TRUE,FALSE,FALSE
122,588,Vihaan Ghosh,62,30/06/2024,Male,Twitter,144,58,86,40.28%,0,1,8.3,46,0.3194444444,1,5,7,Healthy,TRUE,FALSE,FALSE
4614,589,Myra Choudhary,24,08/04/2025,Female,YouTube,478,287,191,60.04%,1,4,6.6,12,0.02510460251,3,8,5,Stressed,FALSE,FALSE,FALSE
389,590,Myra Choudhary,37,23/05/2025,Female,Facebook,233,82,151,35.19%,0,1,7.8,37,0.1587982833,1,5,7,Healthy,TRUE,FALSE,FALSE
123,591,Myra Choudhary,52,09/07/2025,Female,Twitter,145,58,87,40.00%,0,1,8.3,46,0.3172413793,1,5,7,Healthy,TRUE,FALSE,FALSE
2935,592,Anika Rawat,21,15/10/2025,Female,Twitter,469,188,281,40.09%,1,2,6.7,13,0.02771855011,3,8,5,Stressed,FALSE,FALSE,FALSE
4939,593,Anika Rawat,24,28/07/2024,Male,TikTok,502,326,176,64.94%,2,3,6.5,10,0.01992031873,4,9,4,Stressed,TRUE,FALSE,FALSE
2015,594,Anika Rawat,26,26/06/2024,Female,Twitter,364,146,218,40.11%,1,1,7.2,24,0.06593406593,2,7,6,Stressed,TRUE,FALSE,FALSE
1746,595,Anika Rawat,44,01/11/2024,Female,TikTok,205,133,72,64.88%,1,1,8,40,0.1951219512,2,6,6,Stressed,TRUE,FALSE,FALSE
124,596,Anika Rawat,49,14/02/2024,Female,Twitter,144,58,86,40.28%,0,1,8.3,46,0.3194444444,1,5,7,Healthy,TRUE,FALSE,FALSE
803,597,Meera Khan,17,13/05/2025,Female,WhatsApp,396,99,297,25.00%,0,1,7,20,0.05050505051,2,7,6,Stressed,FALSE,FALSE,FALSE
2701,598,Meera Khan,20,10/03/2025,Female,Facebook,510,178,332,34.90%,1,2,6.4,9,0.01764705882,3,8,5,Stressed,TRUE,FALSE,FALSE
162,599,Meera Khan,36,04/11/2025,Female,WhatsApp,244,61,183,25.00%,0,1,7.8,36,0.1475409836,1,5,7,At_Risk,TRUE,FALSE,FALSE
126,600,Meera Khan,67,22/08/2024,Female,Twitter,145,58,87,40.00%,0,1,8.3,46,0.3172413793,1,5,7,Healthy,TRUE,FALSE,FALSE
4447,601,Sonal Yadav,19,17/10/2025,Female,YouTube,456,274,182,60.09%,1,4,6.7,14,0.03070175439,3,8,5,Stressed,FALSE,FALSE,FALSE
2473,602,Sonal Yadav,21,10/03/2025,Female,Facebook,481,168,313,34.93%,1,1,6.6,12,0.02494802495,3,8,5,Stressed,TRUE,FALSE,FALSE
2628,603,Sonal Yadav,23,15/10/2025,Male,Twitter,440,176,264,40.00%,1,2,6.8,16,0.03636363636,3,8,5,Stressed,TRUE,FALSE,FALSE
4591,603,Sonal Yadav,23,02/03/2024,Female,Snapchat,519,285,234,54.91%,1,3,6.4,8,0.01541425819,3,8,5,Stressed,TRUE,TRUE,TRUE
1727,604,Sonal Yadav,39,19/06/2025,Male,TikTok,205,133,72,64.88%,1,1,8,40,0.1951219512,2,6,6,Stressed,TRUE,FALSE,FALSE
127,604,Sonal Yadav,39,16/11/2025,Female,WhatsApp,234,58,176,24.79%,0,1,7.8,37,0.1581196581,1,5,7,Healthy,TRUE,TRUE,TRUE
1043,604,Sonal Yadav,40,31/05/2024,Female,Instagram,225,112,113,49.78%,0,1,7.9,38,0.1688888889,2,6,6,Stressed,TRUE,TRUE,TRUE
2092,604,Sonal Yadav,41,11/09/2025,Female,TikTok,233,151,82,64.81%,1,1,7.8,37,0.1587982833,2,6,6,Stressed,TRUE,TRUE,TRUE
3529,605,Payal Saxena,13,27/10/2025,Male,Instagram,441,220,221,49.89%,1,3,6.8,16,0.03628117914,3,8,5,Stressed,FALSE,FALSE,FALSE
3037,606,Payal Saxena,17,28/07/2025,Female,Instagram,389,194,195,49.87%,1,3,7.1,21,0.05398457584,3,8,5,Stressed,TRUE,FALSE,FALSE
4107,607,Payal Saxena,20,15/06/2025,Male,Snapchat,457,251,206,54.92%,1,2,6.7,14,0.0306345733,3,8,5,Stressed,TRUE,FALSE,FALSE
128,608,Payal Saxena,64,08/09/2024,Female,Twitter,147,59,88,40.14%,0,1,8.3,45,0.306122449,1,5,7,Healthy,TRUE,FALSE,FALSE
4279,609,Anika Sharma,14,04/11/2025,Female,YouTube,433,260,173,60.05%,1,3,6.8,17,0.03926096998,3,8,5,Stressed,FALSE,FALSE,FALSE
4600,610,Anika Sharma,19,24/06/2024,Female,TikTok,440,286,154,65.00%,2,3,6.8,16,0.03636363636,4,9,4,Stressed,TRUE,FALSE,FALSE
2802,610,Anika Sharma,19,23/01/2025,Male,Twitter,453,181,272,39.96%,1,2,6.7,15,0.03311258278,3,8,5,Stressed,TRUE,TRUE,TRUE
3610,611,Anika Sharma,21,25/05/2024,Male,Instagram,447,224,223,50.11%,1,3,6.8,15,0.03355704698,3,8,5,Stressed,TRUE,FALSE,FALSE
3779,612,Anika Sharma,33,13/06/2024,Female,TikTok,359,233,126,64.90%,2,2,7.2,24,0.06685236769,3,8,5,Stressed,TRUE,FALSE,FALSE
130,613,Anika Sharma,49,29/04/2024,Female,Facebook,170,59,111,34.71%,0,1,8.2,43,0.2529411765,1,5,7,Healthy,TRUE,FALSE,FALSE
3211,614,Arjun Kulkarni,21,17/08/2025,Male,Twitter,502,201,301,40.04%,1,2,6.5,10,0.01992031873,3,8,5,Stressed,FALSE,FALSE,FALSE
1245,615,Arjun Kulkarni,24,09/03/2024,Female,WhatsApp,471,118,353,25.05%,0,1,6.6,13,0.02760084926,2,7,6,Stressed,TRUE,FALSE,FALSE
3064,616,Arjun Kulkarni,33,12/04/2025,Male,Snapchat,352,194,158,55.11%,1,2,7.2,25,0.07102272727,3,7,6,Stressed,TRUE,FALSE,FALSE
517,617,Arjun Kulkarni,39,03/03/2024,Male,Twitter,218,87,131,39.91%,1,1,7.9,38,0.1743119266,2,6,6,Stressed,TRUE,FALSE,FALSE
131,618,Arjun Kulkarni,68,30/10/2025,Female,Facebook,170,59,111,34.71%,0,1,8.2,43,0.2529411765,1,5,7,Healthy,TRUE,FALSE,FALSE
3017,619,Anika Banerjee,19,25/01/2024,Male,Twitter,482,193,289,40.04%,1,2,6.6,12,0.02489626556,3,8,5,Stressed,FALSE,FALSE,FALSE
1063,619,Anika Banerjee,20,24/07/2024,Male,WhatsApp,448,112,336,25.00%,0,1,6.8,15,0.03348214286,2,7,6,Stressed,TRUE,TRUE,TRUE
4313,619,Anika Banerjee,21,21/07/2024,Male,Snapchat,479,263,216,54.91%,1,2,6.6,12,0.02505219207,3,8,5,Stressed,TRUE,TRUE,TRUE
3998,620,Anika Banerjee,23,16/08/2025,Female,Instagram,492,246,246,50.00%,1,3,6.5,11,0.02235772358,3,8,5,Stressed,TRUE,FALSE,FALSE
818,621,Anika Banerjee,37,09/07/2024,Female,Instagram,201,100,101,49.75%,0,1,8,40,0.1990049751,2,6,6,Stressed,TRUE,FALSE,FALSE
642,621,Anika Banerjee,37,29/01/2025,Male,Twitter,231,92,139,39.83%,1,1,7.8,37,0.1601731602,2,6,6,Stressed,TRUE,TRUE,TRUE
1570,622,Anika Banerjee,42,23/01/2024,Male,Instagram,255,128,127,50.20%,1,2,7.7,34,0.1333333333,2,6,6,Stressed,TRUE,FALSE,FALSE
132,623,Anika Banerjee,51,30/01/2025,Female,Twitter,148,59,89,39.86%,0,1,8.3,45,0.3040540541,1,5,7,Healthy,TRUE,FALSE,FALSE
3962,624,Suhani Banerjee,18,12/10/2024,Female,Snapchat,441,243,198,55.10%,1,2,6.8,16,0.03628117914,3,8,5,Stressed,FALSE,FALSE,FALSE
4619,624,Suhani Banerjee,19,15/04/2025,Male,YouTube,479,287,192,59.92%,1,4,6.6,12,0.02505219207,3,8,5,Stressed,TRUE,TRUE,TRUE
4419,625,Suhani Banerjee,22,24/06/2025,Male,YouTube,453,272,181,60.04%,1,4,6.7,15,0.03311258278,3,8,5,Stressed,TRUE,FALSE,FALSE
2832,625,Suhani Banerjee,22,02/11/2025,Female,Twitter,454,182,272,40.09%,1,2,6.7,15,0.03303964758,3,8,5,Stressed,TRUE,TRUE,TRUE
410,626,Suhani Banerjee,27,20/05/2025,Female,WhatsApp,331,83,248,25.08%,0,1,7.3,27,0.08157099698,1,6,7,Stressed,TRUE,FALSE,FALSE
2755,627,Suhani Banerjee,30,11/11/2024,Male,Instagram,360,180,180,50.00%,1,2,7.2,24,0.06666666667,3,7,6,Stressed,TRUE,FALSE,FALSE
2202,628,Suhani Banerjee,32,24/02/2025,Other,Twitter,389,156,233,40.10%,1,1,7.1,21,0.05398457584,2,7,6,Stressed,TRUE,FALSE,FALSE
3371,629,Suhani Banerjee,34,30/07/2025,Other,Snapchat,383,211,172,55.09%,1,2,7.1,22,0.05744125326,3,7,6,Stressed,TRUE,FALSE,FALSE
341,630,Suhani Banerjee,47,08/08/2024,Male,Twitter,201,80,121,39.80%,1,1,8,40,0.1990049751,2,6,6,Stressed,TRUE,FALSE,FALSE
1801,631,Suhani Banerjee,50,12/09/2024,Female,TikTok,208,135,73,64.90%,1,1,8,39,0.1875,2,6,6,Stressed,TRUE,FALSE,FALSE
133,632,Suhani Banerjee,62,15/09/2024,Female,Twitter,148,59,89,39.86%,0,1,8.3,45,0.3040540541,1,5,7,Healthy,TRUE,FALSE,FALSE
2130,633,Meera Banerjee,18,14/09/2025,Female,Twitter,382,153,229,40.05%,1,1,7.1,22,0.05759162304,2,7,6,Stressed,FALSE,FALSE,FALSE
4345,634,Meera Banerjee,25,22/08/2025,Female,Snapchat,483,266,217,55.07%,1,2,6.6,12,0.0248447205,3,8,5,Stressed,TRUE,FALSE,FALSE
134,635,Meera Banerjee,38,08/01/2025,Female,WhatsApp,235,59,176,25.11%,0,1,7.8,36,0.1531914894,1,5,7,Healthy,TRUE,FALSE,FALSE
1381,635,Meera Banerjee,39,05/09/2025,Female,Instagram,243,122,121,50.21%,1,2,7.8,36,0.1481481481,2,6,6,Stressed,TRUE,TRUE,TRUE
1018,636,Meera Banerjee,45,13/03/2025,Male,Twitter,277,111,166,40.07%,1,1,7.6,32,0.1155234657,2,7,6,Stressed,TRUE,FALSE,FALSE
1760,637,Myra Shetty,27,10/11/2025,Female,Twitter,335,134,201,40.00%,1,1,7.3,26,0.0776119403,2,7,6,Stressed,FALSE,FALSE,FALSE
135,638,Myra Shetty,36,02/03/2024,Female,WhatsApp,236,59,177,25.00%,0,1,7.8,36,0.1525423729,1,5,7,Healthy,TRUE,FALSE,FALSE
4531,639,Aditya Yadav,24,14/02/2024,Male,Snapchat,511,281,230,54.99%,1,2,6.4,9,0.01761252446,3,8,5,Stressed,FALSE,FALSE,FALSE
136,640,Aditya Yadav,67,28/10/2024,Male,Facebook,170,59,111,34.71%,0,1,8.2,43,0.2529411765,1,5,7,Healthy,TRUE,FALSE,FALSE
4119,641,Suhani Kulkarni,19,06/02/2025,Female,Snapchat,458,252,206,55.02%,1,2,6.7,14,0.03056768559,3,8,5,Stressed,FALSE,FALSE,FALSE
2869,642,Suhani Kulkarni,21,20/03/2025,Other,Twitter,460,184,276,40.00%,1,2,6.7,14,0.03043478261,3,8,5,Stressed,TRUE,FALSE,FALSE
3572,642,Suhani Kulkarni,22,25/04/2025,Female,Instagram,443,222,221,50.11%,1,3,6.8,16,0.03611738149,3,8,5,Stressed,TRUE,TRUE,TRUE
3743,642,Suhani Kulkarni,22,21/10/2024,Female,Instagram,460,230,230,50.00%,1,3,6.7,14,0.03043478261,3,8,5,Stressed,TRUE,TRUE,TRUE
4556,642,Suhani Kulkarni,22,02/08/2025,Female,Snapchat,515,283,232,54.95%,1,3,6.4,8,0.01553398058,3,8,5,Stressed,TRUE,TRUE,TRUE
3223,642,Suhani Kulkarni,23,19/03/2025,Male,Twitter,506,202,304,39.92%,1,2,6.5,9,0.01778656126,3,8,5,Stressed,TRUE,TRUE,TRUE
4111,642,Suhani Kulkarni,24,16/11/2024,Male,Snapchat,459,252,207,54.90%,1,2,6.7,14,0.03050108932,3,8,5,Stressed,TRUE,TRUE,TRUE
2521,643,Suhani Kulkarni,32,07/05/2024,Female,Instagram,342,171,171,50.00%,1,2,7.3,26,0.07602339181,3,7,6,Stressed,TRUE,FALSE,FALSE
1565,643,Suhani Kulkarni,33,03/06/2024,Female,Facebook,366,128,238,34.97%,1,1,7.2,23,0.06284153005,2,7,6,Stressed,TRUE,TRUE,TRUE
3719,644,Suhani Kulkarni,35,03/03/2024,Male,TikTok,352,229,123,65.06%,2,2,7.2,25,0.07102272727,3,8,5,Stressed,TRUE,FALSE,FALSE
138,645,Suhani Kulkarni,66,29/05/2025,Male,Facebook,168,59,109,35.12%,0,1,8.2,43,0.255952381,1,5,7,Healthy,TRUE,FALSE,FALSE
4471,646,Aarav Joshi,15,28/11/2024,Male,TikTok,423,275,148,65.01%,2,2,6.9,18,0.04255319149,4,9,4,Stressed,FALSE,FALSE,FALSE
1905,646,Aarav Joshi,16,04/04/2025,Male,Facebook,401,140,261,34.91%,1,1,7,20,0.04987531172,2,7,6,Stressed,TRUE,TRUE,TRUE
139,647,Aarav Joshi,40,01/06/2024,Male,WhatsApp,236,59,177,25.00%,0,1,7.8,36,0.1525423729,1,5,7,Healthy,TRUE,FALSE,FALSE
4346,648,Aditya Saxena,21,05/04/2025,Male,YouTube,443,266,177,60.05%,1,4,6.8,16,0.03611738149,3,8,5,Stressed,FALSE,FALSE,FALSE
4129,648,Aditya Saxena,21,07/08/2024,Other,Snapchat,458,252,206,55.02%,1,2,6.7,14,0.03056768559,3,8,5,Stressed,TRUE,TRUE,TRUE
2481,649,Aditya Saxena,24,22/02/2024,Male,Facebook,479,168,311,35.07%,1,1,6.6,12,0.02505219207,3,8,5,Stressed,TRUE,FALSE,FALSE
2564,649,Aditya Saxena,24,27/01/2025,Male,Facebook,493,173,320,35.09%,1,2,6.5,11,0.02231237323,3,8,5,Stressed,TRUE,TRUE,TRUE
4190,649,Aditya Saxena,25,08/02/2025,Female,Snapchat,464,255,209,54.96%,1,2,6.7,14,0.03017241379,3,8,5,Stressed,TRUE,TRUE,TRUE
1916,650,Aditya Saxena,44,21/04/2024,Male,TikTok,215,140,75,65.12%,1,1,7.9,38,0.176744186,2,6,6,Stressed,TRUE,FALSE,FALSE
140,651,Aditya Saxena,50,12/07/2024,Female,Facebook,168,59,109,35.12%,0,1,8.2,43,0.255952381,1,5,7,Healthy,TRUE,FALSE,FALSE
1541,652,Vivaan Das,24,26/06/2024,Female,WhatsApp,508,127,381,25.00%,1,1,6.5,9,0.01771653543,2,7,6,Stressed,FALSE,FALSE,FALSE
604,653,Vivaan Das,31,02/01/2024,Male,WhatsApp,360,90,270,25.00%,0,1,7.2,24,0.06666666667,2,6,6,Stressed,TRUE,FALSE,FALSE
431,654,Vivaan Das,34,04/01/2025,Male,WhatsApp,337,84,253,24.93%,0,1,7.3,26,0.07715133531,1,6,7,Stressed,TRUE,FALSE,FALSE
2296,655,Vivaan Das,45,07/11/2024,Female,TikTok,246,160,86,65.04%,1,1,7.8,35,0.1422764228,2,6,6,Stressed,TRUE,FALSE,FALSE
141,656,Vivaan Das,47,26/03/2025,Female,Twitter,149,60,89,40.27%,0,1,8.3,45,0.3020134228,1,5,7,Healthy,TRUE,FALSE,FALSE
4933,657,Avni Shinde,20,17/11/2024,Female,TikTok,499,324,175,64.93%,2,3,6.5,10,0.02004008016,4,9,4,Stressed,FALSE,FALSE,FALSE
2877,658,Avni Shinde,34,01/11/2025,Female,Snapchat,337,185,152,54.90%,1,2,7.3,26,0.07715133531,3,7,6,Stressed,TRUE,FALSE,FALSE
142,659,Avni Shinde,39,10/02/2024,Male,WhatsApp,239,60,179,25.10%,0,1,7.8,36,0.1506276151,1,5,7,Healthy,TRUE,FALSE,FALSE
4166,660,Navya Rawat,29,14/08/2025,Female,TikTok,390,254,136,65.13%,2,2,7,21,0.05384615385,4,8,5,Stressed,FALSE,FALSE,FALSE
4028,661,Navya Rawat,31,12/12/2024,Male,TikTok,382,248,134,64.92%,2,2,7.1,22,0.05759162304,4,8,5,Stressed,TRUE,FALSE,FALSE
2245,661,Navya Rawat,31,06/03/2024,Female,Twitter,396,158,238,39.90%,1,1,7,20,0.05050505051,2,7,6,Stressed,TRUE,TRUE,TRUE
877,662,Navya Rawat,39,19/07/2025,Male,Instagram,208,104,104,50.00%,0,1,8,39,0.1875,2,6,6,Stressed,TRUE,FALSE,FALSE
370,663,Navya Rawat,41,07/08/2024,Female,Twitter,203,81,122,39.90%,1,1,8,40,0.197044335,2,6,6,Stressed,TRUE,FALSE,FALSE
143,664,Navya Rawat,43,12/08/2025,Female,WhatsApp,239,60,179,25.10%,0,1,7.8,36,0.1506276151,1,5,7,Healthy,TRUE,FALSE,FALSE
4360,665,Aditya Rathod,21,01/05/2024,Female,Snapchat,486,267,219,54.94%,1,2,6.6,11,0.02263374486,3,8,5,Stressed,FALSE,FALSE,FALSE
2746,665,Aditya Rathod,22,01/07/2024,Female,Twitter,450,180,270,40.00%,1,2,6.8,15,0.03333333333,3,8,5,Stressed,TRUE,TRUE,TRUE
4897,665,Aditya Rathod,22,07/01/2024,Female,TikTok,488,317,171,64.96%,2,3,6.6,11,0.02254098361,4,9,4,Stressed,TRUE,TRUE,TRUE
4692,665,Aditya Rathod,23,10/05/2025,Male,YouTube,488,293,195,60.04%,1,4,6.6,11,0.02254098361,3,8,5,Stressed,TRUE,TRUE,TRUE
2545,666,Aditya Rathod,33,31/03/2025,Female,Instagram,343,172,171,50.15%,1,2,7.3,26,0.07580174927,3,7,6,Stressed,TRUE,FALSE,FALSE
1791,667,Aditya Rathod,42,15/09/2024,Female,Snapchat,246,135,111,54.88%,1,1,7.8,35,0.1422764228,2,6,6,Stressed,TRUE,FALSE,FALSE
292,668,Aditya Rathod,44,03/04/2025,Female,Facebook,215,75,140,34.88%,0,1,7.9,38,0.176744186,1,5,7,Healthy,TRUE,FALSE,FALSE
144,669,Aditya Rathod,56,01/01/2025,Female,Twitter,150,60,90,40.00%,0,1,8.2,45,0.3,1,5,7,Healthy,TRUE,FALSE,FALSE
2160,670,Ishaan Sharma,13,30/05/2024,Female,Twitter,386,154,232,39.90%,1,1,7.1,21,0.05440414508,2,7,6,Stressed,FALSE,FALSE,FALSE
726,670,Ishaan Sharma,14,16/03/2024,Female,WhatsApp,383,96,287,25.07%,0,1,7.1,22,0.05744125326,2,6,6,Stressed,TRUE,TRUE,TRUE
2356,670,Ishaan Sharma,14,22/06/2025,Male,Twitter,406,162,244,39.90%,1,1,7,19,0.04679802956,2,7,6,Stressed,TRUE,TRUE,TRUE
715,670,Ishaan Sharma,15,23/10/2024,Male,WhatsApp,382,96,286,25.13%,0,1,7.1,22,0.05759162304,2,6,6,Stressed,TRUE,TRUE,TRUE
4130,671,Ishaan Sharma,20,26/08/2024,Male,Instagram,505,252,253,49.90%,1,3,6.5,10,0.0198019802,3,8,5,Stressed,TRUE,FALSE,FALSE
1637,672,Ishaan Sharma,28,11/08/2025,Female,Facebook,369,129,240,34.96%,1,1,7.2,23,0.06233062331,2,7,6,Stressed,TRUE,FALSE,FALSE
434,673,Ishaan Sharma,32,26/02/2025,Male,WhatsApp,338,84,254,24.85%,0,1,7.3,26,0.07692307692,1,6,7,Stressed,TRUE,FALSE,FALSE
145,674,Ishaan Sharma,41,18/06/2024,Female,WhatsApp,238,60,178,25.21%,0,1,7.8,36,0.1512605042,1,5,7,Healthy,TRUE,FALSE,FALSE
524,675,Ishaan Sharma,43,03/01/2025,Male,Facebook,250,88,162,35.20%,0,1,7.8,35,0.14,1,5,7,At_Risk,TRUE,FALSE,FALSE
268,676,Ishaan Sharma,58,03/09/2025,Male,Twitter,181,72,109,39.78%,0,1,8.1,42,0.2320441989,1,5,7,Healthy,TRUE,FALSE,FALSE
570,677,Ishaan Sharma,61,29/03/2024,Male,YouTube,148,89,59,60.14%,0,1,8.3,45,0.3040540541,1,5,7,Healthy,TRUE,FALSE,FALSE
334,678,Ishaan Sharma,67,10/08/2024,Male,Snapchat,141,78,63,55.32%,0,1,8.3,46,0.3262411348,1,5,7,Healthy,TRUE,FALSE,FALSE
3989,679,Myra Reddy,13,22/05/2024,Female,Snapchat,446,245,201,54.93%,1,2,6.8,15,0.033632287,3,8,5,Stressed,FALSE,FALSE,FALSE
1944,680,Myra Reddy,17,05/04/2024,Male,Facebook,407,142,265,34.89%,1,1,7,19,0.04668304668,2,7,6,Stressed,TRUE,FALSE,FALSE
2086,680,Myra Reddy,18,19/10/2024,Female,Facebook,432,151,281,34.95%,1,1,6.8,17,0.03935185185,2,7,6,Stressed,TRUE,TRUE,TRUE
4913,680,Myra Reddy,19,09/11/2025,Female,TikTok,492,320,172,65.04%,2,3,6.5,11,0.02235772358,4,9,4,Stressed,TRUE,TRUE,TRUE
4427,681,Myra Reddy,21,17/02/2024,Female,Snapchat,494,272,222,55.06%,1,2,6.5,11,0.02226720648,3,8,5,Stressed,TRUE,FALSE,FALSE
4631,681,Myra Reddy,22,10/06/2024,Female,TikTok,444,289,155,65.09%,2,3,6.8,16,0.03603603604,4,9,4,Stressed,TRUE,TRUE,TRUE
3687,682,Myra Reddy,30,11/07/2024,Female,TikTok,351,228,123,64.96%,2,2,7.2,25,0.07122507123,3,8,5,Stressed,TRUE,FALSE,FALSE
146,683,Myra Reddy,45,18/01/2025,Male,WhatsApp,242,60,182,24.79%,0,1,7.8,36,0.1487603306,1,5,7,At_Risk,TRUE,FALSE,FALSE
3625,684,Arjun Sharma,13,19/06/2025,Female,Snapchat,409,225,184,55.01%,1,2,7,19,0.04645476773,3,8,5,Stressed,FALSE,FALSE,FALSE
3605,685,Arjun Sharma,15,27/07/2025,Female,Snapchat,408,224,184,54.90%,1,2,7,19,0.04656862745,3,8,5,Stressed,TRUE,FALSE,FALSE
4123,686,Arjun Sharma,19,01/10/2025,Female,Snapchat,459,252,207,54.90%,1,2,6.7,14,0.03050108932,3,8,5,Stressed,TRUE,FALSE,FALSE
2471,686,Arjun Sharma,20,25/07/2024,Female,Facebook,481,168,313,34.93%,1,1,6.6,12,0.02494802495,3,8,5,Stressed,TRUE,TRUE,TRUE
2691,687,Arjun Sharma,32,12/04/2025,Other,Snapchat,323,178,145,55.11%,1,2,7.4,28,0.0866873065,3,7,6,Stressed,TRUE,FALSE,FALSE
325,688,Arjun Sharma,38,26/01/2024,Male,Facebook,224,78,146,34.82%,0,1,7.9,38,0.1696428571,1,5,7,Healthy,TRUE,FALSE,FALSE
1981,688,Arjun Sharma,38,23/07/2024,Male,YouTube,240,144,96,60.00%,1,2,7.8,36,0.15,2,6,6,Stressed,TRUE,TRUE,TRUE
149,689,Arjun Sharma,40,29/07/2025,Male,WhatsApp,243,61,182,25.10%,0,1,7.8,36,0.1481481481,1,5,7,At_Risk,TRUE,FALSE,FALSE
1939,690,Ishaan Pawar,17,26/04/2024,Female,Facebook,404,141,263,34.90%,1,1,7,20,0.0495049505,2,7,6,Stressed,FALSE,FALSE,FALSE
1165,691,Ishaan Pawar,25,21/06/2025,Male,WhatsApp,461,115,346,24.95%,0,1,6.7,14,0.03036876356,2,7,6,Stressed,TRUE,FALSE,FALSE
1641,692,Ishaan Pawar,35,09/04/2025,Female,Twitter,325,130,195,40.00%,1,1,7.4,28,0.08615384615,2,7,6,Stressed,TRUE,FALSE,FALSE
150,693,Ishaan Pawar,48,08/09/2025,Male,Facebook,175,61,114,34.86%,0,1,8.1,42,0.24,1,5,7,Healthy,TRUE,FALSE,FALSE
3410,694,Saanvi Choudhary,15,03/02/2024,Female,Snapchat,386,212,174,54.92%,1,2,7.1,21,0.05440414508,3,8,5,Stressed,FALSE,FALSE,FALSE
4808,695,Saanvi Choudhary,21,01/03/2025,Female,YouTube,508,305,203,60.04%,1,4,6.5,9,0.01771653543,3,8,5,Stressed,TRUE,FALSE,FALSE
1301,696,Saanvi Choudhary,24,27/08/2024,Female,WhatsApp,481,120,361,24.95%,0,1,6.6,12,0.02494802495,2,7,6,Stressed,TRUE,FALSE,FALSE
2949,697,Saanvi Choudhary,26,09/11/2025,Female,Snapchat,344,189,155,54.94%,1,2,7.3,26,0.07558139535,3,7,6,Stressed,TRUE,FALSE,FALSE
3168,698,Saanvi Choudhary,35,15/05/2024,Male,Snapchat,362,199,163,54.97%,1,2,7.2,24,0.06629834254,3,7,6,Stressed,TRUE,FALSE,FALSE
1479,698,Saanvi Choudhary,36,14/11/2025,Female,YouTube,208,125,83,60.10%,1,2,8,39,0.1875,2,6,6,Stressed,TRUE,TRUE,TRUE
2250,699,Saanvi Choudhary,38,07/06/2024,Female,YouTube,263,158,105,60.08%,1,2,7.7,34,0.1292775665,2,6,6,Stressed,TRUE,FALSE,FALSE
151,700,Saanvi Choudhary,54,26/10/2025,Female,Twitter,153,61,92,39.87%,0,1,8.2,45,0.2941176471,1,5,7,Healthy,TRUE,FALSE,FALSE
2959,701,Diya Nair,16,24/05/2024,Female,Instagram,381,190,191,49.87%,1,3,7.1,22,0.05774278215,3,7,6,Stressed,FALSE,FALSE,FALSE
4379,702,Diya Nair,19,09/08/2025,Male,Snapchat,487,268,219,55.03%,1,2,6.6,11,0.02258726899,3,8,5,Stressed,TRUE,FALSE,FALSE
4919,702,Diya Nair,20,10/06/2024,Female,TikTok,496,322,174,64.92%,2,3,6.5,10,0.02016129032,4,9,4,Stressed,TRUE,TRUE,TRUE
3278,702,Diya Nair,20,20/03/2024,Male,Twitter,512,205,307,40.04%,1,2,6.4,9,0.017578125,3,8,5,Stressed,TRUE,TRUE,TRUE
3285,702,Diya Nair,21,03/11/2024,Female,Twitter,512,205,307,40.04%,1,2,6.4,9,0.017578125,3,8,5,Stressed,TRUE,TRUE,TRUE
2443,703,Diya Nair,29,17/02/2024,Female,Instagram,332,166,166,50.00%,1,2,7.3,27,0.0813253012,3,7,6,Stressed,TRUE,FALSE,FALSE
1827,704,Diya Nair,43,15/02/2025,Female,Snapchat,248,136,112,54.84%,1,1,7.8,35,0.1411290323,2,6,6,Stressed,TRUE,FALSE,FALSE
232,705,Diya Nair,51,14/07/2025,Female,Twitter,169,68,101,40.24%,0,1,8.2,43,0.2544378698,1,5,7,Healthy,TRUE,FALSE,FALSE
152,705,Diya Nair,51,15/04/2025,Male,Facebook,174,61,113,35.06%,0,1,8.1,43,0.2471264368,1,5,7,Healthy,TRUE,TRUE,TRUE
3813,706,Payal Rathod,13,02/07/2025,Male,Snapchat,428,235,193,54.91%,1,2,6.9,17,0.03971962617,3,8,5,Stressed,FALSE,FALSE,FALSE
3731,707,Payal Rathod,20,29/10/2024,Male,Instagram,461,230,231,49.89%,1,3,6.7,14,0.03036876356,3,8,5,Stressed,TRUE,FALSE,FALSE
2492,707,Payal Rathod,20,17/05/2024,Other,Facebook,484,169,315,34.92%,1,2,6.6,12,0.02479338843,3,8,5,Stressed,TRUE,TRUE,TRUE
3342,707,Payal Rathod,20,28/09/2025,Male,Twitter,519,208,311,40.08%,1,2,6.4,8,0.01541425819,3,8,5,Stressed,TRUE,TRUE,TRUE
153,708,Payal Rathod,37,28/10/2025,Female,WhatsApp,243,61,182,25.10%,0,1,7.8,36,0.1481481481,1,5,7,At_Risk,TRUE,FALSE,FALSE
975,709,Vihaan Khan,21,07/04/2024,Female,WhatsApp,440,110,330,25.00%,0,1,6.8,16,0.03636363636,2,7,6,Stressed,FALSE,FALSE,FALSE
4340,709,Vihaan Khan,22,13/07/2024,Male,YouTube,444,266,178,59.91%,1,4,6.8,16,0.03603603604,3,8,5,Stressed,TRUE,TRUE,TRUE
4727,709,Vihaan Khan,22,22/12/2024,Male,TikTok,457,297,160,64.99%,2,3,6.7,14,0.0306345733,4,9,4,Stressed,TRUE,TRUE,TRUE
2665,709,Vihaan Khan,22,31/10/2024,Male,Facebook,505,177,328,35.05%,1,2,6.5,10,0.0198019802,3,8,5,Stressed,TRUE,TRUE,TRUE
1605,709,Vihaan Khan,23,06/04/2024,Male,WhatsApp,515,129,386,25.05%,1,1,6.4,8,0.01553398058,2,7,6,Stressed,TRUE,TRUE,TRUE
1660,709,Vihaan Khan,24,14/06/2025,Male,WhatsApp,518,130,388,25.10%,1,1,6.4,8,0.01544401544,2,7,6,Stressed,TRUE,TRUE,TRUE
644,710,Vihaan Khan,31,29/04/2025,Female,WhatsApp,369,92,277,24.93%,0,1,7.2,23,0.06233062331,2,6,6,Stressed,TRUE,FALSE,FALSE
399,711,Vihaan Khan,38,16/04/2025,Male,Twitter,206,82,124,39.81%,1,1,8,39,0.1893203883,2,6,6,Stressed,TRUE,FALSE,FALSE
452,711,Vihaan Khan,38,14/01/2025,Male,Facebook,240,84,156,35.00%,0,1,7.8,36,0.15,1,5,7,At_Risk,TRUE,TRUE,TRUE
1925,712,Vihaan Khan,63,14/11/2024,Female,TikTok,216,140,76,64.81%,1,1,7.9,38,0.1759259259,2,6,6,Stressed,TRUE,FALSE,FALSE
154,713,Vihaan Khan,65,06/01/2025,Male,Facebook,173,61,112,35.26%,0,1,8.1,43,0.2485549133,1,5,7,Healthy,TRUE,FALSE,FALSE
4451,714,Sonal Das,15,20/08/2024,Female,TikTok,422,274,148,64.93%,2,2,6.9,18,0.04265402844,4,9,4,Stressed,FALSE,FALSE,FALSE
4159,715,Sonal Das,19,05/08/2025,Female,Instagram,508,254,254,50.00%,1,3,6.5,9,0.01771653543,3,8,5,Stressed,TRUE,FALSE,FALSE
3252,716,Sonal Das,22,09/05/2024,Male,Twitter,507,203,304,40.04%,1,2,6.5,9,0.01775147929,3,8,5,Stressed,TRUE,FALSE,FALSE
2937,717,Sonal Das,35,01/06/2025,Male,Snapchat,341,188,153,55.13%,1,2,7.3,26,0.07624633431,3,7,6,Stressed,TRUE,FALSE,FALSE
155,718,Sonal Das,39,12/05/2024,Female,WhatsApp,245,61,184,24.90%,0,1,7.8,36,0.1469387755,1,5,7,At_Risk,TRUE,FALSE,FALSE
4291,719,Meera Das,24,24/02/2025,Female,Snapchat,472,260,212,55.08%,1,2,6.6,13,0.02754237288,3,8,5,Stressed,FALSE,FALSE,FALSE
1855,720,Meera Das,28,11/01/2024,Female,Facebook,394,138,256,35.03%,1,1,7,21,0.05329949239,2,7,6,Stressed,TRUE,FALSE,FALSE
156,721,Meera Das,68,22/08/2024,Male,Facebook,173,61,112,35.26%,0,1,8.1,43,0.2485549133,1,5,7,Healthy,TRUE,FALSE,FALSE
158,722,Neha Khan,44,05/08/2025,Other,WhatsApp,244,61,183,25.00%,0,1,7.8,36,0.1475409836,1,5,7,At_Risk,FALSE,FALSE,FALSE
757,723,Navya Pawar,16,01/06/2024,Female,WhatsApp,387,97,290,25.06%,0,1,7.1,21,0.05426356589,2,6,6,Stressed,FALSE,FALSE,FALSE
1176,724,Navya Pawar,20,20/09/2025,Female,WhatsApp,461,115,346,24.95%,0,1,6.7,14,0.03036876356,2,7,6,Stressed,TRUE,FALSE,FALSE
2758,724,Navya Pawar,21,02/09/2024,Female,Facebook,515,180,335,34.95%,1,2,6.4,8,0.01553398058,3,8,5,Stressed,TRUE,TRUE,TRUE
159,725,Navya Pawar,64,30/05/2024,Male,Facebook,174,61,113,35.06%,0,1,8.1,43,0.2471264368,1,5,7,Healthy,TRUE,FALSE,FALSE
225,725,Navya Pawar,64,10/01/2025,Male,Facebook,191,67,124,35.08%,0,1,8,41,0.2146596859,1,5,7,Healthy,TRUE,TRUE,TRUE
4193,726,Avni Patel,17,14/04/2024,Female,TikTok,394,256,138,64.97%,2,2,7,21,0.05329949239,4,8,5,Stressed,FALSE,FALSE,FALSE
1655,727,Avni Patel,33,19/04/2024,Male,Facebook,372,130,242,34.95%,1,1,7.1,23,0.06182795699,2,7,6,Stressed,TRUE,FALSE,FALSE
345,728,Avni Patel,53,24/07/2025,Female,Twitter,199,80,119,40.20%,1,1,8,40,0.2010050251,2,6,6,Stressed,TRUE,FALSE,FALSE
160,729,Avni Patel,69,21/11/2024,Female,Facebook,173,61,112,35.26%,0,1,8.1,43,0.2485549133,1,5,7,Healthy,TRUE,FALSE,FALSE
2956,730,Aarav Khan,19,08/09/2024,Female,Twitter,476,190,286,39.92%,1,2,6.6,12,0.02521008403,3,8,5,Stressed,FALSE,FALSE,FALSE
780,731,Aarav Khan,31,13/08/2025,Male,WhatsApp,394,98,296,24.87%,0,1,7,21,0.05329949239,2,6,6,Stressed,TRUE,FALSE,FALSE
602,732,Aarav Khan,34,11/10/2025,Male,WhatsApp,361,90,271,24.93%,0,1,7.2,24,0.06648199446,2,6,6,Stressed,TRUE,FALSE,FALSE
3113,732,Aarav Khan,35,28/11/2024,Male,Snapchat,358,197,161,55.03%,1,2,7.2,24,0.06703910615,3,7,6,Stressed,TRUE,TRUE,TRUE
161,733,Aarav Khan,40,13/05/2025,Female,WhatsApp,245,61,184,24.90%,0,1,7.8,36,0.1469387755,1,5,7,At_Risk,TRUE,FALSE,FALSE
1052,733,Aarav Khan,41,05/03/2025,Female,Snapchat,204,112,92,54.90%,0,1,8,40,0.1960784314,2,6,6,Stressed,TRUE,TRUE,TRUE
3761,734,Navya Sharma,19,01/09/2025,Female,Instagram,465,232,233,49.89%,1,3,6.7,14,0.03010752688,3,8,5,Stressed,FALSE,FALSE,FALSE
3823,735,Navya Sharma,26,18/10/2025,Female,YouTube,394,236,158,59.90%,1,3,7,21,0.05329949239,3,8,5,Stressed,TRUE,FALSE,FALSE
576,735,Navya Sharma,27,05/07/2025,Female,WhatsApp,360,90,270,25.00%,0,1,7.2,24,0.06666666667,2,6,6,Stressed,TRUE,TRUE,TRUE
163,736,Navya Sharma,41,11/06/2024,Male,WhatsApp,243,61,182,25.10%,0,1,7.8,36,0.1481481481,1,5,7,At_Risk,TRUE,FALSE,FALSE
4654,737,Payal Shetty,22,28/08/2025,Male,TikTok,448,291,157,64.96%,2,3,6.8,15,0.03348214286,4,9,4,Stressed,FALSE,FALSE,FALSE
573,738,Payal Shetty,31,25/10/2025,Male,WhatsApp,357,89,268,24.93%,0,1,7.2,24,0.06722689076,1,6,7,Stressed,TRUE,FALSE,FALSE
3063,738,Payal Shetty,32,04/10/2024,Female,YouTube,323,194,129,60.06%,1,3,7.4,28,0.0866873065,3,7,6,Stressed,TRUE,TRUE,TRUE
188,739,Payal Shetty,41,01/04/2025,Male,WhatsApp,257,64,193,24.90%,0,1,7.7,34,0.1322957198,1,5,7,At_Risk,TRUE,FALSE,FALSE
701,740,Payal Shetty,54,24/09/2025,Male,YouTube,159,95,64,59.75%,0,1,8.2,44,0.2767295597,2,6,6,Stressed,TRUE,FALSE,FALSE
164,741,Payal Shetty,65,02/08/2024,Male,Twitter,154,62,92,40.26%,0,1,8.2,45,0.2922077922,1,5,7,Healthy,TRUE,FALSE,FALSE
3741,742,Neha Kale,19,07/03/2025,Female,Instagram,460,230,230,50.00%,1,3,6.7,14,0.03043478261,3,8,5,Stressed,FALSE,FALSE,FALSE
2782,743,Neha Kale,22,17/04/2024,Female,Twitter,452,181,271,40.04%,1,2,6.7,15,0.03318584071,3,8,5,Stressed,TRUE,FALSE,FALSE
4831,743,Neha Kale,23,27/07/2025,Male,TikTok,473,307,166,64.90%,2,3,6.6,13,0.02748414376,4,9,4,Stressed,TRUE,TRUE,TRUE
3281,744,Neha Kale,31,04/03/2025,Male,YouTube,342,205,137,59.94%,1,3,7.3,26,0.07602339181,3,7,6,Stressed,TRUE,FALSE,FALSE
1608,745,Neha Kale,39,03/10/2025,Male,Instagram,258,129,129,50.00%,1,2,7.7,34,0.1317829457,2,6,6,Stressed,TRUE,FALSE,FALSE
165,746,Neha Kale,41,21/09/2024,Male,WhatsApp,250,62,188,24.80%,0,1,7.8,35,0.14,1,5,7,At_Risk,TRUE,FALSE,FALSE
4151,747,Saanvi Sharma,15,09/06/2024,Female,Snapchat,460,253,207,55.00%,1,2,6.7,14,0.03043478261,3,8,5,Stressed,FALSE,FALSE,FALSE
1031,747,Saanvi Sharma,16,18/09/2024,Female,WhatsApp,447,112,335,25.06%,0,1,6.8,15,0.03355704698,2,7,6,Stressed,TRUE,TRUE,TRUE
4607,748,Saanvi Sharma,19,28/09/2024,Female,YouTube,477,286,191,59.96%,1,4,6.6,12,0.0251572327,3,8,5,Stressed,TRUE,FALSE,FALSE
4892,748,Saanvi Sharma,19,05/11/2024,Female,TikTok,486,316,170,65.02%,2,3,6.6,11,0.02263374486,4,9,4,Stressed,TRUE,TRUE,TRUE
3967,749,Saanvi Sharma,22,01/01/2024,Male,Snapchat,442,243,199,54.98%,1,2,6.8,16,0.03619909502,3,8,5,Stressed,TRUE,FALSE,FALSE
2464,750,Saanvi Sharma,25,24/03/2025,Female,Facebook,477,167,310,35.01%,1,1,6.6,12,0.0251572327,3,8,5,Stressed,TRUE,FALSE,FALSE
3815,751,Saanvi Sharma,28,13/11/2025,Female,TikTok,361,235,126,65.10%,2,2,7.2,24,0.06648199446,4,8,5,Stressed,TRUE,FALSE,FALSE
166,752,Saanvi Sharma,42,14/10/2025,Female,WhatsApp,247,62,185,25.10%,0,1,7.8,35,0.1417004049,1,5,7,At_Risk,TRUE,FALSE,FALSE
1143,753,Saanvi Rawat,19,14/06/2025,Male,WhatsApp,460,115,345,25.00%,0,1,6.7,14,0.03043478261,2,7,6,Stressed,FALSE,FALSE,FALSE
2170,753,Saanvi Rawat,20,13/02/2025,Female,Facebook,443,155,288,34.99%,1,1,6.8,16,0.03611738149,2,7,6,Stressed,TRUE,TRUE,TRUE
4670,753,Saanvi Rawat,20,11/07/2024,Female,TikTok,448,291,157,64.96%,2,3,6.8,15,0.03348214286,4,9,4,Stressed,TRUE,TRUE,TRUE
3821,754,Saanvi Rawat,25,11/03/2024,Female,Instagram,472,236,236,50.00%,1,3,6.6,13,0.02754237288,3,8,5,Stressed,TRUE,FALSE,FALSE
167,755,Saanvi Rawat,39,04/01/2025,Male,WhatsApp,246,62,184,25.20%,0,1,7.8,35,0.1422764228,1,5,7,At_Risk,TRUE,FALSE,FALSE
286,755,Saanvi Rawat,40,22/11/2024,Female,Facebook,210,74,136,35.24%,0,1,8,39,0.1857142857,1,5,7,Healthy,TRUE,TRUE,TRUE
992,755,Saanvi Rawat,40,26/02/2025,Male,Twitter,275,110,165,40.00%,1,1,7.6,32,0.1163636364,2,7,6,Stressed,TRUE,TRUE,TRUE
496,756,Saanvi Rawat,44,25/01/2024,Male,Facebook,247,86,161,34.82%,0,1,7.8,35,0.1417004049,1,5,7,At_Risk,TRUE,FALSE,FALSE
4120,757,Aditi Kulkarni,26,13/06/2024,Female,TikTok,388,252,136,64.95%,2,2,7.1,21,0.05412371134,4,8,5,Stressed,FALSE,FALSE,FALSE
3406,758,Aditi Kulkarni,29,22/07/2025,Female,YouTube,354,212,142,59.89%,1,3,7.2,25,0.07062146893,3,7,6,Stressed,TRUE,FALSE,FALSE
180,759,Aditi Kulkarni,36,23/04/2024,Male,WhatsApp,254,64,190,25.20%,0,1,7.7,35,0.1377952756,1,5,7,At_Risk,TRUE,FALSE,FALSE
198,760,Aditi Kulkarni,39,08/09/2025,Female,WhatsApp,260,65,195,25.00%,0,1,7.7,34,0.1307692308,1,5,7,At_Risk,TRUE,FALSE,FALSE
168,761,Aditi Kulkarni,44,28/01/2025,Female,WhatsApp,249,62,187,24.90%,0,1,7.8,35,0.140562249,1,5,7,At_Risk,TRUE,FALSE,FALSE
2126,761,Aditi Kulkarni,45,26/09/2024,Female,TikTok,235,153,82,65.11%,1,1,7.8,36,0.1531914894,2,6,6,Stressed,TRUE,TRUE,TRUE
2251,762,Jiya Shinde,13,03/01/2024,Male,Twitter,396,158,238,39.90%,1,1,7,20,0.05050505051,2,7,6,Stressed,FALSE,FALSE,FALSE
4828,763,Jiya Shinde,22,17/05/2025,Male,YouTube,512,307,205,59.96%,1,4,6.4,9,0.017578125,3,8,5,Stressed,TRUE,FALSE,FALSE
3955,764,Jiya Shinde,24,03/01/2024,Female,Snapchat,442,243,199,54.98%,1,2,6.8,16,0.03619909502,3,8,5,Stressed,TRUE,FALSE,FALSE
1599,765,Jiya Shinde,31,29/05/2025,Female,Twitter,320,128,192,40.00%,1,1,7.4,28,0.0875,2,7,6,Stressed,TRUE,FALSE,FALSE
3214,765,Jiya Shinde,32,24/05/2025,Female,YouTube,335,201,134,60.00%,1,3,7.3,26,0.0776119403,3,7,6,Stressed,TRUE,TRUE,TRUE
2103,766,Jiya Shinde,41,03/11/2024,Male,TikTok,234,152,82,64.96%,1,1,7.8,37,0.1581196581,2,6,6,Stressed,TRUE,FALSE,FALSE
171,766,Jiya Shinde,41,20/08/2025,Male,WhatsApp,246,62,184,25.20%,0,1,7.8,35,0.1422764228,1,5,7,At_Risk,TRUE,TRUE,TRUE
1270,767,Jiya Shinde,55,31/07/2024,Female,Snapchat,215,118,97,54.88%,0,1,7.9,38,0.176744186,2,6,6,Stressed,TRUE,FALSE,FALSE
466,768,Jiya Shinde,61,02/02/2025,Male,Twitter,212,85,127,40.09%,1,1,7.9,39,0.1839622642,2,6,6,Stressed,TRUE,FALSE,FALSE
2281,769,Shaurya Shetty,15,11/07/2024,Male,Twitter,397,159,238,40.05%,1,1,7,20,0.05037783375,2,7,6,Stressed,FALSE,FALSE,FALSE
3946,770,Shaurya Shetty,26,15/02/2024,Male,TikTok,373,242,131,64.88%,2,2,7.1,23,0.06166219839,4,8,5,Stressed,TRUE,FALSE,FALSE
3087,771,Shaurya Shetty,28,06/04/2024,Male,Snapchat,357,196,161,54.90%,1,2,7.2,24,0.06722689076,3,7,6,Stressed,TRUE,FALSE,FALSE
2952,772,Shaurya Shetty,31,24/03/2024,Female,Snapchat,344,189,155,54.94%,1,2,7.3,26,0.07558139535,3,7,6,Stressed,TRUE,FALSE,FALSE
172,773,Shaurya Shetty,37,01/03/2025,Male,WhatsApp,253,63,190,24.90%,0,1,7.7,35,0.1383399209,1,5,7,At_Risk,TRUE,FALSE,FALSE
349,774,Shaurya Shetty,57,01/05/2024,Female,Twitter,200,80,120,40.00%,1,1,8,40,0.2,2,6,6,Stressed,TRUE,FALSE,FALSE
3776,775,Pooja Roy,19,15/07/2024,Male,Instagram,465,232,233,49.89%,1,3,6.7,14,0.03010752688,3,8,5,Stressed,FALSE,FALSE,FALSE
1630,776,Pooja Roy,26,19/06/2025,Female,Facebook,368,129,239,35.05%,1,1,7.2,23,0.0625,2,7,6,Stressed,TRUE,FALSE,FALSE
2921,777,Pooja Roy,34,09/03/2024,Female,Instagram,375,188,187,50.13%,1,3,7.1,22,0.05866666667,3,7,6,Stressed,TRUE,FALSE,FALSE
173,778,Pooja Roy,36,06/01/2024,Female,WhatsApp,252,63,189,25.00%,0,1,7.7,35,0.1388888889,1,5,7,At_Risk,TRUE,FALSE,FALSE
2297,779,Pooja Roy,38,01/04/2025,Other,YouTube,266,160,106,60.15%,1,2,7.7,33,0.1240601504,2,6,6,Stressed,TRUE,FALSE,FALSE
1181,780,Pooja Roy,47,08/05/2024,Male,Snapchat,210,116,94,55.24%,0,1,8,39,0.1857142857,2,6,6,Stressed,TRUE,FALSE,FALSE
3136,781,Myra Chauhan,13,27/01/2024,Female,Instagram,395,198,197,50.13%,1,3,7,20,0.05063291139,3,8,5,Stressed,FALSE,FALSE,FALSE
4970,782,Myra Chauhan,25,07/04/2025,Female,TikTok,511,332,179,64.97%,2,3,6.4,9,0.01761252446,4,9,4,Stressed,TRUE,FALSE,FALSE
174,783,Myra Chauhan,48,05/03/2025,Male,Twitter,158,63,95,39.87%,0,1,8.2,44,0.2784810127,1,5,7,Healthy,TRUE,FALSE,FALSE
449,784,Myra Chauhan,63,17/01/2024,Female,Twitter,210,84,126,40.00%,1,1,8,39,0.1857142857,2,6,6,Stressed,TRUE,FALSE,FALSE
3867,785,Ananya Das,21,27/05/2024,Female,Instagram,476,238,238,50.00%,1,3,6.6,12,0.02521008403,3,8,5,Stressed,FALSE,FALSE,FALSE
4290,786,Ananya Das,23,19/10/2024,Male,Snapchat,473,260,213,54.97%,1,2,6.6,13,0.02748414376,3,8,5,Stressed,TRUE,FALSE,FALSE
4688,787,Ananya Das,25,20/06/2025,Male,TikTok,451,293,158,64.97%,2,3,6.7,15,0.0332594235,4,9,4,Stressed,TRUE,FALSE,FALSE
2516,787,Ananya Das,25,11/11/2024,Male,Facebook,489,171,318,34.97%,1,2,6.6,11,0.02249488753,3,8,5,Stressed,TRUE,TRUE,TRUE
374,788,Ananya Das,37,28/12/2024,Male,Facebook,232,81,151,34.91%,0,1,7.8,37,0.1594827586,1,5,7,Healthy,TRUE,FALSE,FALSE
965,789,Ananya Das,49,10/03/2024,Female,TikTok,167,109,58,65.27%,1,1,8.2,43,0.2574850299,2,6,6,Stressed,TRUE,FALSE,FALSE
175,790,Ananya Das,62,19/10/2025,Male,Twitter,158,63,95,39.87%,0,1,8.2,44,0.2784810127,1,5,7,Healthy,TRUE,FALSE,FALSE
229,791,Ananya Das,66,23/04/2025,Male,Twitter,170,68,102,40.00%,0,1,8.2,43,0.2529411765,1,5,7,Healthy,TRUE,FALSE,FALSE
2853,792,Diya Yadav,31,28/02/2024,Male,Instagram,368,184,184,50.00%,1,2,7.2,23,0.0625,3,7,6,Stressed,FALSE,FALSE,FALSE
176,793,Diya Yadav,48,17/07/2025,Male,Facebook,180,63,117,35.00%,0,1,8.1,42,0.2333333333,1,5,7,Healthy,TRUE,FALSE,FALSE
3552,794,Pooja Chauhan,13,03/05/2024,Female,Instagram,442,221,221,50.00%,1,3,6.8,16,0.03619909502,3,8,5,Stressed,FALSE,FALSE,FALSE
3944,795,Pooja Chauhan,18,20/08/2025,Female,Snapchat,440,242,198,55.00%,1,2,6.8,16,0.03636363636,3,8,5,Stressed,TRUE,FALSE,FALSE
3465,796,Pooja Chauhan,28,16/10/2024,Female,Snapchat,393,216,177,54.96%,1,2,7,21,0.0534351145,3,8,5,Stressed,TRUE,FALSE,FALSE
3515,797,Pooja Chauhan,31,14/09/2025,Male,TikTok,336,218,118,64.88%,1,2,7.3,26,0.07738095238,3,7,6,Stressed,TRUE,FALSE,FALSE
179,798,Pooja Chauhan,42,25/03/2025,Male,WhatsApp,256,64,192,25.00%,0,1,7.7,34,0.1328125,1,5,7,At_Risk,TRUE,FALSE,FALSE
299,799,Pooja Chauhan,63,03/05/2024,Female,Instagram,150,75,75,50.00%,0,1,8.2,45,0.3,1,5,7,Healthy,TRUE,FALSE,FALSE
1685,800,Pooja Chauhan,68,20/04/2025,Female,TikTok,201,131,70,65.17%,1,1,8,40,0.1990049751,2,6,6,Stressed,TRUE,FALSE,FALSE
2590,801,Meera Pawar,20,04/01/2025,Female,Facebook,496,174,322,35.08%,1,2,6.5,10,0.02016129032,3,8,5,Stressed,FALSE,FALSE,FALSE
2779,802,Meera Pawar,23,27/06/2024,Female,Facebook,518,181,337,34.94%,1,2,6.4,8,0.01544401544,3,8,5,Stressed,TRUE,FALSE,FALSE
372,803,Meera Pawar,29,25/03/2025,Male,WhatsApp,324,81,243,25.00%,0,1,7.4,28,0.08641975309,1,6,7,Stressed,TRUE,FALSE,FALSE
3337,803,Meera Pawar,30,20/09/2025,Male,Snapchat,378,208,170,55.03%,1,2,7.1,22,0.0582010582,3,7,6,Stressed,TRUE,TRUE,TRUE
2153,804,Meera Pawar,32,17/07/2024,Male,Twitter,384,154,230,40.10%,1,1,7.1,22,0.05729166667,2,7,6,Stressed,TRUE,FALSE,FALSE
181,805,Meera Pawar,44,23/11/2024,Female,WhatsApp,258,64,194,24.81%,0,1,7.7,34,0.1317829457,1,5,7,At_Risk,TRUE,FALSE,FALSE
4502,806,Saanvi Khan,22,25/10/2024,Male,YouTube,463,278,185,60.04%,1,4,6.7,14,0.03023758099,3,8,5,Stressed,FALSE,FALSE,FALSE
3024,807,Saanvi Khan,26,27/09/2025,Male,YouTube,322,193,129,59.94%,1,3,7.4,28,0.08695652174,3,7,6,Stressed,TRUE,FALSE,FALSE
3846,807,Saanvi Khan,26,24/01/2024,Male,YouTube,395,237,158,60.00%,1,3,7,20,0.05063291139,3,8,5,Stressed,TRUE,TRUE,TRUE
182,808,Saanvi Khan,42,31/12/2024,Female,WhatsApp,257,64,193,24.90%,0,1,7.7,34,0.1322957198,1,5,7,At_Risk,TRUE,FALSE,FALSE
1948,808,Saanvi Khan,42,12/11/2025,Female,Snapchat,259,142,117,54.83%,1,1,7.7,34,0.1312741313,2,6,6,Stressed,TRUE,TRUE,TRUE
997,809,Saanvi Khan,64,06/02/2024,Female,Instagram,220,110,110,50.00%,0,1,7.9,38,0.1727272727,2,6,6,Stressed,TRUE,FALSE,FALSE
3531,810,Ananya Naidu,14,26/04/2025,Female,Instagram,441,220,221,49.89%,1,3,6.8,16,0.03628117914,3,8,5,Stressed,FALSE,FALSE,FALSE
4777,811,Ananya Naidu,19,18/05/2025,Female,TikTok,464,302,162,65.09%,2,3,6.7,14,0.03017241379,4,9,4,Stressed,TRUE,FALSE,FALSE
3080,812,Ananya Naidu,26,06/01/2024,Male,Snapchat,357,196,161,54.90%,1,2,7.2,24,0.06722689076,3,7,6,Stressed,TRUE,FALSE,FALSE
3373,813,Ananya Naidu,34,22/08/2025,Female,YouTube,352,211,141,59.94%,1,3,7.2,25,0.07102272727,3,7,6,Stressed,TRUE,FALSE,FALSE
183,814,Ananya Naidu,41,24/06/2025,Female,WhatsApp,256,64,192,25.00%,0,1,7.7,34,0.1328125,1,5,7,At_Risk,TRUE,FALSE,FALSE
1486,814,Ananya Naidu,42,20/02/2024,Female,YouTube,209,125,84,59.81%,1,2,8,39,0.1866028708,2,6,6,Stressed,TRUE,TRUE,TRUE
3079,815,Ishaan Iyer,27,20/09/2025,Male,Snapchat,355,195,160,54.93%,1,2,7.2,24,0.0676056338,3,7,6,Stressed,FALSE,FALSE,FALSE
3459,816,Ishaan Iyer,32,23/03/2025,Male,Snapchat,390,215,175,55.13%,1,2,7,21,0.05384615385,3,8,5,Stressed,TRUE,FALSE,FALSE
184,817,Ishaan Iyer,41,15/06/2025,Male,WhatsApp,255,64,191,25.10%,0,1,7.7,34,0.1333333333,1,5,7,At_Risk,TRUE,FALSE,FALSE
1241,818,Sonal Naidu,19,31/01/2024,Female,WhatsApp,472,118,354,25.00%,0,1,6.6,13,0.02754237288,2,7,6,Stressed,FALSE,FALSE,FALSE
1260,819,Sonal Naidu,22,07/02/2024,Female,WhatsApp,473,118,355,24.95%,0,1,6.6,13,0.02748414376,2,7,6,Stressed,TRUE,FALSE,FALSE
4660,820,Sonal Naidu,24,16/01/2024,Female,YouTube,485,291,194,60.00%,1,4,6.6,12,0.02474226804,3,8,5,Stressed,TRUE,FALSE,FALSE
3749,821,Sonal Naidu,28,06/11/2024,Female,YouTube,385,231,154,60.00%,1,3,7.1,22,0.05714285714,3,7,6,Stressed,TRUE,FALSE,FALSE
2583,822,Sonal Naidu,35,16/09/2024,Female,Instagram,347,174,173,50.14%,1,2,7.3,25,0.07204610951,3,7,6,Stressed,TRUE,FALSE,FALSE
1803,823,Sonal Naidu,37,19/05/2025,Female,TikTok,207,135,72,65.22%,1,1,8,39,0.1884057971,2,6,6,Stressed,TRUE,FALSE,FALSE
911,824,Sonal Naidu,39,16/09/2024,Male,Twitter,266,106,160,39.85%,1,1,7.7,33,0.1240601504,2,6,6,Stressed,TRUE,FALSE,FALSE
2512,825,Sonal Naidu,41,26/07/2024,Female,TikTok,262,170,92,64.89%,1,2,7.7,34,0.1297709924,3,7,6,Stressed,TRUE,FALSE,FALSE
185,825,Sonal Naidu,42,14/02/2024,Female,WhatsApp,257,64,193,24.90%,0,1,7.7,34,0.1322957198,1,5,7,At_Risk,TRUE,TRUE,TRUE
4985,826,Vivaan Ansari,22,15/02/2024,Male,TikTok,516,335,181,64.92%,2,3,6.4,8,0.01550387597,4,9,4,Stressed,FALSE,FALSE,FALSE
2393,827,Vivaan Ansari,33,25/11/2024,Male,Instagram,327,164,163,50.15%,1,2,7.4,27,0.08256880734,3,7,6,Stressed,TRUE,FALSE,FALSE
186,828,Vivaan Ansari,39,16/08/2025,Female,WhatsApp,257,64,193,24.90%,0,1,7.7,34,0.1322957198,1,5,7,At_Risk,TRUE,FALSE,FALSE
895,829,Ananya Verma,18,25/02/2025,Male,WhatsApp,421,105,316,24.94%,0,1,6.9,18,0.04275534442,2,7,6,Stressed,FALSE,FALSE,FALSE
4864,830,Ananya Verma,20,02/01/2024,Female,YouTube,518,311,207,60.04%,1,4,6.4,8,0.01544401544,3,8,5,Stressed,TRUE,FALSE,FALSE
2927,831,Ananya Verma,23,14/01/2024,Female,Twitter,469,188,281,40.09%,1,2,6.7,13,0.02771855011,3,8,5,Stressed,TRUE,FALSE,FALSE
4592,831,Ananya Verma,23,24/08/2024,Female,Snapchat,518,285,233,55.02%,1,3,6.4,8,0.01544401544,3,8,5,Stressed,TRUE,TRUE,TRUE
2184,832,Ananya Verma,30,08/02/2024,Male,Twitter,387,155,232,40.05%,1,1,7.1,21,0.05426356589,2,7,6,Stressed,TRUE,FALSE,FALSE
661,833,Ananya Verma,37,13/02/2025,Female,Twitter,233,93,140,39.91%,1,1,7.8,37,0.1587982833,2,6,6,Stressed,TRUE,FALSE,FALSE
187,834,Ananya Verma,45,14/09/2024,Female,WhatsApp,255,64,191,25.10%,0,1,7.7,34,0.1333333333,1,5,7,At_Risk,TRUE,FALSE,FALSE
1029,835,Payal Patil,15,26/02/2025,Male,WhatsApp,450,112,338,24.89%,0,1,6.8,15,0.03333333333,2,7,6,Stressed,FALSE,FALSE,FALSE
3839,836,Payal Patil,22,02/06/2025,Female,Instagram,471,236,235,50.11%,1,3,6.6,13,0.02760084926,3,8,5,Stressed,TRUE,FALSE,FALSE
2208,837,Payal Patil,29,10/01/2024,Female,Twitter,389,156,233,40.10%,1,1,7.1,21,0.05398457584,2,7,6,Stressed,TRUE,FALSE,FALSE
3539,838,Payal Patil,31,22/08/2025,Male,TikTok,339,220,119,64.90%,1,2,7.3,26,0.07669616519,3,7,6,Stressed,TRUE,FALSE,FALSE
3800,839,Payal Patil,35,20/06/2024,Male,TikTok,360,234,126,65.00%,2,2,7.2,24,0.06666666667,4,8,5,Stressed,TRUE,FALSE,FALSE
1966,840,Payal Patil,43,08/07/2025,Female,YouTube,238,143,95,60.08%,1,2,7.8,36,0.1512605042,2,6,6,Stressed,TRUE,FALSE,FALSE
562,841,Payal Patil,45,13/05/2024,Male,Facebook,255,89,166,34.90%,0,1,7.7,34,0.1333333333,1,5,7,At_Risk,TRUE,FALSE,FALSE
189,842,Payal Patil,57,01/01/2024,Female,Facebook,184,64,120,34.78%,0,1,8.1,42,0.2282608696,1,5,7,Healthy,TRUE,FALSE,FALSE
4090,843,Aarav Deshmukh,15,04/02/2024,Female,YouTube,416,250,166,60.10%,1,3,6.9,18,0.04326923077,3,8,5,Stressed,FALSE,FALSE,FALSE
2813,844,Aarav Deshmukh,20,18/12/2024,Female,Twitter,454,182,272,40.09%,1,2,6.7,15,0.03303964758,3,8,5,Stressed,TRUE,FALSE,FALSE
1332,845,Aarav Deshmukh,22,17/12/2024,Female,WhatsApp,478,120,358,25.10%,0,1,6.6,12,0.02510460251,2,7,6,Stressed,TRUE,FALSE,FALSE
2659,845,Aarav Deshmukh,23,30/10/2025,Female,Twitter,442,177,265,40.05%,1,2,6.8,16,0.03619909502,3,8,5,Stressed,TRUE,TRUE,TRUE
190,846,Aarav Deshmukh,50,24/06/2024,Female,Facebook,183,64,119,34.97%,0,1,8.1,42,0.2295081967,1,5,7,Healthy,TRUE,FALSE,FALSE
2272,847,Aditi Sharma,16,02/05/2024,Other,Facebook,451,158,293,35.03%,1,1,6.7,15,0.0332594235,2,7,6,Stressed,FALSE,FALSE,FALSE
3910,848,Aditi Sharma,18,27/04/2024,Female,Snapchat,437,240,197,54.92%,1,2,6.8,16,0.03661327231,3,8,5,Stressed,TRUE,FALSE,FALSE
4895,848,Aditi Sharma,19,30/12/2024,Male,TikTok,487,317,170,65.09%,2,3,6.6,11,0.02258726899,4,9,4,Stressed,TRUE,TRUE,TRUE
2724,848,Aditi Sharma,19,17/06/2024,Female,Facebook,511,179,332,35.03%,1,2,6.4,9,0.01761252446,3,8,5,Stressed,TRUE,TRUE,TRUE
2818,848,Aditi Sharma,19,13/10/2025,Female,Facebook,520,182,338,35.00%,1,2,6.4,8,0.01538461538,3,8,5,Stressed,TRUE,TRUE,TRUE
1386,849,Aditi Sharma,28,12/04/2024,Male,Facebook,348,122,226,35.06%,1,1,7.3,25,0.07183908046,2,7,6,Stressed,TRUE,FALSE,FALSE
3628,849,Aditi Sharma,29,02/06/2025,Female,TikTok,346,225,121,65.03%,2,2,7.3,25,0.07225433526,3,8,5,Stressed,TRUE,TRUE,TRUE
754,850,Aditi Sharma,31,18/02/2025,Male,WhatsApp,389,97,292,24.94%,0,1,7.1,21,0.05398457584,2,6,6,Stressed,TRUE,FALSE,FALSE
191,851,Aditi Sharma,50,08/02/2024,Female,Facebook,183,64,119,34.97%,0,1,8.1,42,0.2295081967,1,5,7,Healthy,TRUE,FALSE,FALSE
929,852,Aditi Sharma,58,10/07/2025,Male,TikTok,165,107,58,64.85%,1,1,8.2,44,0.2666666667,2,6,6,Stressed,TRUE,FALSE,FALSE
403,852,Aditi Sharma,59,20/01/2024,Male,Snapchat,150,82,68,54.67%,0,1,8.2,45,0.3,1,5,7,Healthy,TRUE,TRUE,TRUE
2325,853,Reyansh Shetty,13,26/09/2025,Female,Facebook,458,160,298,34.93%,1,1,6.7,14,0.03056768559,2,7,6,Stressed,FALSE,FALSE,FALSE
2291,854,Reyansh Shetty,22,09/05/2024,Female,Facebook,454,159,295,35.02%,1,1,6.7,15,0.03303964758,2,7,6,Stressed,TRUE,FALSE,FALSE
1118,854,Reyansh Shetty,22,05/08/2025,Male,WhatsApp,455,114,341,25.05%,0,1,6.7,14,0.03076923077,2,7,6,Stressed,TRUE,TRUE,TRUE
1702,855,Reyansh Shetty,27,05/01/2024,Male,Facebook,376,132,244,35.11%,1,1,7.1,22,0.0585106383,2,7,6,Stressed,TRUE,FALSE,FALSE
388,856,Reyansh Shetty,35,17/07/2024,Female,WhatsApp,327,82,245,25.08%,0,1,7.4,27,0.08256880734,1,6,7,Stressed,TRUE,FALSE,FALSE
1740,857,Reyansh Shetty,45,05/02/2025,Male,Snapchat,241,133,108,55.19%,1,1,7.8,36,0.1493775934,2,6,6,Stressed,TRUE,FALSE,FALSE
192,858,Reyansh Shetty,68,25/01/2024,Other,Twitter,159,64,95,40.25%,0,1,8.2,44,0.2767295597,1,5,7,Healthy,TRUE,FALSE,FALSE
3287,859,Reyansh Rawat,13,26/05/2025,Male,Instagram,410,205,205,50.00%,1,3,7,19,0.04634146341,3,8,5,Stressed,FALSE,FALSE,FALSE
4141,859,Reyansh Rawat,14,04/03/2024,Female,TikTok,389,253,136,65.04%,2,2,7.1,21,0.05398457584,4,8,5,Stressed,TRUE,TRUE,TRUE
632,860,Reyansh Rawat,28,06/08/2024,Male,WhatsApp,370,92,278,24.86%,0,1,7.2,23,0.06216216216,2,6,6,Stressed,TRUE,FALSE,FALSE
2346,861,Reyansh Rawat,30,01/09/2025,Female,Instagram,322,161,161,50.00%,1,2,7.4,28,0.08695652174,2,7,6,Stressed,TRUE,FALSE,FALSE
2747,861,Reyansh Rawat,31,13/08/2025,Female,Snapchat,327,180,147,55.05%,1,2,7.4,27,0.08256880734,3,7,6,Stressed,TRUE,TRUE,TRUE
1865,862,Reyansh Rawat,33,18/10/2024,Female,Facebook,395,138,257,34.94%,1,1,7,20,0.05063291139,2,7,6,Stressed,TRUE,FALSE,FALSE
4164,862,Reyansh Rawat,34,20/02/2025,Female,TikTok,391,254,137,64.96%,2,2,7,21,0.0537084399,4,8,5,Stressed,TRUE,TRUE,TRUE
193,863,Reyansh Rawat,36,07/01/2025,Male,WhatsApp,258,64,194,24.81%,0,1,7.7,34,0.1317829457,1,5,7,At_Risk,TRUE,FALSE,FALSE
947,864,Reyansh Rawat,54,17/04/2025,Male,TikTok,166,108,58,65.06%,1,1,8.2,43,0.2590361446,2,6,6,Stressed,TRUE,FALSE,FALSE
3097,865,Vivaan Iyer,30,20/11/2024,Female,Snapchat,357,196,161,54.90%,1,2,7.2,24,0.06722689076,3,7,6,Stressed,FALSE,FALSE,FALSE
194,866,Vivaan Iyer,42,06/02/2024,Male,WhatsApp,256,64,192,25.00%,0,1,7.7,34,0.1328125,1,5,7,At_Risk,TRUE,FALSE,FALSE
4711,867,Sai Menon,24,18/10/2024,Female,YouTube,491,295,196,60.08%,1,4,6.5,11,0.02240325866,3,8,5,Stressed,FALSE,FALSE,FALSE
2021,868,Sai Menon,31,18/08/2024,Female,Twitter,365,146,219,40.00%,1,1,7.2,24,0.06575342466,2,7,6,Stressed,TRUE,FALSE,FALSE
963,869,Sai Menon,41,20/02/2024,Male,Instagram,218,109,109,50.00%,0,1,7.9,38,0.1743119266,2,6,6,Stressed,TRUE,FALSE,FALSE
195,869,Sai Menon,42,21/01/2025,Female,WhatsApp,254,64,190,25.20%,0,1,7.7,35,0.1377952756,1,5,7,At_Risk,TRUE,TRUE,TRUE
3494,870,Avni Naidu,13,14/07/2024,Female,Snapchat,395,217,178,54.94%,1,2,7,20,0.05063291139,3,8,5,Stressed,FALSE,FALSE,FALSE
1324,871,Avni Naidu,22,17/03/2024,Male,WhatsApp,478,120,358,25.10%,0,1,6.6,12,0.02510460251,2,7,6,Stressed,TRUE,FALSE,FALSE
2109,872,Avni Naidu,26,08/05/2024,Female,Twitter,381,152,229,39.90%,1,1,7.1,22,0.05774278215,2,7,6,Stressed,TRUE,FALSE,FALSE
196,873,Avni Naidu,40,03/05/2025,Male,WhatsApp,261,65,196,24.90%,0,1,7.7,34,0.1302681992,1,5,7,At_Risk,TRUE,FALSE,FALSE
3646,874,Navya Verma,29,03/08/2025,Male,TikTok,348,226,122,64.94%,2,2,7.3,25,0.07183908046,3,8,5,Stressed,FALSE,FALSE,FALSE
721,875,Navya Verma,43,26/08/2024,Female,Facebook,274,96,178,35.04%,0,1,7.6,33,0.1204379562,2,6,6,Stressed,TRUE,FALSE,FALSE
197,876,Navya Verma,54,29/05/2025,Female,Twitter,163,65,98,39.88%,0,1,8.2,44,0.2699386503,1,5,7,Healthy,TRUE,FALSE,FALSE
3771,877,Isha Naidu,19,07/10/2024,Male,Instagram,464,232,232,50.00%,1,3,6.7,14,0.03017241379,3,8,5,Stressed,FALSE,FALSE,FALSE
2596,878,Isha Naidu,22,06/06/2024,Female,Facebook,498,174,324,34.94%,1,2,6.5,10,0.02008032129,3,8,5,Stressed,TRUE,FALSE,FALSE
3633,879,Isha Naidu,29,17/07/2025,Male,TikTok,346,225,121,65.03%,2,2,7.3,25,0.07225433526,3,8,5,Stressed,TRUE,FALSE,FALSE
612,879,Isha Naidu,30,13/08/2025,Female,WhatsApp,365,91,274,24.93%,0,1,7.2,24,0.06575342466,2,6,6,Stressed,TRUE,TRUE,TRUE
1695,879,Isha Naidu,31,04/05/2024,Male,Facebook,374,131,243,35.03%,1,1,7.1,23,0.0614973262,2,7,6,Stressed,TRUE,TRUE,TRUE
2035,880,Isha Naidu,40,17/09/2024,Male,YouTube,247,148,99,59.92%,1,2,7.8,35,0.1417004049,2,6,6,Stressed,TRUE,FALSE,FALSE
342,881,Isha Naidu,58,06/09/2024,Male,Instagram,160,80,80,50.00%,0,1,8.2,44,0.275,1,5,7,Healthy,TRUE,FALSE,FALSE
346,882,Isha Naidu,61,22/04/2024,Male,Instagram,160,80,80,50.00%,0,1,8.2,44,0.275,1,5,7,Healthy,TRUE,FALSE,FALSE
200,883,Isha Naidu,69,09/04/2024,Female,Facebook,185,65,120,35.14%,0,1,8.1,42,0.227027027,1,5,7,Healthy,TRUE,FALSE,FALSE
2540,884,Aditya Gupta,19,11/10/2024,Female,Facebook,491,172,319,35.03%,1,2,6.5,11,0.02240325866,3,8,5,Stressed,FALSE,FALSE,FALSE
4464,885,Aditya Gupta,22,02/08/2025,Male,YouTube,458,275,183,60.04%,1,4,6.7,14,0.03056768559,3,8,5,Stressed,TRUE,FALSE,FALSE
2074,886,Aditya Gupta,40,01/06/2025,Male,Snapchat,273,150,123,54.95%,1,1,7.6,33,0.1208791209,2,6,6,Stressed,TRUE,FALSE,FALSE
201,887,Aditya Gupta,45,16/04/2024,Female,WhatsApp,259,65,194,25.10%,0,1,7.7,34,0.1312741313,1,5,7,At_Risk,TRUE,FALSE,FALSE
4835,888,Suhani Ansari,19,24/08/2025,Female,YouTube,513,308,205,60.04%,1,4,6.4,9,0.01754385965,3,8,5,Stressed,FALSE,FALSE,FALSE
2386,889,Suhani Ansari,23,28/11/2024,Female,Facebook,468,164,304,35.04%,1,1,6.7,13,0.02777777778,3,8,5,Stressed,TRUE,FALSE,FALSE
3583,890,Suhani Ansari,27,09/01/2024,Female,YouTube,370,222,148,60.00%,1,3,7.2,23,0.06216216216,3,7,6,Stressed,TRUE,FALSE,FALSE
3521,891,Suhani Ansari,35,18/07/2025,Female,YouTube,365,219,146,60.00%,1,3,7.2,24,0.06575342466,3,7,6,Stressed,TRUE,FALSE,FALSE
619,891,Suhani Ansari,36,21/08/2024,Male,Twitter,228,91,137,39.91%,1,1,7.9,37,0.1622807018,2,6,6,Stressed,TRUE,TRUE,TRUE
202,891,Suhani Ansari,37,23/10/2024,Male,WhatsApp,260,65,195,25.00%,0,1,7.7,34,0.1307692308,1,5,7,At_Risk,TRUE,TRUE,TRUE
1297,892,Suhani Ansari,42,05/08/2025,Female,Instagram,239,120,119,50.21%,0,2,7.8,36,0.1506276151,2,6,6,Stressed,TRUE,FALSE,FALSE
1023,893,Suhani Ansari,45,21/06/2024,Other,Instagram,222,111,111,50.00%,0,1,7.9,38,0.1711711712,2,6,6,Stressed,TRUE,FALSE,FALSE
994,894,Suhani Ansari,58,17/11/2024,Other,TikTok,170,110,60,64.71%,1,1,8.2,43,0.2529411765,2,6,6,Stressed,TRUE,FALSE,FALSE
1325,895,Suhani Ansari,63,12/05/2024,Female,YouTube,200,120,80,60.00%,0,2,8,40,0.2,2,6,6,Stressed,TRUE,FALSE,FALSE
1275,896,Suhani Ansari,67,18/05/2024,Female,Snapchat,217,119,98,54.84%,0,1,7.9,38,0.1751152074,2,6,6,Stressed,TRUE,FALSE,FALSE
4925,897,Anika Chauhan,19,02/06/2024,Female,TikTok,495,322,173,65.05%,2,3,6.5,10,0.0202020202,4,9,4,Stressed,FALSE,FALSE,FALSE
2577,897,Anika Chauhan,20,28/07/2025,Female,Facebook,493,173,320,35.09%,1,2,6.5,11,0.02231237323,3,8,5,Stressed,TRUE,TRUE,TRUE
4977,897,Anika Chauhan,21,30/05/2024,Female,TikTok,512,333,179,65.04%,2,3,6.4,9,0.017578125,4,9,4,Stressed,TRUE,TRUE,TRUE
1013,897,Anika Chauhan,22,15/02/2025,Male,WhatsApp,445,111,334,24.94%,0,1,6.8,16,0.03595505618,2,7,6,Stressed,TRUE,TRUE,TRUE
1534,897,Anika Chauhan,22,13/05/2025,Male,WhatsApp,508,127,381,25.00%,1,1,6.5,9,0.01771653543,2,7,6,Stressed,TRUE,TRUE,TRUE
3875,898,Anika Chauhan,25,19/07/2024,Female,Instagram,477,238,239,49.90%,1,3,6.6,12,0.0251572327,3,8,5,Stressed,TRUE,FALSE,FALSE
536,899,Anika Chauhan,29,17/06/2025,Female,WhatsApp,352,88,264,25.00%,0,1,7.2,25,0.07102272727,1,6,7,Stressed,TRUE,FALSE,FALSE
4092,899,Anika Chauhan,30,26/09/2024,Male,TikTok,384,250,134,65.10%,2,2,7.1,22,0.05729166667,4,8,5,Stressed,TRUE,TRUE,TRUE
3513,899,Anika Chauhan,31,07/01/2024,Female,YouTube,364,218,146,59.89%,1,3,7.2,24,0.06593406593,3,7,6,Stressed,TRUE,TRUE,TRUE
2100,899,Anika Chauhan,32,08/06/2025,Male,Twitter,379,152,227,40.11%,1,1,7.1,22,0.0580474934,2,7,6,Stressed,TRUE,TRUE,TRUE
2161,900,Anika Chauhan,45,12/07/2024,Female,YouTube,256,154,102,60.16%,1,2,7.7,34,0.1328125,2,6,6,Stressed,TRUE,FALSE,FALSE
796,901,Anika Chauhan,57,20/02/2025,Female,TikTok,153,99,54,64.71%,1,1,8.2,45,0.2941176471,2,6,6,Stressed,TRUE,FALSE,FALSE
203,901,Anika Chauhan,57,09/01/2025,Female,Facebook,185,65,120,35.14%,0,1,8.1,42,0.227027027,1,5,7,Healthy,TRUE,TRUE,TRUE
4521,902,Aadhya Das,19,29/01/2025,Female,Snapchat,509,280,229,55.01%,1,2,6.5,9,0.01768172888,3,8,5,Stressed,FALSE,FALSE,FALSE
2638,903,Aadhya Das,30,16/09/2024,Male,Snapchat,320,176,144,55.00%,1,2,7.4,28,0.0875,3,7,6,Stressed,TRUE,FALSE,FALSE
433,904,Aadhya Das,38,10/07/2025,Other,Facebook,239,84,155,35.15%,0,1,7.8,36,0.1506276151,1,5,7,Healthy,TRUE,FALSE,FALSE
204,904,Aadhya Das,39,01/11/2025,Male,WhatsApp,261,65,196,24.90%,0,1,7.7,34,0.1302681992,1,5,7,At_Risk,TRUE,TRUE,TRUE
234,905,Aadhya Das,42,15/07/2025,Male,WhatsApp,276,69,207,25.00%,0,1,7.6,32,0.115942029,1,6,7,Stressed,TRUE,FALSE,FALSE
1400,906,Aadhya Das,69,23/09/2025,Female,YouTube,205,123,82,60.00%,1,2,8,40,0.1951219512,2,6,6,Stressed,TRUE,FALSE,FALSE
1328,907,Isha Ghosh,24,09/11/2024,Male,WhatsApp,479,120,359,25.05%,0,1,6.6,12,0.02505219207,2,7,6,Stressed,FALSE,FALSE,FALSE
2066,908,Isha Ghosh,26,06/03/2025,Female,Twitter,373,149,224,39.95%,1,1,7.1,23,0.06166219839,2,7,6,Stressed,TRUE,FALSE,FALSE
727,909,Isha Ghosh,36,11/04/2025,Male,Facebook,274,96,178,35.04%,0,1,7.6,33,0.1204379562,2,6,6,Stressed,TRUE,FALSE,FALSE
205,910,Isha Ghosh,57,04/07/2024,Female,Twitter,162,65,97,40.12%,0,1,8.2,44,0.2716049383,1,5,7,Healthy,TRUE,FALSE,FALSE
4056,911,Aadhya Choudhary,19,08/03/2024,Male,Instagram,495,248,247,50.10%,1,3,6.5,10,0.0202020202,3,8,5,Stressed,FALSE,FALSE,FALSE
4303,911,Aadhya Choudhary,20,05/10/2024,Male,Snapchat,477,262,215,54.93%,1,2,6.6,12,0.0251572327,3,8,5,Stressed,TRUE,TRUE,TRUE
2454,911,Aadhya Choudhary,21,23/09/2024,Female,Facebook,477,167,310,35.01%,1,1,6.6,12,0.0251572327,3,8,5,Stressed,TRUE,TRUE,TRUE
4696,912,Aadhya Choudhary,23,06/10/2025,Female,TikTok,453,294,159,64.90%,2,3,6.7,15,0.03311258278,4,9,4,Stressed,TRUE,FALSE,FALSE
4004,913,Aadhya Choudhary,25,27/06/2024,Male,Snapchat,447,246,201,55.03%,1,2,6.8,15,0.03355704698,3,8,5,Stressed,TRUE,FALSE,FALSE
3041,914,Aadhya Choudhary,34,05/08/2024,Female,Instagram,388,194,194,50.00%,1,3,7.1,21,0.05412371134,3,8,5,Stressed,TRUE,FALSE,FALSE
206,915,Aadhya Choudhary,54,13/07/2025,Male,Twitter,163,65,98,39.88%,0,1,8.2,44,0.2699386503,1,5,7,Healthy,TRUE,FALSE,FALSE
3260,916,Myra Khan,16,17/05/2025,Male,Instagram,409,204,205,49.88%,1,3,7,19,0.04645476773,3,8,5,Stressed,FALSE,FALSE,FALSE
3824,917,Myra Khan,20,17/09/2024,Male,Instagram,473,236,237,49.89%,1,3,6.6,13,0.02748414376,3,8,5,Stressed,TRUE,FALSE,FALSE
2704,917,Myra Khan,20,09/10/2025,Male,Facebook,508,178,330,35.04%,1,2,6.5,9,0.01771653543,3,8,5,Stressed,TRUE,TRUE,TRUE
4356,918,Myra Khan,22,31/01/2024,Male,Snapchat,486,267,219,54.94%,1,2,6.6,11,0.02263374486,3,8,5,Stressed,TRUE,FALSE,FALSE
208,919,Myra Khan,56,20/08/2025,Female,Twitter,162,65,97,40.12%,0,1,8.2,44,0.2716049383,1,5,7,Healthy,TRUE,FALSE,FALSE
1356,920,Myra Khan,61,30/05/2025,Female,YouTube,202,121,81,59.90%,1,2,8,40,0.198019802,2,6,6,Stressed,TRUE,FALSE,FALSE
4624,921,Sonal Patil,17,04/08/2024,Male,TikTok,443,288,155,65.01%,2,3,6.8,16,0.03611738149,4,9,4,Stressed,FALSE,FALSE,FALSE
3959,922,Sonal Patil,19,29/03/2024,Female,Instagram,486,243,243,50.00%,1,3,6.6,11,0.02263374486,3,8,5,Stressed,TRUE,FALSE,FALSE
4087,923,Sonal Patil,22,10/06/2024,Female,Instagram,501,250,251,49.90%,1,3,6.5,10,0.01996007984,3,8,5,Stressed,TRUE,FALSE,FALSE
4976,923,Sonal Patil,23,23/10/2025,Female,TikTok,513,333,180,64.91%,2,3,6.4,9,0.01754385965,4,9,4,Stressed,TRUE,TRUE,TRUE
1557,924,Sonal Patil,25,25/12/2024,Female,WhatsApp,508,127,381,25.00%,1,1,6.5,9,0.01771653543,2,7,6,Stressed,TRUE,FALSE,FALSE
3425,924,Sonal Patil,26,22/10/2025,Male,Snapchat,388,213,175,54.90%,1,2,7.1,21,0.05412371134,3,8,5,Stressed,TRUE,TRUE,TRUE
3847,925,Sonal Patil,33,07/03/2024,Male,TikTok,364,237,127,65.11%,2,2,7.2,24,0.06593406593,4,8,5,Stressed,TRUE,FALSE,FALSE
209,926,Sonal Patil,60,05/02/2025,Male,Twitter,166,66,100,39.76%,0,1,8.2,43,0.2590361446,1,5,7,Healthy,TRUE,FALSE,FALSE
4201,927,Aditi Kale,16,17/09/2025,Male,YouTube,427,256,171,59.95%,1,3,6.9,17,0.03981264637,3,8,5,Stressed,FALSE,FALSE,FALSE
3165,928,Aditi Kale,24,16/04/2025,Male,Twitter,498,199,299,39.96%,1,2,6.5,10,0.02008032129,3,8,5,Stressed,TRUE,FALSE,FALSE
3713,929,Aditi Kale,34,20/02/2024,Female,YouTube,381,229,152,60.10%,1,3,7.1,22,0.05774278215,3,7,6,Stressed,TRUE,FALSE,FALSE
2592,929,Aditi Kale,35,31/12/2024,Male,Instagram,349,174,175,49.86%,1,2,7.3,25,0.07163323782,3,7,6,Stressed,TRUE,TRUE,TRUE
210,930,Aditi Kale,38,26/10/2025,Male,WhatsApp,266,66,200,24.81%,0,1,7.7,33,0.1240601504,1,6,7,Stressed,TRUE,FALSE,FALSE
3835,931,Neha Iyer,15,08/08/2025,Female,YouTube,393,236,157,60.05%,1,3,7,21,0.0534351145,3,8,5,Stressed,FALSE,FALSE,FALSE
4880,932,Neha Iyer,23,28/03/2024,Male,TikTok,481,313,168,65.07%,2,3,6.6,12,0.02494802495,4,9,4,Stressed,TRUE,FALSE,FALSE
4186,933,Neha Iyer,28,29/08/2024,Male,TikTok,392,255,137,65.05%,2,2,7,21,0.05357142857,4,8,5,Stressed,TRUE,FALSE,FALSE
211,934,Neha Iyer,40,24/11/2024,Male,WhatsApp,264,66,198,25.00%,0,1,7.7,34,0.1287878788,1,5,7,At_Risk,TRUE,FALSE,FALSE
854,935,Arjun Menon,16,30/04/2025,Female,WhatsApp,406,102,304,25.12%,0,1,7,19,0.04679802956,2,7,6,Stressed,FALSE,FALSE,FALSE
2594,935,Arjun Menon,17,06/11/2025,Male,Twitter,435,174,261,40.00%,1,2,6.8,16,0.0367816092,3,8,5,Stressed,TRUE,TRUE,TRUE
3825,936,Arjun Menon,23,11/03/2025,Female,Instagram,472,236,236,50.00%,1,3,6.6,13,0.02754237288,3,8,5,Stressed,TRUE,FALSE,FALSE
4645,936,Arjun Menon,23,10/10/2025,Female,YouTube,484,290,194,59.92%,1,4,6.6,12,0.02479338843,3,8,5,Stressed,TRUE,TRUE,TRUE
4174,937,Arjun Menon,30,24/07/2025,Male,TikTok,393,255,138,64.89%,2,2,7,21,0.0534351145,4,8,5,Stressed,TRUE,FALSE,FALSE
1424,938,Arjun Menon,38,05/03/2024,Male,YouTube,205,123,82,60.00%,1,2,8,40,0.1951219512,2,6,6,Stressed,TRUE,FALSE,FALSE
212,939,Arjun Menon,64,04/08/2025,Male,Facebook,188,66,122,35.11%,0,1,8.1,41,0.2180851064,1,5,7,Healthy,TRUE,FALSE,FALSE
1582,940,Riya Mishra,21,25/02/2024,Male,WhatsApp,510,128,382,25.10%,1,1,6.4,9,0.01764705882,2,7,6,Stressed,FALSE,FALSE,FALSE
4250,940,Riya Mishra,22,15/04/2025,Male,Instagram,517,258,259,49.90%,1,3,6.4,8,0.01547388781,3,8,5,Stressed,TRUE,TRUE,TRUE
2761,940,Riya Mishra,23,10/10/2024,Female,Facebook,514,180,334,35.02%,1,2,6.4,9,0.01750972763,3,8,5,Stressed,TRUE,TRUE,TRUE
3697,940,Riya Mishra,24,12/03/2024,Female,Instagram,455,228,227,50.11%,1,3,6.7,14,0.03076923077,3,8,5,Stressed,TRUE,TRUE,TRUE
1784,941,Riya Mishra,30,01/08/2024,Female,Twitter,334,134,200,40.12%,1,1,7.3,27,0.08083832335,2,7,6,Stressed,TRUE,FALSE,FALSE
213,942,Riya Mishra,62,04/04/2024,Female,Facebook,190,66,124,34.74%,0,1,8,41,0.2157894737,1,5,7,Healthy,TRUE,FALSE,FALSE
3772,943,Ishaan Mishra,16,30/03/2024,Male,Snapchat,422,232,190,54.98%,1,2,6.9,18,0.04265402844,3,8,5,Stressed,FALSE,FALSE,FALSE
3488,944,Ishaan Mishra,26,16/06/2024,Female,Snapchat,395,217,178,54.94%,1,2,7,20,0.05063291139,3,8,5,Stressed,TRUE,FALSE,FALSE
214,945,Ishaan Mishra,60,21/09/2025,Male,Twitter,166,66,100,39.76%,0,1,8.2,43,0.2590361446,1,5,7,Healthy,TRUE,FALSE,FALSE
3942,946,Neha Patel,20,20/09/2024,Male,Instagram,485,242,243,49.90%,1,3,6.6,12,0.02474226804,3,8,5,Stressed,FALSE,FALSE,FALSE
4228,946,Neha Patel,21,19/04/2025,Male,Snapchat,467,257,210,55.03%,1,2,6.7,13,0.0278372591,3,8,5,Stressed,TRUE,TRUE,TRUE
4269,946,Neha Patel,21,08/03/2024,Male,Instagram,518,259,259,50.00%,1,3,6.4,8,0.01544401544,3,8,5,Stressed,TRUE,TRUE,TRUE
1091,947,Neha Patel,24,27/05/2025,Female,WhatsApp,452,113,339,25.00%,0,1,6.7,15,0.03318584071,2,7,6,Stressed,TRUE,FALSE,FALSE
3634,947,Neha Patel,24,12/01/2024,Female,Instagram,453,226,227,49.89%,1,3,6.7,15,0.03311258278,3,8,5,Stressed,TRUE,TRUE,TRUE
4796,947,Neha Patel,25,24/05/2025,Male,YouTube,507,304,203,59.96%,1,4,6.5,9,0.01775147929,3,8,5,Stressed,TRUE,TRUE,TRUE
3210,948,Neha Patel,29,09/03/2024,Male,Snapchat,365,201,164,55.07%,1,2,7.2,24,0.06575342466,3,7,6,Stressed,TRUE,FALSE,FALSE
215,949,Neha Patel,45,26/04/2025,Male,WhatsApp,266,66,200,24.81%,0,1,7.7,33,0.1240601504,1,6,7,Stressed,TRUE,FALSE,FALSE
3435,950,Kavya Nair,13,13/01/2024,Male,Snapchat,389,214,175,55.01%,1,2,7.1,21,0.05398457584,3,8,5,Stressed,FALSE,FALSE,FALSE
1258,951,Kavya Nair,19,08/06/2025,Male,WhatsApp,471,118,353,25.05%,0,1,6.6,13,0.02760084926,2,7,6,Stressed,TRUE,FALSE,FALSE
4819,952,Kavya Nair,22,16/02/2025,Male,TikTok,470,306,164,65.11%,2,3,6.6,13,0.02765957447,4,9,4,Stressed,TRUE,FALSE,FALSE
1949,953,Kavya Nair,27,16/10/2024,Female,Twitter,355,142,213,40.00%,1,1,7.2,24,0.0676056338,2,7,6,Stressed,TRUE,FALSE,FALSE
479,954,Kavya Nair,42,12/06/2025,Male,Facebook,247,86,161,34.82%,0,1,7.8,35,0.1417004049,1,5,7,At_Risk,TRUE,FALSE,FALSE
1232,954,Kavya Nair,43,25/06/2025,Male,Instagram,234,117,117,50.00%,0,2,7.8,37,0.1581196581,2,6,6,Stressed,TRUE,TRUE,TRUE
216,955,Kavya Nair,45,24/12/2024,Female,WhatsApp,262,66,196,25.19%,0,1,7.7,34,0.1297709924,1,5,7,At_Risk,TRUE,FALSE,FALSE
788,956,Kavya Nair,65,06/09/2025,Male,Snapchat,179,98,81,54.75%,0,1,8.1,42,0.2346368715,2,6,6,Stressed,TRUE,FALSE,FALSE
4859,957,Aadhya Yadav,22,28/10/2024,Male,TikTok,479,311,168,64.93%,2,3,6.6,12,0.02505219207,4,9,4,Stressed,FALSE,FALSE,FALSE
4656,958,Aadhya Yadav,25,05/10/2025,Male,TikTok,447,291,156,65.10%,2,3,6.8,15,0.03355704698,4,9,4,Stressed,TRUE,FALSE,FALSE
2858,959,Aadhya Yadav,32,15/07/2024,Female,Instagram,368,184,184,50.00%,1,2,7.2,23,0.0625,3,7,6,Stressed,TRUE,FALSE,FALSE
596,959,Aadhya Yadav,33,18/06/2025,Female,WhatsApp,358,90,268,25.14%,0,1,7.2,24,0.06703910615,2,6,6,Stressed,TRUE,TRUE,TRUE
217,960,Aadhya Yadav,47,17/02/2025,Male,Facebook,190,66,124,34.74%,0,1,8,41,0.2157894737,1,5,7,Healthy,TRUE,FALSE,FALSE
791,961,Aadhya Yadav,65,03/05/2024,Male,YouTube,164,98,66,59.76%,0,1,8.2,44,0.2682926829,2,6,6,Stressed,TRUE,FALSE,FALSE
767,962,Aditya Mishra,15,03/07/2024,Female,WhatsApp,391,98,293,25.06%,0,1,7,21,0.0537084399,2,6,6,Stressed,FALSE,FALSE,FALSE
1311,963,Aditya Mishra,19,19/10/2025,Male,WhatsApp,482,120,362,24.90%,0,1,6.6,12,0.02489626556,2,7,6,Stressed,TRUE,FALSE,FALSE
4402,964,Aditya Mishra,23,02/03/2025,Male,Snapchat,490,270,220,55.10%,1,2,6.6,11,0.02244897959,3,8,5,Stressed,TRUE,FALSE,FALSE
2543,965,Aditya Mishra,31,30/08/2024,Female,Instagram,345,172,173,49.86%,1,2,7.3,26,0.07536231884,3,7,6,Stressed,TRUE,FALSE,FALSE
2742,965,Aditya Mishra,32,19/11/2024,Male,Instagram,361,180,181,49.86%,1,2,7.2,24,0.06648199446,3,7,6,Stressed,TRUE,TRUE,TRUE
3197,965,Aditya Mishra,33,01/07/2025,Female,YouTube,334,200,134,59.88%,1,3,7.3,27,0.08083832335,3,7,6,Stressed,TRUE,TRUE,TRUE
218,966,Aditya Mishra,44,27/03/2024,Female,WhatsApp,268,67,201,25.00%,0,1,7.7,33,0.1231343284,1,6,7,Stressed,TRUE,FALSE,FALSE
4764,967,Ishaan Rawat,19,15/03/2024,Male,TikTok,462,300,162,64.94%,2,3,6.7,14,0.0303030303,4,9,4,Stressed,FALSE,FALSE,FALSE
1438,967,Ishaan Rawat,20,17/05/2025,Male,WhatsApp,497,124,373,24.95%,1,1,6.5,10,0.02012072435,2,7,6,Stressed,TRUE,TRUE,TRUE
2785,967,Ishaan Rawat,21,01/03/2024,Male,Twitter,452,181,271,40.04%,1,2,6.7,15,0.03318584071,3,8,5,Stressed,TRUE,TRUE,TRUE
2897,968,Ishaan Rawat,30,08/05/2025,Female,Snapchat,338,186,152,55.03%,1,2,7.3,26,0.07692307692,3,7,6,Stressed,TRUE,FALSE,FALSE
3535,969,Ishaan Rawat,34,22/08/2024,Female,TikTok,339,220,119,64.90%,1,2,7.3,26,0.07669616519,3,7,6,Stressed,TRUE,FALSE,FALSE
219,970,Ishaan Rawat,43,10/02/2024,Male,WhatsApp,268,67,201,25.00%,0,1,7.7,33,0.1231343284,1,6,7,Stressed,TRUE,FALSE,FALSE
972,971,Suhani Deshmukh,17,15/11/2025,Male,WhatsApp,437,109,328,24.94%,0,1,6.8,16,0.03661327231,2,7,6,Stressed,FALSE,FALSE,FALSE
2420,972,Suhani Deshmukh,24,15/05/2025,Female,Facebook,472,165,307,34.96%,1,1,6.6,13,0.02754237288,3,8,5,Stressed,TRUE,FALSE,FALSE
4683,972,Suhani Deshmukh,25,23/01/2024,Female,YouTube,486,292,194,60.08%,1,4,6.6,11,0.02263374486,3,8,5,Stressed,TRUE,TRUE,TRUE
698,973,Suhani Deshmukh,34,16/01/2024,Female,WhatsApp,379,95,284,25.07%,0,1,7.1,22,0.0580474934,2,6,6,Stressed,TRUE,FALSE,FALSE
2404,974,Suhani Deshmukh,38,24/03/2024,Female,TikTok,252,164,88,65.08%,1,1,7.7,35,0.1388888889,3,7,5,Stressed,TRUE,FALSE,FALSE
2440,975,Suhani Deshmukh,41,02/06/2025,Male,TikTok,255,166,89,65.10%,1,1,7.7,34,0.1333333333,3,7,5,Stressed,TRUE,FALSE,FALSE
220,976,Suhani Deshmukh,57,14/08/2025,Female,Twitter,167,67,100,40.12%,0,1,8.2,43,0.2574850299,1,5,7,Healthy,TRUE,FALSE,FALSE
3156,977,Ananya Joshi,17,18/09/2024,Female,Instagram,396,198,198,50.00%,1,3,7,20,0.05050505051,3,8,5,Stressed,FALSE,FALSE,FALSE
1001,978,Ananya Joshi,24,21/01/2024,Female,WhatsApp,442,110,332,24.89%,0,1,6.8,16,0.03619909502,2,7,6,Stressed,TRUE,FALSE,FALSE
3755,979,Ananya Joshi,29,26/12/2024,Male,TikTok,355,231,124,65.07%,2,2,7.2,24,0.0676056338,3,8,5,Stressed,TRUE,FALSE,FALSE
3873,980,Ananya Joshi,33,22/09/2024,Male,TikTok,366,238,128,65.03%,2,2,7.2,23,0.06284153005,4,8,5,Stressed,TRUE,FALSE,FALSE
1057,981,Ananya Joshi,35,27/01/2025,Male,Facebook,321,112,209,34.89%,0,1,7.4,28,0.08722741433,2,6,6,Stressed,TRUE,FALSE,FALSE
222,982,Ananya Joshi,54,11/01/2024,Female,Facebook,191,67,124,35.08%,0,1,8,41,0.2146596859,1,5,7,Healthy,TRUE,FALSE,FALSE
2336,983,Anika Das,19,26/12/2024,Female,Facebook,460,161,299,35.00%,1,1,6.7,14,0.03043478261,2,7,6,Stressed,FALSE,FALSE,FALSE
2459,984,Anika Das,23,31/10/2025,Female,Facebook,476,167,309,35.08%,1,1,6.6,12,0.02521008403,3,8,5,Stressed,TRUE,FALSE,FALSE
4630,985,Anika Das,25,03/11/2025,Female,TikTok,445,289,156,64.94%,2,3,6.8,16,0.03595505618,4,9,4,Stressed,TRUE,FALSE,FALSE
2943,985,Anika Das,25,23/06/2024,Female,Twitter,472,189,283,40.04%,1,2,6.6,13,0.02754237288,3,8,5,Stressed,TRUE,TRUE,TRUE
1277,985,Anika Das,25,04/03/2025,Female,WhatsApp,476,119,357,25.00%,0,1,6.6,12,0.02521008403,2,7,6,Stressed,TRUE,TRUE,TRUE
223,986,Anika Das,37,11/11/2025,Male,WhatsApp,268,67,201,25.00%,0,1,7.7,33,0.1231343284,1,6,7,Stressed,TRUE,FALSE,FALSE
787,987,Anika Das,42,27/08/2025,Female,Twitter,246,98,148,39.84%,1,1,7.8,35,0.1422764228,2,6,6,Stressed,TRUE,FALSE,FALSE
815,988,Anika Das,54,29/08/2024,Male,TikTok,154,100,54,64.94%,1,1,8.2,45,0.2922077922,2,6,6,Stressed,TRUE,FALSE,FALSE
331,989,Anika Das,61,03/07/2024,Female,Snapchat,142,78,64,54.93%,0,1,8.3,46,0.323943662,1,5,7,Healthy,TRUE,FALSE,FALSE
1193,990,Sonal Rawat,20,13/10/2024,Male,WhatsApp,464,116,348,25.00%,0,1,6.7,14,0.03017241379,2,7,6,Stressed,FALSE,FALSE,FALSE
3226,991,Sonal Rawat,26,24/09/2025,Female,Snapchat,367,202,165,55.04%,1,2,7.2,23,0.06267029973,3,7,6,Stressed,TRUE,FALSE,FALSE
1539,991,Sonal Rawat,27,01/02/2024,Male,Facebook,362,127,235,35.08%,1,1,7.2,24,0.06629834254,2,7,6,Stressed,TRUE,TRUE,TRUE
224,992,Sonal Rawat,64,19/07/2024,Female,Facebook,192,67,125,34.90%,0,1,8,41,0.2135416667,1,5,7,Healthy,TRUE,FALSE,FALSE
3844,993,Vivaan Shinde,16,26/04/2025,Male,Snapchat,431,237,194,54.99%,1,2,6.8,17,0.03944315545,3,8,5,Stressed,FALSE,FALSE,FALSE
407,994,Vivaan Shinde,28,22/02/2025,Male,WhatsApp,326,82,244,25.15%,0,1,7.4,27,0.08282208589,1,6,7,Stressed,TRUE,FALSE,FALSE
1140,995,Vivaan Shinde,30,06/06/2024,Female,Facebook,326,114,212,34.97%,0,1,7.4,27,0.08282208589,2,6,6,Stressed,TRUE,FALSE,FALSE
3714,995,Vivaan Shinde,31,11/03/2024,Male,TikTok,353,229,124,64.87%,2,2,7.2,25,0.07082152975,3,8,5,Stressed,TRUE,TRUE,TRUE
2807,996,Vivaan Shinde,33,21/10/2024,Female,Instagram,363,182,181,50.14%,1,2,7.2,24,0.06611570248,3,7,6,Stressed,TRUE,FALSE,FALSE
226,997,Vivaan Shinde,42,04/09/2024,Female,WhatsApp,271,68,203,25.09%,0,1,7.6,33,0.1217712177,1,6,7,Stressed,TRUE,FALSE,FALSE
1067,998,Vivaan Shinde,48,17/06/2025,Male,YouTube,187,112,75,59.89%,0,1,8.1,41,0.2192513369,2,6,6,Stressed,TRUE,FALSE,FALSE
695,999,Vivaan Shinde,59,19/01/2025,Male,Snapchat,173,95,78,54.91%,0,1,8.1,43,0.2485549133,2,6,6,Stressed,TRUE,FALSE,FALSE
3110,1000,Pooja Nair,24,28/11/2024,Female,Twitter,492,197,295,40.04%,1,2,6.5,11,0.02235772358,3,8,5,Stressed,FALSE,FALSE,FALSE
3077,1001,Pooja Nair,26,19/02/2024,Male,Instagram,390,195,195,50.00%,1,3,7,21,0.05384615385,3,8,5,Stressed,TRUE,FALSE,FALSE
2852,1002,Pooja Nair,30,07/10/2024,Female,Instagram,367,184,183,50.14%,1,2,7.2,23,0.06267029973,3,7,6,Stressed,TRUE,FALSE,FALSE
908,1003,Pooja Nair,41,05/07/2025,Female,Instagram,212,106,106,50.00%,0,1,7.9,39,0.1839622642,2,6,6,Stressed,TRUE,FALSE,FALSE
227,1003,Pooja Nair,42,05/11/2024,Female,WhatsApp,273,68,205,24.91%,0,1,7.6,33,0.1208791209,1,6,7,Stressed,TRUE,TRUE,TRUE
636,1004,Pooja Nair,50,25/08/2024,Female,TikTok,142,92,50,64.79%,1,1,8.3,46,0.323943662,2,6,6,Stressed,TRUE,FALSE,FALSE
2070,1005,Aarav Menon,16,04/01/2024,Female,Facebook,430,150,280,34.88%,1,1,6.8,17,0.03953488372,2,7,6,Stressed,FALSE,FALSE,FALSE
4560,1006,Aarav Menon,21,27/09/2024,Male,YouTube,471,283,188,60.08%,1,4,6.6,13,0.02760084926,3,8,5,Stressed,TRUE,FALSE,FALSE
3811,1007,Aarav Menon,23,23/02/2024,Female,Instagram,470,235,235,50.00%,1,3,6.6,13,0.02765957447,3,8,5,Stressed,TRUE,FALSE,FALSE
2383,1008,Aarav Menon,29,11/06/2024,Female,Instagram,329,164,165,49.85%,1,2,7.4,27,0.0820668693,3,7,6,Stressed,TRUE,FALSE,FALSE
1035,1009,Aarav Menon,36,30/09/2024,Female,Instagram,223,112,111,50.22%,0,1,7.9,38,0.1704035874,2,6,6,Stressed,TRUE,FALSE,FALSE
1429,1010,Aarav Menon,38,10/10/2024,Male,Snapchat,226,124,102,54.87%,1,1,7.9,37,0.1637168142,2,6,6,Stressed,TRUE,FALSE,FALSE
228,1011,Aarav Menon,42,04/12/2024,Female,WhatsApp,271,68,203,25.09%,0,1,7.6,33,0.1217712177,1,6,7,Stressed,TRUE,FALSE,FALSE
280,1012,Aarav Menon,53,18/12/2024,Female,Twitter,183,73,110,39.89%,0,1,8.1,42,0.2295081967,1,5,7,Healthy,TRUE,FALSE,FALSE
3274,1013,Avni Sharma,17,01/07/2024,Female,Instagram,409,204,205,49.88%,1,3,7,19,0.04645476773,3,8,5,Stressed,FALSE,FALSE,FALSE
4740,1014,Avni Sharma,21,12/04/2024,Male,YouTube,496,298,198,60.08%,1,4,6.5,10,0.02016129032,3,8,5,Stressed,TRUE,FALSE,FALSE
2559,1015,Avni Sharma,23,06/11/2025,Female,Facebook,494,173,321,35.02%,1,2,6.5,11,0.02226720648,3,8,5,Stressed,TRUE,FALSE,FALSE
2381,1016,Avni Sharma,35,01/10/2024,Male,Instagram,326,163,163,50.00%,1,2,7.4,27,0.08282208589,3,7,6,Stressed,TRUE,FALSE,FALSE
230,1016,Avni Sharma,36,27/07/2024,Male,WhatsApp,272,68,204,25.00%,0,1,7.6,33,0.1213235294,1,6,7,Stressed,TRUE,TRUE,TRUE
883,1017,Avni Sharma,57,10/02/2024,Male,Instagram,209,104,105,49.76%,0,1,8,39,0.1866028708,2,6,6,Stressed,TRUE,FALSE,FALSE
2553,1018,Vihaan Naidu,19,11/04/2024,Male,Facebook,491,172,319,35.03%,1,2,6.5,11,0.02240325866,3,8,5,Stressed,FALSE,FALSE,FALSE
4552,1018,Vihaan Naidu,20,21/05/2024,Female,YouTube,472,283,189,59.96%,1,4,6.6,13,0.02754237288,3,8,5,Stressed,TRUE,TRUE,TRUE
2502,1019,Vihaan Naidu,23,11/03/2024,Female,Facebook,487,170,317,34.91%,1,2,6.6,11,0.02258726899,3,8,5,Stressed,TRUE,FALSE,FALSE
3174,1020,Vihaan Naidu,29,21/01/2025,Male,YouTube,331,199,132,60.12%,1,3,7.3,27,0.08157099698,3,7,6,Stressed,TRUE,FALSE,FALSE
1106,1021,Vihaan Naidu,31,22/01/2024,Male,Facebook,326,114,212,34.97%,0,1,7.4,27,0.08282208589,2,6,6,Stressed,TRUE,FALSE,FALSE
2686,1021,Vihaan Naidu,32,20/07/2024,Female,Snapchat,324,178,146,54.94%,1,2,7.4,28,0.08641975309,3,7,6,Stressed,TRUE,TRUE,TRUE
231,1022,Vihaan Naidu,43,11/02/2025,Male,WhatsApp,274,68,206,24.82%,0,1,7.6,33,0.1204379562,1,6,7,Stressed,TRUE,FALSE,FALSE
3355,1023,Sonal Pawar,17,02/11/2024,Female,Snapchat,380,209,171,55.00%,1,2,7.1,22,0.05789473684,3,7,6,Stressed,FALSE,FALSE,FALSE
2602,1024,Sonal Pawar,19,14/07/2025,Female,Facebook,497,174,323,35.01%,1,2,6.5,10,0.02012072435,3,8,5,Stressed,TRUE,FALSE,FALSE
1454,1025,Sonal Pawar,21,08/10/2024,Female,WhatsApp,498,124,374,24.90%,1,1,6.5,10,0.02008032129,2,7,6,Stressed,TRUE,FALSE,FALSE
3107,1026,Sonal Pawar,34,29/07/2025,Female,YouTube,326,196,130,60.12%,1,3,7.4,27,0.08282208589,3,7,6,Stressed,TRUE,FALSE,FALSE
2655,1026,Sonal Pawar,34,26/09/2025,Female,Instagram,354,177,177,50.00%,1,2,7.2,25,0.07062146893,3,7,6,Stressed,TRUE,TRUE,TRUE
779,1026,Sonal Pawar,35,04/02/2025,Male,WhatsApp,393,98,295,24.94%,0,1,7,21,0.0534351145,2,6,6,Stressed,TRUE,TRUE,TRUE
235,1027,Sonal Pawar,41,20/02/2024,Male,WhatsApp,275,69,206,25.09%,0,1,7.6,32,0.1163636364,1,6,7,Stressed,TRUE,FALSE,FALSE
901,1028,Vivaan Choudhary,17,25/06/2024,Female,WhatsApp,419,105,314,25.06%,0,1,6.9,18,0.04295942721,2,7,6,Stressed,FALSE,FALSE,FALSE
3936,1029,Vivaan Choudhary,24,18/12/2024,Male,Snapchat,440,242,198,55.00%,1,2,6.8,16,0.03636363636,3,8,5,Stressed,TRUE,FALSE,FALSE
3994,1029,Vivaan Choudhary,24,11/09/2024,Female,Snapchat,445,245,200,55.06%,1,2,6.8,16,0.03595505618,3,8,5,Stressed,TRUE,TRUE,TRUE
4887,1029,Vivaan Choudhary,24,07/09/2025,Male,TikTok,484,315,169,65.08%,2,3,6.6,12,0.02479338843,4,9,4,Stressed,TRUE,TRUE,TRUE
4222,1030,Vivaan Choudhary,28,08/08/2025,Male,TikTok,395,257,138,65.06%,2,2,7,20,0.05063291139,4,9,4,Stressed,TRUE,FALSE,FALSE
430,1031,Vivaan Choudhary,30,27/11/2024,Male,WhatsApp,338,84,254,24.85%,0,1,7.3,26,0.07692307692,1,6,7,Stressed,TRUE,FALSE,FALSE
2713,1032,Vivaan Choudhary,33,28/04/2025,Male,Instagram,358,179,179,50.00%,1,2,7.2,24,0.06703910615,3,7,6,Stressed,TRUE,FALSE,FALSE
236,1033,Vivaan Choudhary,40,14/10/2025,Male,WhatsApp,276,69,207,25.00%,0,1,7.6,32,0.115942029,1,6,7,Stressed,TRUE,FALSE,FALSE
2237,1034,Vivaan Choudhary,44,22/05/2025,Female,TikTok,242,157,85,64.88%,1,1,7.8,36,0.1487603306,2,6,6,Stressed,TRUE,FALSE,FALSE
2847,1035,Ishaan Verma,15,04/02/2024,Male,Twitter,458,183,275,39.96%,1,2,6.7,14,0.03056768559,3,8,5,Stressed,FALSE,FALSE,FALSE
4770,1036,Ishaan Verma,21,13/01/2024,Male,YouTube,502,301,201,59.96%,1,4,6.5,10,0.01992031873,3,8,5,Stressed,TRUE,FALSE,FALSE
237,1037,Ishaan Verma,41,13/07/2024,Female,WhatsApp,276,69,207,25.00%,0,1,7.6,32,0.115942029,1,6,7,Stressed,TRUE,FALSE,FALSE
4300,1038,Aadhya Verma,18,09/11/2025,Male,TikTok,403,262,141,65.01%,2,2,7,20,0.04962779156,4,9,4,Stressed,FALSE,FALSE,FALSE
3988,1039,Aadhya Verma,28,02/02/2025,Female,TikTok,377,245,132,64.99%,2,2,7.1,22,0.05835543767,4,8,5,Stressed,TRUE,FALSE,FALSE
1350,1040,Aadhya Verma,35,19/02/2024,Female,Facebook,347,121,226,34.87%,1,1,7.3,25,0.07204610951,2,7,6,Stressed,TRUE,FALSE,FALSE
239,1041,Aadhya Verma,38,14/03/2024,Male,Facebook,201,70,131,34.83%,0,1,8,40,0.1990049751,1,5,7,Healthy,TRUE,FALSE,FALSE
238,1042,Aadhya Verma,41,04/01/2025,Male,WhatsApp,275,69,206,25.09%,0,1,7.6,32,0.1163636364,1,6,7,Stressed,TRUE,FALSE,FALSE
2313,1043,Aadhya Verma,45,22/12/2024,Male,TikTok,246,160,86,65.04%,1,1,7.8,35,0.1422764228,2,6,6,Stressed,TRUE,FALSE,FALSE
3606,1044,Diya Deshmukh,20,26/04/2024,Male,Instagram,449,224,225,49.89%,1,3,6.8,15,0.03340757238,3,8,5,Stressed,FALSE,FALSE,FALSE
3324,1045,Diya Deshmukh,22,20/06/2024,Male,Twitter,518,207,311,39.96%,1,2,6.4,8,0.01544401544,3,8,5,Stressed,TRUE,FALSE,FALSE
3817,1046,Diya Deshmukh,27,29/06/2025,Male,TikTok,361,235,126,65.10%,2,2,7.2,24,0.06648199446,4,8,5,Stressed,TRUE,FALSE,FALSE
1337,1047,Diya Deshmukh,34,21/03/2025,Female,Facebook,345,121,224,35.07%,1,1,7.3,26,0.07536231884,2,7,6,Stressed,TRUE,FALSE,FALSE
241,1048,Diya Deshmukh,55,06/02/2025,Male,Facebook,200,70,130,35.00%,0,1,8,40,0.2,1,5,7,Healthy,TRUE,FALSE,FALSE
385,1049,Diya Deshmukh,69,23/08/2024,Female,Instagram,164,82,82,50.00%,0,1,8.2,44,0.2682926829,1,5,7,Healthy,TRUE,FALSE,FALSE
2180,1050,Avni Chauhan,14,24/04/2025,Female,Facebook,444,155,289,34.91%,1,1,6.8,16,0.03603603604,2,7,6,Stressed,FALSE,FALSE,FALSE
1146,1051,Avni Chauhan,25,28/01/2025,Male,WhatsApp,460,115,345,25.00%,0,1,6.7,14,0.03043478261,2,7,6,Stressed,TRUE,FALSE,FALSE
2388,1052,Avni Chauhan,44,11/07/2025,Female,YouTube,273,164,109,60.07%,1,2,7.6,33,0.1208791209,3,7,6,Stressed,TRUE,FALSE,FALSE
242,1053,Avni Chauhan,61,07/05/2025,Other,Facebook,200,70,130,35.00%,0,1,8,40,0.2,1,5,7,Healthy,TRUE,FALSE,FALSE
4140,1054,Aditi Patel,20,23/11/2024,Male,Snapchat,460,253,207,55.00%,1,2,6.7,14,0.03043478261,3,8,5,Stressed,FALSE,FALSE,FALSE
3432,1055,Aditi Patel,26,20/10/2024,Female,TikTok,329,214,115,65.05%,1,2,7.4,27,0.0820668693,3,7,6,Stressed,TRUE,FALSE,FALSE
3323,1055,Aditi Patel,27,19/10/2025,Male,Snapchat,376,207,169,55.05%,1,2,7.1,22,0.0585106383,3,7,6,Stressed,TRUE,TRUE,TRUE
4034,1056,Aditi Patel,29,19/07/2024,Male,TikTok,381,248,133,65.09%,2,2,7.1,22,0.05774278215,4,8,5,Stressed,TRUE,FALSE,FALSE
243,1057,Aditi Patel,45,01/07/2025,Female,WhatsApp,280,70,210,25.00%,0,1,7.6,32,0.1142857143,1,6,7,Stressed,TRUE,FALSE,FALSE
816,1058,Aditi Patel,55,11/04/2025,Female,Instagram,199,100,99,50.25%,0,1,8,40,0.2010050251,2,6,6,Stressed,TRUE,FALSE,FALSE
4350,1059,Aditi Banerjee,21,16/07/2025,Female,Snapchat,484,266,218,54.96%,1,2,6.6,12,0.02479338843,3,8,5,Stressed,FALSE,FALSE,FALSE
1075,1060,Aditi Banerjee,28,30/06/2025,Male,Facebook,323,113,210,34.98%,0,1,7.4,28,0.0866873065,2,6,6,Stressed,TRUE,FALSE,FALSE
1010,1061,Aditi Banerjee,42,10/02/2024,Female,Snapchat,201,111,90,55.22%,0,1,8,40,0.1990049751,2,6,6,Stressed,TRUE,FALSE,FALSE
2182,1061,Aditi Banerjee,42,20/10/2024,Male,TikTok,238,155,83,65.13%,1,1,7.8,36,0.1512605042,2,6,6,Stressed,TRUE,TRUE,TRUE
244,1062,Aditi Banerjee,67,02/03/2025,Female,Twitter,175,70,105,40.00%,0,1,8.1,42,0.24,1,5,7,Healthy,TRUE,FALSE,FALSE
2527,1063,Neha Choudhary,16,04/12/2024,Female,Twitter,427,171,256,40.05%,1,2,6.9,17,0.03981264637,3,8,5,Stressed,FALSE,FALSE,FALSE
3271,1063,Neha Choudhary,17,15/11/2024,Male,Instagram,409,204,205,49.88%,1,3,7,19,0.04645476773,3,8,5,Stressed,TRUE,TRUE,TRUE
2692,1063,Neha Choudhary,18,09/06/2025,Male,Twitter,445,178,267,40.00%,1,2,6.8,16,0.03595505618,3,8,5,Stressed,TRUE,TRUE,TRUE
2839,1063,Neha Choudhary,19,08/11/2024,Male,Twitter,455,182,273,40.00%,1,2,6.7,14,0.03076923077,3,8,5,Stressed,TRUE,TRUE,TRUE
2426,1063,Neha Choudhary,19,15/04/2024,Female,Facebook,474,166,308,35.02%,1,1,6.6,13,0.02742616034,3,8,5,Stressed,TRUE,TRUE,TRUE
1300,1063,Neha Choudhary,19,03/08/2024,Female,WhatsApp,478,120,358,25.10%,0,1,6.6,12,0.02510460251,2,7,6,Stressed,TRUE,TRUE,TRUE
1526,1064,Neha Choudhary,24,17/07/2024,Female,WhatsApp,505,126,379,24.95%,1,1,6.5,10,0.0198019802,2,7,6,Stressed,TRUE,FALSE,FALSE
246,1065,Neha Choudhary,66,24/04/2024,Male,Twitter,176,70,106,39.77%,0,1,8.1,42,0.2386363636,1,5,7,Healthy,TRUE,FALSE,FALSE
3018,1066,Aarav Nair,25,27/07/2025,Female,Twitter,482,193,289,40.04%,1,2,6.6,12,0.02489626556,3,8,5,Stressed,FALSE,FALSE,FALSE
2284,1066,Aarav Nair,26,06/08/2025,Female,Twitter,398,159,239,39.95%,1,1,7,20,0.05025125628,2,7,6,Stressed,TRUE,TRUE,TRUE
3904,1066,Aarav Nair,27,29/09/2024,Female,TikTok,367,239,128,65.12%,2,2,7.2,23,0.06267029973,4,8,5,Stressed,TRUE,TRUE,TRUE
3414,1066,Aarav Nair,27,28/12/2024,Other,Snapchat,385,212,173,55.06%,1,2,7.1,22,0.05714285714,3,7,6,Stressed,TRUE,TRUE,TRUE
1687,1067,Aarav Nair,29,04/11/2024,Male,Facebook,374,131,243,35.03%,1,1,7.1,23,0.0614973262,2,7,6,Stressed,TRUE,FALSE,FALSE
1946,1068,Aarav Nair,31,17/07/2024,Male,Twitter,355,142,213,40.00%,1,1,7.2,24,0.0676056338,2,7,6,Stressed,TRUE,FALSE,FALSE
3764,1069,Aarav Nair,35,14/02/2025,Male,YouTube,386,232,154,60.10%,1,3,7.1,21,0.05440414508,3,8,5,Stressed,TRUE,FALSE,FALSE
247,1070,Aarav Nair,41,30/03/2024,Male,WhatsApp,280,70,210,25.00%,0,1,7.6,32,0.1142857143,1,6,7,Stressed,TRUE,FALSE,FALSE
255,1071,Aarav Nair,50,07/10/2025,Female,Facebook,202,71,131,35.15%,0,1,8,40,0.198019802,1,5,7,Healthy,TRUE,FALSE,FALSE
2482,1072,Aditi Gupta,23,10/11/2025,Male,Facebook,483,169,314,34.99%,1,2,6.6,12,0.0248447205,3,8,5,Stressed,FALSE,FALSE,FALSE
4949,1072,Aditi Gupta,23,06/04/2025,Female,TikTok,505,328,177,64.95%,2,3,6.5,10,0.0198019802,4,9,4,Stressed,TRUE,TRUE,TRUE
4599,1073,Aditi Gupta,25,11/06/2025,Male,Snapchat,520,286,234,55.00%,1,3,6.4,8,0.01538461538,3,8,5,Stressed,TRUE,FALSE,FALSE
2946,1074,Aditi Gupta,31,10/08/2025,Female,Snapchat,344,189,155,54.94%,1,2,7.3,26,0.07558139535,3,7,6,Stressed,TRUE,FALSE,FALSE
2606,1074,Aditi Gupta,32,31/10/2025,Male,Instagram,347,174,173,50.14%,1,2,7.3,25,0.07204610951,3,7,6,Stressed,TRUE,TRUE,TRUE
248,1075,Aditi Gupta,42,21/09/2024,Female,WhatsApp,279,70,209,25.09%,0,1,7.6,32,0.1146953405,1,6,7,Stressed,TRUE,FALSE,FALSE
3596,1076,Suhani Saxena,17,24/02/2024,Female,Snapchat,406,223,183,54.93%,1,2,7,19,0.04679802956,3,8,5,Stressed,FALSE,FALSE,FALSE
2760,1077,Suhani Saxena,28,28/06/2025,Male,Snapchat,327,180,147,55.05%,1,2,7.4,27,0.08256880734,3,7,6,Stressed,TRUE,FALSE,FALSE
249,1078,Suhani Saxena,40,15/03/2025,Male,WhatsApp,278,70,208,25.18%,0,1,7.6,32,0.1151079137,1,6,7,Stressed,TRUE,FALSE,FALSE
1329,1079,Suhani Saxena,42,03/01/2025,Female,Instagram,241,120,121,49.79%,0,2,7.8,36,0.1493775934,2,6,6,Stressed,TRUE,FALSE,FALSE
1122,1080,Vivaan Shetty,19,12/03/2025,Male,WhatsApp,454,114,340,25.11%,0,1,6.7,15,0.03303964758,2,7,6,Stressed,FALSE,FALSE,FALSE
608,1081,Vivaan Shetty,28,27/01/2024,Male,WhatsApp,363,91,272,25.07%,0,1,7.2,24,0.06611570248,2,6,6,Stressed,TRUE,FALSE,FALSE
4225,1082,Vivaan Shetty,33,16/11/2025,Male,TikTok,396,257,139,64.90%,2,2,7,20,0.05050505051,4,9,4,Stressed,TRUE,FALSE,FALSE
251,1083,Vivaan Shetty,62,24/07/2025,Female,Twitter,176,70,106,39.77%,0,1,8.1,42,0.2386363636,1,5,7,Healthy,TRUE,FALSE,FALSE
2213,1084,Jiya Roy,18,01/07/2024,Female,Facebook,447,156,291,34.90%,1,1,6.8,15,0.03355704698,2,7,6,Stressed,FALSE,FALSE,FALSE
4320,1084,Jiya Roy,19,10/09/2024,Male,YouTube,440,264,176,60.00%,1,4,6.8,16,0.03636363636,3,8,5,Stressed,TRUE,TRUE,TRUE
2748,1084,Jiya Roy,19,03/10/2025,Female,Facebook,513,180,333,35.09%,1,2,6.4,9,0.01754385965,3,8,5,Stressed,TRUE,TRUE,TRUE
1765,1085,Jiya Roy,29,01/02/2024,Male,Twitter,334,134,200,40.12%,1,1,7.3,27,0.08083832335,2,7,6,Stressed,TRUE,FALSE,FALSE
2991,1086,Jiya Roy,32,26/02/2024,Male,Instagram,385,192,193,49.87%,1,3,7.1,22,0.05714285714,3,7,6,Stressed,TRUE,FALSE,FALSE
348,1087,Jiya Roy,47,12/06/2024,Female,Snapchat,145,80,65,55.17%,0,1,8.3,46,0.3172413793,1,5,7,Healthy,TRUE,FALSE,FALSE
252,1087,Jiya Roy,48,09/06/2025,Male,Facebook,204,71,133,34.80%,0,1,8,40,0.1960784314,1,5,7,Healthy,TRUE,TRUE,TRUE
2874,1088,Neha Banerjee,23,02/02/2025,Male,Twitter,460,184,276,40.00%,1,2,6.7,14,0.03043478261,3,8,5,Stressed,FALSE,FALSE,FALSE
4879,1088,Neha Banerjee,23,12/08/2024,Female,TikTok,481,313,168,65.07%,2,3,6.6,12,0.02494802495,4,9,4,Stressed,TRUE,TRUE,TRUE
4736,1089,Neha Banerjee,25,07/01/2024,Female,TikTok,459,298,161,64.92%,2,3,6.7,14,0.03050108932,4,9,4,Stressed,TRUE,FALSE,FALSE
3044,1090,Neha Banerjee,29,04/09/2024,Male,Snapchat,353,194,159,54.96%,1,2,7.2,25,0.07082152975,3,7,6,Stressed,TRUE,FALSE,FALSE
357,1091,Neha Banerjee,36,27/02/2025,Female,Facebook,228,80,148,35.09%,0,1,7.9,37,0.1622807018,1,5,7,Healthy,TRUE,FALSE,FALSE
254,1092,Neha Banerjee,51,23/05/2024,Female,Facebook,202,71,131,35.15%,0,1,8,40,0.198019802,1,5,7,Healthy,TRUE,FALSE,FALSE
4452,1093,Sai Chauhan,22,16/04/2025,Male,YouTube,456,274,182,60.09%,1,4,6.7,14,0.03070175439,3,8,5,Stressed,FALSE,FALSE,FALSE
3262,1094,Sai Chauhan,29,16/02/2024,Male,YouTube,340,204,136,60.00%,1,3,7.3,26,0.07647058824,3,7,6,Stressed,TRUE,FALSE,FALSE
2106,1095,Sai Chauhan,35,22/07/2024,Female,Twitter,379,152,227,40.11%,1,1,7.1,22,0.0580474934,2,7,6,Stressed,TRUE,FALSE,FALSE
256,1096,Sai Chauhan,61,16/06/2024,Female,Twitter,177,71,106,40.11%,0,1,8.1,42,0.2372881356,1,5,7,Healthy,TRUE,FALSE,FALSE
4691,1097,Neha Deshmukh,25,16/11/2024,Female,YouTube,489,293,196,59.92%,1,4,6.6,11,0.02249488753,3,8,5,Stressed,FALSE,FALSE,FALSE
3576,1098,Neha Deshmukh,27,11/04/2025,Male,YouTube,370,222,148,60.00%,1,3,7.2,23,0.06216216216,3,7,6,Stressed,TRUE,FALSE,FALSE
2678,1098,Neha Deshmukh,28,17/02/2024,Female,Instagram,355,178,177,50.14%,1,2,7.2,24,0.0676056338,3,7,6,Stressed,TRUE,TRUE,TRUE
1286,1099,Neha Deshmukh,35,18/03/2024,Male,Facebook,339,119,220,35.10%,0,1,7.3,26,0.07669616519,2,6,6,Stressed,TRUE,FALSE,FALSE
1577,1100,Neha Deshmukh,39,09/05/2025,Other,YouTube,213,128,85,60.09%,1,2,7.9,39,0.1830985915,2,6,6,Stressed,TRUE,FALSE,FALSE
257,1101,Neha Deshmukh,45,05/08/2024,Male,Facebook,202,71,131,35.15%,0,1,8,40,0.198019802,1,5,7,Healthy,TRUE,FALSE,FALSE
839,1102,Neha Deshmukh,50,27/04/2024,Female,YouTube,169,101,68,59.76%,0,1,8.2,43,0.2544378698,2,6,6,Stressed,TRUE,FALSE,FALSE
4509,1103,Navya Patel,15,01/06/2025,Male,TikTok,429,279,150,65.03%,2,2,6.9,17,0.03962703963,4,9,4,Stressed,FALSE,FALSE,FALSE
4457,1104,Navya Patel,19,27/09/2025,Male,Snapchat,499,274,225,54.91%,1,2,6.5,10,0.02004008016,3,8,5,Stressed,TRUE,FALSE,FALSE
3557,1104,Navya Patel,20,14/01/2024,Female,Instagram,442,221,221,50.00%,1,3,6.8,16,0.03619909502,3,8,5,Stressed,TRUE,TRUE,TRUE
3315,1105,Navya Patel,23,28/05/2025,Male,Twitter,515,206,309,40.00%,1,2,6.4,8,0.01553398058,3,8,5,Stressed,TRUE,FALSE,FALSE
3614,1106,Navya Patel,34,02/11/2024,Male,YouTube,373,224,149,60.05%,1,3,7.1,23,0.06166219839,3,7,6,Stressed,TRUE,FALSE,FALSE
1688,1107,Navya Patel,36,24/12/2024,Male,YouTube,219,131,88,59.82%,1,2,7.9,38,0.1735159817,2,6,6,Stressed,TRUE,FALSE,FALSE
2435,1108,Navya Patel,41,17/03/2024,Male,YouTube,276,166,110,60.14%,1,2,7.6,32,0.115942029,3,7,6,Stressed,TRUE,FALSE,FALSE
2457,1108,Navya Patel,41,20/05/2025,Male,YouTube,278,167,111,60.07%,1,2,7.6,32,0.1151079137,3,7,6,Stressed,TRUE,TRUE,TRUE
259,1109,Navya Patel,52,16/07/2024,Male,Instagram,142,71,71,50.00%,0,1,8.3,46,0.323943662,1,5,7,Healthy,TRUE,FALSE,FALSE
1700,1110,Suhani Chauhan,28,10/04/2024,Male,Twitter,331,132,199,39.88%,1,1,7.3,27,0.08157099698,2,7,6,Stressed,FALSE,FALSE,FALSE
1473,1111,Suhani Chauhan,31,01/07/2024,Male,Facebook,358,125,233,34.92%,1,1,7.2,24,0.06703910615,2,7,6,Stressed,TRUE,FALSE,FALSE
2079,1112,Suhani Chauhan,34,30/07/2025,Male,Twitter,374,150,224,40.11%,1,1,7.1,23,0.0614973262,2,7,6,Stressed,TRUE,FALSE,FALSE
509,1112,Suhani Chauhan,35,24/05/2025,Male,WhatsApp,349,87,262,24.93%,0,1,7.3,25,0.07163323782,1,6,7,Stressed,TRUE,TRUE,TRUE
1736,1113,Suhani Chauhan,41,02/08/2024,Male,TikTok,205,133,72,64.88%,1,1,8,40,0.1951219512,2,6,6,Stressed,TRUE,FALSE,FALSE
260,1114,Suhani Chauhan,65,24/07/2025,Female,Facebook,204,71,133,34.80%,0,1,8,40,0.1960784314,1,5,7,Healthy,TRUE,FALSE,FALSE
4586,1115,Pooja Rathod,20,14/06/2025,Other,YouTube,475,285,190,60.00%,1,4,6.6,12,0.02526315789,3,8,5,Stressed,FALSE,FALSE,FALSE
3536,1115,Pooja Rathod,21,15/11/2024,Male,Instagram,440,220,220,50.00%,1,3,6.8,16,0.03636363636,3,8,5,Stressed,TRUE,TRUE,TRUE
4813,1116,Pooja Rathod,23,03/10/2024,Male,TikTok,470,306,164,65.11%,2,3,6.6,13,0.02765957447,4,9,4,Stressed,TRUE,FALSE,FALSE
3387,1117,Pooja Rathod,29,25/04/2025,Male,TikTok,324,211,113,65.12%,1,2,7.4,28,0.08641975309,3,7,6,Stressed,TRUE,FALSE,FALSE
507,1117,Pooja Rathod,29,23/09/2025,Female,WhatsApp,347,87,260,25.07%,0,1,7.3,25,0.07204610951,1,6,7,Stressed,TRUE,TRUE,TRUE
594,1118,Pooja Rathod,36,20/10/2024,Female,Twitter,224,90,134,40.18%,1,1,7.9,38,0.1696428571,2,6,6,Stressed,TRUE,FALSE,FALSE
261,1119,Pooja Rathod,40,13/11/2025,Male,Facebook,203,71,132,34.98%,0,1,8,40,0.197044335,1,5,7,Healthy,TRUE,FALSE,FALSE
1847,1119,Pooja Rathod,40,11/12/2024,Male,YouTube,229,137,92,59.83%,1,2,7.9,37,0.1615720524,2,6,6,Stressed,TRUE,TRUE,TRUE
355,1120,Pooja Rathod,42,14/03/2024,Male,Facebook,230,80,150,34.78%,0,1,7.8,37,0.1608695652,1,5,7,Healthy,TRUE,FALSE,FALSE
3793,1121,Aditi Deshmukh,15,01/11/2025,Male,Snapchat,426,234,192,54.93%,1,2,6.9,17,0.03990610329,3,8,5,Stressed,FALSE,FALSE,FALSE
3198,1122,Aditi Deshmukh,21,06/02/2025,Male,Twitter,501,200,301,39.92%,1,2,6.5,10,0.01996007984,3,8,5,Stressed,TRUE,FALSE,FALSE
3543,1123,Aditi Deshmukh,25,01/07/2025,Female,Instagram,440,220,220,50.00%,1,3,6.8,16,0.03636363636,3,8,5,Stressed,TRUE,FALSE,FALSE
2718,1123,Aditi Deshmukh,25,27/03/2025,Female,Facebook,512,179,333,34.96%,1,2,6.4,9,0.017578125,3,8,5,Stressed,TRUE,TRUE,TRUE
3866,1124,Aditi Deshmukh,29,25/09/2025,Male,YouTube,397,238,159,59.95%,1,3,7,20,0.05037783375,3,8,5,Stressed,TRUE,FALSE,FALSE
1228,1125,Aditi Deshmukh,34,08/02/2024,Female,Facebook,334,117,217,35.03%,0,1,7.3,27,0.08083832335,2,6,6,Stressed,TRUE,FALSE,FALSE
262,1126,Aditi Deshmukh,53,26/05/2024,Male,Twitter,180,72,108,40.00%,0,1,8.1,42,0.2333333333,1,5,7,Healthy,TRUE,FALSE,FALSE
3613,1127,Avni Mishra,18,19/07/2025,Female,Snapchat,407,224,183,55.04%,1,2,7,19,0.04668304668,3,8,5,Stressed,FALSE,FALSE,FALSE
3702,1127,Avni Mishra,18,27/04/2024,Male,Snapchat,414,228,186,55.07%,1,2,6.9,19,0.04589371981,3,8,5,Stressed,TRUE,TRUE,TRUE
1295,1128,Avni Mishra,21,11/01/2025,Male,WhatsApp,481,120,361,24.95%,0,1,6.6,12,0.02494802495,2,7,6,Stressed,TRUE,FALSE,FALSE
794,1129,Avni Mishra,26,03/09/2024,Female,WhatsApp,391,98,293,25.06%,0,1,7,21,0.0537084399,2,6,6,Stressed,TRUE,FALSE,FALSE
4064,1130,Avni Mishra,29,05/05/2024,Male,TikTok,383,249,134,65.01%,2,2,7.1,22,0.05744125326,4,8,5,Stressed,TRUE,FALSE,FALSE
3609,1131,Avni Mishra,35,17/08/2025,Female,TikTok,344,224,120,65.12%,1,2,7.3,26,0.07558139535,3,7,6,Stressed,TRUE,FALSE,FALSE
2328,1132,Avni Mishra,44,17/10/2025,Male,YouTube,268,161,107,60.07%,1,2,7.7,33,0.1231343284,2,6,6,Stressed,TRUE,FALSE,FALSE
263,1133,Avni Mishra,55,25/10/2025,Male,Instagram,143,72,71,50.35%,0,1,8.3,46,0.3216783217,1,5,7,Healthy,TRUE,FALSE,FALSE
4488,1134,Kavya Yadav,19,13/09/2025,Female,Snapchat,503,277,226,55.07%,1,2,6.5,10,0.01988071571,3,8,5,Stressed,FALSE,FALSE,FALSE
1294,1135,Kavya Yadav,21,20/07/2024,Female,WhatsApp,482,120,362,24.90%,0,1,6.6,12,0.02489626556,2,7,6,Stressed,TRUE,FALSE,FALSE
4652,1135,Kavya Yadav,22,15/11/2024,Female,YouTube,483,290,193,60.04%,1,4,6.6,12,0.0248447205,3,8,5,Stressed,TRUE,TRUE,TRUE
3367,1136,Kavya Yadav,28,20/04/2024,Female,Snapchat,382,210,172,54.97%,1,2,7.1,22,0.05759162304,3,7,6,Stressed,TRUE,FALSE,FALSE
443,1137,Kavya Yadav,30,05/07/2025,Female,WhatsApp,337,84,253,24.93%,0,1,7.3,26,0.07715133531,1,6,7,Stressed,TRUE,FALSE,FALSE
656,1138,Kavya Yadav,44,08/05/2024,Female,Twitter,232,93,139,40.09%,1,1,7.8,37,0.1594827586,2,6,6,Stressed,TRUE,FALSE,FALSE
264,1139,Kavya Yadav,63,10/06/2025,Female,Instagram,143,72,71,50.35%,0,1,8.3,46,0.3216783217,1,5,7,Healthy,TRUE,FALSE,FALSE
4115,1140,Aditi Chauhan,15,24/10/2025,Female,YouTube,420,252,168,60.00%,1,3,6.9,18,0.04285714286,3,8,5,Stressed,FALSE,FALSE,FALSE
3963,1141,Aditi Chauhan,18,26/09/2025,Male,YouTube,405,243,162,60.00%,1,3,7,20,0.04938271605,3,8,5,Stressed,TRUE,FALSE,FALSE
4730,1142,Aditi Chauhan,20,20/05/2025,Male,YouTube,495,297,198,60.00%,1,4,6.5,10,0.0202020202,3,8,5,Stressed,TRUE,FALSE,FALSE
3666,1143,Aditi Chauhan,23,05/03/2024,Female,Instagram,454,227,227,50.00%,1,3,6.7,15,0.03303964758,3,8,5,Stressed,TRUE,FALSE,FALSE
2648,1144,Aditi Chauhan,28,05/04/2025,Female,Snapchat,322,177,145,54.97%,1,2,7.4,28,0.08695652174,3,7,6,Stressed,TRUE,FALSE,FALSE
3896,1145,Aditi Chauhan,30,19/08/2025,Male,YouTube,398,239,159,60.05%,1,3,7,20,0.05025125628,3,8,5,Stressed,TRUE,FALSE,FALSE
265,1146,Aditi Chauhan,67,01/08/2024,Male,Facebook,205,72,133,35.12%,0,1,8,40,0.1951219512,1,5,7,Healthy,TRUE,FALSE,FALSE
4862,1147,Arjun Shetty,22,06/03/2025,Female,TikTok,478,311,167,65.06%,2,3,6.6,12,0.02510460251,4,9,4,Stressed,FALSE,FALSE,FALSE
415,1148,Arjun Shetty,43,30/01/2025,Male,Facebook,236,83,153,35.17%,0,1,7.8,36,0.1525423729,1,5,7,Healthy,TRUE,FALSE,FALSE
2084,1149,Arjun Shetty,45,20/04/2025,Male,TikTok,232,151,81,65.09%,1,1,7.8,37,0.1594827586,2,6,6,Stressed,TRUE,FALSE,FALSE
266,1150,Arjun Shetty,68,17/05/2025,Male,Facebook,207,72,135,34.78%,0,1,8,39,0.1884057971,1,5,7,Healthy,TRUE,FALSE,FALSE
4776,1151,Myra Mishra,21,24/11/2024,Male,TikTok,465,302,163,64.95%,2,3,6.7,14,0.03010752688,4,9,4,Stressed,FALSE,FALSE,FALSE
3160,1151,Myra Mishra,22,15/01/2025,Female,Twitter,498,199,299,39.96%,1,2,6.5,10,0.02008032129,3,8,5,Stressed,TRUE,TRUE,TRUE
3717,1152,Myra Mishra,29,19/10/2025,Female,TikTok,352,229,123,65.06%,2,2,7.2,25,0.07102272727,3,8,5,Stressed,TRUE,FALSE,FALSE
3974,1153,Myra Mishra,32,09/09/2024,Male,TikTok,376,244,132,64.89%,2,2,7.1,22,0.0585106383,4,8,5,Stressed,TRUE,FALSE,FALSE
1967,1154,Myra Mishra,34,31/10/2024,Female,Twitter,357,143,214,40.06%,1,1,7.2,24,0.06722689076,2,7,6,Stressed,TRUE,FALSE,FALSE
734,1155,Myra Mishra,40,02/10/2025,Other,Twitter,239,96,143,40.17%,1,1,7.8,36,0.1506276151,2,6,6,Stressed,TRUE,FALSE,FALSE
1779,1156,Myra Mishra,42,10/11/2024,Male,TikTok,206,134,72,65.05%,1,1,8,39,0.1893203883,2,6,6,Stressed,TRUE,FALSE,FALSE
267,1157,Myra Mishra,45,15/09/2025,Male,Facebook,207,72,135,34.78%,0,1,8,39,0.1884057971,1,5,7,Healthy,TRUE,FALSE,FALSE
3822,1158,Ananya Banerjee,21,02/09/2024,Male,Instagram,471,236,235,50.11%,1,3,6.6,13,0.02760084926,3,8,5,Stressed,FALSE,FALSE,FALSE
4744,1158,Ananya Banerjee,22,26/11/2024,Male,YouTube,496,298,198,60.08%,1,4,6.5,10,0.02016129032,3,8,5,Stressed,TRUE,TRUE,TRUE
3768,1159,Ananya Banerjee,30,30/09/2025,Male,YouTube,386,232,154,60.10%,1,3,7.1,21,0.05440414508,3,8,5,Stressed,TRUE,FALSE,FALSE
269,1160,Ananya Banerjee,39,23/10/2025,Female,Facebook,206,72,134,34.95%,0,1,8,39,0.1893203883,1,5,7,Healthy,TRUE,FALSE,FALSE
4780,1161,Jiya Deshmukh,22,06/09/2024,Male,YouTube,503,302,201,60.04%,1,4,6.5,10,0.01988071571,3,8,5,Stressed,FALSE,FALSE,FALSE
3181,1162,Jiya Deshmukh,24,22/05/2024,Female,Twitter,497,199,298,40.04%,1,2,6.5,10,0.02012072435,3,8,5,Stressed,TRUE,FALSE,FALSE
2266,1163,Jiya Deshmukh,41,06/12/2024,Male,YouTube,263,158,105,60.08%,1,2,7.7,34,0.1292775665,2,6,6,Stressed,TRUE,FALSE,FALSE
271,1164,Jiya Deshmukh,47,17/10/2024,Male,Twitter,181,72,109,39.78%,0,1,8.1,42,0.2320441989,1,5,7,Healthy,TRUE,FALSE,FALSE
4597,1165,Myra Joshi,25,11/05/2025,Female,TikTok,440,286,154,65.00%,2,3,6.8,16,0.03636363636,4,9,4,Stressed,FALSE,FALSE,FALSE
3499,1166,Myra Joshi,33,07/03/2024,Female,TikTok,335,218,117,65.07%,1,2,7.3,26,0.0776119403,3,7,6,Stressed,TRUE,FALSE,FALSE
272,1167,Myra Joshi,58,15/02/2024,Female,Facebook,207,72,135,34.78%,0,1,8,39,0.1884057971,1,5,7,Healthy,TRUE,FALSE,FALSE
2231,1168,Kavya Iyer,19,30/12/2024,Male,Facebook,449,157,292,34.97%,1,1,6.8,15,0.03340757238,2,7,6,Stressed,FALSE,FALSE,FALSE
4928,1168,Kavya Iyer,20,19/06/2025,Male,TikTok,497,323,174,64.99%,2,3,6.5,10,0.02012072435,4,9,4,Stressed,TRUE,TRUE,TRUE
806,1169,Kavya Iyer,30,04/04/2024,Male,WhatsApp,395,99,296,25.06%,0,1,7,20,0.05063291139,2,7,6,Stressed,TRUE,FALSE,FALSE
2047,1169,Kavya Iyer,31,19/02/2025,Male,Twitter,371,148,223,39.89%,1,1,7.1,23,0.06199460916,2,7,6,Stressed,TRUE,TRUE,TRUE
795,1169,Kavya Iyer,32,22/10/2024,Male,WhatsApp,397,99,298,24.94%,0,1,7,20,0.05037783375,2,7,6,Stressed,TRUE,TRUE,TRUE
1567,1170,Kavya Iyer,45,07/02/2025,Male,YouTube,213,128,85,60.09%,1,2,7.9,39,0.1830985915,2,6,6,Stressed,TRUE,FALSE,FALSE
725,1171,Kavya Iyer,63,03/10/2025,Male,YouTube,160,96,64,60.00%,0,1,8.2,44,0.275,2,6,6,Stressed,TRUE,FALSE,FALSE
273,1171,Kavya Iyer,63,08/08/2024,Female,Facebook,206,72,134,34.95%,0,1,8,39,0.1893203883,1,5,7,Healthy,TRUE,TRUE,TRUE
3283,1172,Avni Menon,23,12/05/2024,Female,Twitter,513,205,308,39.96%,1,2,6.4,9,0.01754385965,3,8,5,Stressed,FALSE,FALSE,FALSE
4821,1173,Avni Menon,25,03/06/2024,Male,TikTok,472,307,165,65.04%,2,3,6.6,13,0.02754237288,4,9,4,Stressed,TRUE,FALSE,FALSE
3807,1174,Avni Menon,31,10/05/2024,Male,YouTube,391,235,156,60.10%,1,3,7,21,0.0537084399,3,8,5,Stressed,TRUE,FALSE,FALSE
623,1175,Avni Menon,36,22/11/2024,Female,Facebook,262,92,170,35.11%,0,1,7.7,34,0.1297709924,2,6,6,Stressed,TRUE,FALSE,FALSE
274,1175,Avni Menon,37,28/11/2024,Male,Facebook,205,72,133,35.12%,0,1,8,40,0.1951219512,1,5,7,Healthy,TRUE,TRUE,TRUE
1436,1176,Avni Menon,43,22/03/2024,Female,YouTube,207,124,83,59.90%,1,2,8,39,0.1884057971,2,6,6,Stressed,TRUE,FALSE,FALSE
1197,1176,Avni Menon,43,03/03/2025,Female,Instagram,231,116,115,50.22%,0,2,7.8,37,0.1601731602,2,6,6,Stressed,TRUE,TRUE,TRUE
4812,1177,Suhani Pawar,19,10/08/2025,Female,TikTok,469,305,164,65.03%,2,3,6.7,13,0.02771855011,4,9,4,Stressed,FALSE,FALSE,FALSE
1313,1178,Suhani Pawar,21,04/06/2025,Female,WhatsApp,482,120,362,24.90%,0,1,6.6,12,0.02489626556,2,7,6,Stressed,TRUE,FALSE,FALSE
2485,1179,Suhani Pawar,24,02/07/2024,Female,Facebook,484,169,315,34.92%,1,2,6.6,12,0.02479338843,3,8,5,Stressed,TRUE,FALSE,FALSE
4860,1179,Suhani Pawar,24,03/01/2025,Male,YouTube,518,311,207,60.04%,1,4,6.4,8,0.01544401544,3,8,5,Stressed,TRUE,TRUE,TRUE
1426,1180,Suhani Pawar,29,12/02/2024,Male,Facebook,352,123,229,34.94%,1,1,7.2,25,0.07102272727,2,7,6,Stressed,TRUE,FALSE,FALSE
3069,1181,Suhani Pawar,32,04/07/2024,Male,Instagram,390,195,195,50.00%,1,3,7,21,0.05384615385,3,8,5,Stressed,TRUE,FALSE,FALSE
1346,1182,Suhani Pawar,37,24/08/2024,Male,Snapchat,220,121,99,55.00%,1,1,7.9,38,0.1727272727,2,6,6,Stressed,TRUE,FALSE,FALSE
275,1183,Suhani Pawar,59,09/01/2025,Female,Facebook,208,73,135,35.10%,0,1,8,39,0.1875,1,5,7,Healthy,TRUE,FALSE,FALSE
2593,1184,Isha Reddy,19,14/04/2025,Female,Facebook,497,174,323,35.01%,1,2,6.5,10,0.02012072435,3,8,5,Stressed,FALSE,FALSE,FALSE
4113,1185,Isha Reddy,23,26/11/2024,Male,Instagram,505,252,253,49.90%,1,3,6.5,10,0.0198019802,3,8,5,Stressed,TRUE,FALSE,FALSE
276,1186,Isha Reddy,46,02/02/2025,Male,Twitter,183,73,110,39.89%,0,1,8.1,42,0.2295081967,1,5,7,Healthy,TRUE,FALSE,FALSE
3556,1187,Diya Shetty,14,24/04/2025,Male,Snapchat,402,221,181,54.98%,1,2,7,20,0.04975124378,3,8,5,Stressed,FALSE,FALSE,FALSE
3358,1188,Diya Shetty,18,26/04/2024,Male,Instagram,418,209,209,50.00%,1,3,6.9,18,0.04306220096,3,8,5,Stressed,TRUE,FALSE,FALSE
2408,1189,Diya Shetty,22,19/01/2024,Male,Facebook,469,164,305,34.97%,1,1,6.7,13,0.02771855011,3,8,5,Stressed,TRUE,FALSE,FALSE
4952,1190,Diya Shetty,25,04/04/2024,Male,TikTok,505,328,177,64.95%,2,3,6.5,10,0.0198019802,4,9,4,Stressed,TRUE,FALSE,FALSE
699,1191,Diya Shetty,39,26/03/2025,Female,Twitter,238,95,143,39.92%,1,1,7.8,36,0.1512605042,2,6,6,Stressed,TRUE,FALSE,FALSE
392,1192,Diya Shetty,41,15/01/2025,Female,Twitter,206,82,124,39.81%,1,1,8,39,0.1893203883,2,6,6,Stressed,TRUE,FALSE,FALSE
277,1193,Diya Shetty,54,18/07/2025,Female,Facebook,209,73,136,34.93%,0,1,8,39,0.1866028708,1,5,7,Healthy,TRUE,FALSE,FALSE
2059,1194,Jiya Ghosh,15,18/04/2024,Other,Facebook,426,149,277,34.98%,1,1,6.9,17,0.03990610329,2,7,6,Stressed,FALSE,FALSE,FALSE
4070,1194,Jiya Ghosh,15,30/11/2024,Male,Snapchat,453,249,204,54.97%,1,2,6.7,15,0.03311258278,3,8,5,Stressed,TRUE,TRUE,TRUE
1080,1195,Jiya Ghosh,31,07/04/2025,Male,Facebook,324,113,211,34.88%,0,1,7.4,28,0.08641975309,2,6,6,Stressed,TRUE,FALSE,FALSE
360,1196,Jiya Ghosh,37,27/02/2025,Male,Twitter,200,80,120,40.00%,1,1,8,40,0.2,2,6,6,Stressed,TRUE,FALSE,FALSE
278,1197,Jiya Ghosh,60,10/04/2025,Female,Facebook,208,73,135,35.10%,0,1,8,39,0.1875,1,5,7,Healthy,TRUE,FALSE,FALSE
4533,1198,Isha Verma,21,03/09/2024,Female,YouTube,468,281,187,60.04%,1,4,6.7,13,0.02777777778,3,8,5,Stressed,FALSE,FALSE,FALSE
3756,1199,Isha Verma,31,11/08/2024,Male,TikTok,355,231,124,65.07%,2,2,7.2,24,0.0676056338,3,8,5,Stressed,TRUE,FALSE,FALSE
1845,1200,Isha Verma,45,22/09/2025,Female,Instagram,274,137,137,50.00%,1,2,7.6,33,0.1204379562,2,6,6,Stressed,TRUE,FALSE,FALSE
742,1201,Isha Verma,51,16/05/2025,Male,Instagram,192,96,96,50.00%,0,1,8,41,0.2135416667,2,6,6,Stressed,TRUE,FALSE,FALSE
279,1202,Isha Verma,56,04/05/2025,Female,Twitter,183,73,110,39.89%,0,1,8.1,42,0.2295081967,1,5,7,Healthy,TRUE,FALSE,FALSE
1161,1203,Isha Verma,69,10/09/2024,Male,YouTube,192,115,77,59.90%,0,2,8,41,0.2135416667,2,6,6,Stressed,TRUE,FALSE,FALSE
3178,1204,Aditi Rawat,22,14/04/2024,Other,Twitter,498,199,299,39.96%,1,2,6.5,10,0.02008032129,3,8,5,Stressed,FALSE,FALSE,FALSE
3121,1204,Aditi Rawat,23,29/05/2024,Male,Twitter,492,197,295,40.04%,1,2,6.5,11,0.02235772358,3,8,5,Stressed,TRUE,TRUE,TRUE
2909,1204,Aditi Rawat,24,15/05/2024,Female,Twitter,467,187,280,40.04%,1,2,6.7,13,0.0278372591,3,8,5,Stressed,TRUE,TRUE,TRUE
3403,1205,Aditi Rawat,32,30/05/2025,Female,YouTube,353,212,141,60.06%,1,3,7.2,25,0.07082152975,3,7,6,Stressed,TRUE,FALSE,FALSE
476,1206,Aditi Rawat,37,18/10/2024,Male,Facebook,246,86,160,34.96%,0,1,7.8,35,0.1422764228,1,5,7,At_Risk,TRUE,FALSE,FALSE
281,1207,Aditi Rawat,43,06/02/2025,Female,Facebook,208,73,135,35.10%,0,1,8,39,0.1875,1,5,7,Healthy,TRUE,FALSE,FALSE
2148,1208,Neha Shinde,15,23/05/2024,Male,Twitter,385,154,231,40.00%,1,1,7.1,22,0.05714285714,2,7,6,Stressed,FALSE,FALSE,FALSE
4815,1209,Neha Shinde,21,17/06/2025,Female,YouTube,510,306,204,60.00%,1,4,6.4,9,0.01764705882,3,8,5,Stressed,TRUE,FALSE,FALSE
2993,1210,Neha Shinde,23,02/10/2024,Female,Twitter,479,192,287,40.08%,1,2,6.6,12,0.02505219207,3,8,5,Stressed,TRUE,FALSE,FALSE
4390,1210,Neha Shinde,23,24/08/2024,Male,Snapchat,489,269,220,55.01%,1,2,6.6,11,0.02249488753,3,8,5,Stressed,TRUE,TRUE,TRUE
645,1211,Neha Shinde,33,19/11/2024,Male,WhatsApp,366,92,274,25.14%,0,1,7.2,23,0.06284153005,2,6,6,Stressed,TRUE,FALSE,FALSE
3291,1211,Neha Shinde,34,10/08/2024,Female,Snapchat,373,205,168,54.96%,1,2,7.1,23,0.06166219839,3,7,6,Stressed,TRUE,TRUE,TRUE
282,1212,Neha Shinde,41,22/03/2024,Male,Facebook,208,73,135,35.10%,0,1,8,39,0.1875,1,5,7,Healthy,TRUE,FALSE,FALSE
1873,1213,Neha Shinde,43,15/07/2024,Male,Instagram,277,138,139,49.82%,1,2,7.6,32,0.1155234657,2,7,6,Stressed,TRUE,FALSE,FALSE
1665,1214,Neha Shinde,45,09/11/2025,Male,TikTok,200,130,70,65.00%,1,1,8,40,0.2,2,6,6,Stressed,TRUE,FALSE,FALSE
4577,1215,Shaurya Deshmukh,19,06/06/2025,Female,YouTube,474,284,190,59.92%,1,4,6.6,13,0.02742616034,3,8,5,Stressed,FALSE,FALSE,FALSE
283,1216,Shaurya Deshmukh,51,17/05/2024,Female,Instagram,146,73,73,50.00%,0,1,8.3,45,0.3082191781,1,5,7,Healthy,TRUE,FALSE,FALSE
4128,1217,Saanvi Naidu,14,07/06/2024,Male,YouTube,420,252,168,60.00%,1,3,6.9,18,0.04285714286,3,8,5,Stressed,FALSE,FALSE,FALSE
2618,1218,Saanvi Naidu,20,30/06/2025,Female,Facebook,501,175,326,34.93%,1,2,6.5,10,0.01996007984,3,8,5,Stressed,TRUE,FALSE,FALSE
3091,1219,Saanvi Naidu,23,06/04/2025,Female,Twitter,491,196,295,39.92%,1,2,6.5,11,0.02240325866,3,8,5,Stressed,TRUE,FALSE,FALSE
1533,1220,Saanvi Naidu,31,10/05/2024,Female,Facebook,363,127,236,34.99%,1,1,7.2,24,0.06611570248,2,7,6,Stressed,TRUE,FALSE,FALSE
284,1221,Saanvi Naidu,43,25/07/2025,Female,Facebook,212,74,138,34.91%,0,1,7.9,39,0.1839622642,1,5,7,Healthy,TRUE,FALSE,FALSE
1455,1222,Saanvi Naidu,50,22/11/2024,Female,YouTube,207,124,83,59.90%,1,2,8,39,0.1884057971,2,6,6,Stressed,TRUE,FALSE,FALSE
607,1223,Saanvi Naidu,62,19/08/2024,Male,Instagram,181,90,91,49.72%,0,1,8.1,42,0.2320441989,2,6,6,Stressed,TRUE,FALSE,FALSE
4268,1224,Ananya Kale,22,18/02/2024,Female,Snapchat,471,259,212,54.99%,1,2,6.6,13,0.02760084926,3,8,5,Stressed,FALSE,FALSE,FALSE
3029,1225,Ananya Kale,25,01/02/2024,Male,Twitter,483,193,290,39.96%,1,2,6.6,12,0.0248447205,3,8,5,Stressed,TRUE,FALSE,FALSE
1823,1226,Ananya Kale,31,26/09/2024,Female,Twitter,341,136,205,39.88%,1,1,7.3,26,0.07624633431,2,7,6,Stressed,TRUE,FALSE,FALSE
285,1227,Ananya Kale,58,18/09/2025,Female,Facebook,211,74,137,35.07%,0,1,7.9,39,0.1848341232,1,5,7,Healthy,TRUE,FALSE,FALSE
3810,1228,Aadhya Patel,13,22/10/2024,Male,YouTube,391,235,156,60.10%,1,3,7,21,0.0537084399,3,8,5,Stressed,FALSE,FALSE,FALSE
3147,1228,Aadhya Patel,14,20/12/2024,Female,Instagram,396,198,198,50.00%,1,3,7,20,0.05050505051,3,8,5,Stressed,TRUE,TRUE,TRUE
2343,1229,Aadhya Patel,17,13/04/2025,Female,Twitter,403,161,242,39.95%,1,1,7,20,0.04962779156,2,7,6,Stressed,TRUE,FALSE,FALSE
3976,1230,Aadhya Patel,20,15/07/2025,Female,Instagram,488,244,244,50.00%,1,3,6.6,11,0.02254098361,3,8,5,Stressed,TRUE,FALSE,FALSE
2217,1231,Aadhya Patel,24,07/03/2025,Female,Facebook,446,156,290,34.98%,1,1,6.8,15,0.033632287,2,7,6,Stressed,TRUE,FALSE,FALSE
2051,1232,Aadhya Patel,28,26/09/2024,Male,Twitter,370,148,222,40.00%,1,1,7.2,23,0.06216216216,2,7,6,Stressed,TRUE,FALSE,FALSE
2728,1232,Aadhya Patel,29,10/12/2024,Female,Instagram,358,179,179,50.00%,1,2,7.2,24,0.06703910615,3,7,6,Stressed,TRUE,TRUE,TRUE
398,1232,Aadhya Patel,30,25/10/2025,Female,WhatsApp,328,82,246,25.00%,0,1,7.4,27,0.08231707317,1,6,7,Stressed,TRUE,TRUE,TRUE
3806,1233,Aadhya Patel,32,19/09/2024,Female,TikTok,360,234,126,65.00%,2,2,7.2,24,0.06666666667,4,8,5,Stressed,TRUE,FALSE,FALSE
3647,1233,Aadhya Patel,32,11/01/2025,Female,YouTube,376,226,150,60.11%,1,3,7.1,22,0.0585106383,3,7,6,Stressed,TRUE,TRUE,TRUE
287,1234,Aadhya Patel,58,12/10/2025,Female,Twitter,186,74,112,39.78%,0,1,8.1,41,0.2204301075,1,5,7,Healthy,TRUE,FALSE,FALSE
2466,1235,Aditya Rawat,17,10/01/2024,Female,Twitter,420,168,252,40.00%,1,1,6.9,18,0.04285714286,3,8,5,Stressed,FALSE,FALSE,FALSE
2996,1236,Aditya Rawat,26,25/02/2025,Female,Instagram,385,192,193,49.87%,1,3,7.1,22,0.05714285714,3,7,6,Stressed,TRUE,FALSE,FALSE
3347,1237,Aditya Rawat,29,09/05/2024,Male,TikTok,320,208,112,65.00%,1,2,7.4,28,0.0875,3,7,6,Stressed,TRUE,FALSE,FALSE
492,1237,Aditya Rawat,29,28/12/2024,Female,WhatsApp,342,86,256,25.15%,0,1,7.3,26,0.07602339181,1,6,7,Stressed,TRUE,TRUE,TRUE
3834,1238,Aditya Rawat,31,23/11/2024,Male,YouTube,393,236,157,60.05%,1,3,7,21,0.0534351145,3,8,5,Stressed,TRUE,FALSE,FALSE
3014,1239,Aditya Rawat,34,06/05/2025,Male,YouTube,321,193,128,60.12%,1,3,7.4,28,0.08722741433,3,7,6,Stressed,TRUE,FALSE,FALSE
1743,1240,Aditya Rawat,44,21/09/2024,Male,Snapchat,241,133,108,55.19%,1,1,7.8,36,0.1493775934,2,6,6,Stressed,TRUE,FALSE,FALSE
336,1241,Aditya Rawat,57,20/07/2025,Male,Snapchat,144,79,65,54.86%,0,1,8.3,46,0.3194444444,1,5,7,Healthy,TRUE,FALSE,FALSE
288,1242,Aditya Rawat,68,25/04/2025,Female,Facebook,210,74,136,35.24%,0,1,8,39,0.1857142857,1,5,7,Healthy,TRUE,FALSE,FALSE
4162,1243,Neha Ghosh,19,25/10/2025,Male,Snapchat,462,254,208,54.98%,1,2,6.7,14,0.0303030303,3,8,5,Stressed,FALSE,FALSE,FALSE
4901,1244,Neha Ghosh,21,17/07/2025,Female,TikTok,489,318,171,65.03%,2,3,6.6,11,0.02249488753,4,9,4,Stressed,TRUE,FALSE,FALSE
1184,1245,Neha Ghosh,23,08/03/2025,Female,WhatsApp,465,116,349,24.95%,0,1,6.7,14,0.03010752688,2,7,6,Stressed,TRUE,FALSE,FALSE
2903,1246,Neha Ghosh,26,16/08/2025,Male,Snapchat,339,186,153,54.87%,1,2,7.3,26,0.07669616519,3,7,6,Stressed,TRUE,FALSE,FALSE
808,1247,Neha Ghosh,37,11/09/2024,Male,Twitter,248,99,149,39.92%,1,1,7.8,35,0.1411290323,2,6,6,Stressed,TRUE,FALSE,FALSE
289,1248,Neha Ghosh,40,17/07/2025,Male,Facebook,211,74,137,35.07%,0,1,7.9,39,0.1848341232,1,5,7,Healthy,TRUE,FALSE,FALSE
4893,1249,Neha Menon,22,07/08/2025,Male,TikTok,486,316,170,65.02%,2,3,6.6,11,0.02263374486,4,9,4,Stressed,FALSE,FALSE,FALSE
697,1250,Neha Menon,38,11/08/2025,Male,Facebook,272,95,177,34.93%,0,1,7.6,33,0.1213235294,2,6,6,Stressed,TRUE,FALSE,FALSE
290,1251,Neha Menon,44,21/02/2025,Female,Facebook,210,74,136,35.24%,0,1,8,39,0.1857142857,1,5,7,Healthy,TRUE,FALSE,FALSE
2837,1252,Sonal Menon,14,19/05/2024,Male,Twitter,454,182,272,40.09%,1,2,6.7,15,0.03303964758,3,8,5,Stressed,FALSE,FALSE,FALSE
4486,1253,Sonal Menon,25,12/12/2024,Female,Snapchat,503,277,226,55.07%,1,2,6.5,10,0.01988071571,3,8,5,Stressed,TRUE,FALSE,FALSE
291,1254,Sonal Menon,36,23/05/2024,Female,Facebook,210,74,136,35.24%,0,1,8,39,0.1857142857,1,5,7,Healthy,TRUE,FALSE,FALSE
1699,1255,Sonal Menon,40,02/05/2025,Male,YouTube,218,131,87,60.09%,1,2,7.9,38,0.1743119266,2,6,6,Stressed,TRUE,FALSE,FALSE
1870,1256,Sonal Menon,42,29/11/2024,Female,Instagram,277,138,139,49.82%,1,2,7.6,32,0.1155234657,2,7,6,Stressed,TRUE,FALSE,FALSE
4349,1257,Vihaan Iyer,18,22/04/2025,Female,YouTube,443,266,177,60.05%,1,4,6.8,16,0.03611738149,3,8,5,Stressed,FALSE,FALSE,FALSE
4260,1258,Vihaan Iyer,22,09/08/2024,Female,Snapchat,470,258,212,54.89%,1,2,6.6,13,0.02765957447,3,8,5,Stressed,TRUE,FALSE,FALSE
3748,1259,Vihaan Iyer,26,20/05/2024,Male,TikTok,356,231,125,64.89%,2,2,7.2,24,0.06741573034,3,8,5,Stressed,TRUE,FALSE,FALSE
2125,1260,Vihaan Iyer,30,25/05/2025,Male,Twitter,383,153,230,39.95%,1,1,7.1,22,0.05744125326,2,7,6,Stressed,TRUE,FALSE,FALSE
647,1261,Vihaan Iyer,62,18/05/2025,Female,TikTok,141,92,49,65.25%,1,1,8.3,46,0.3262411348,2,6,6,Stressed,TRUE,FALSE,FALSE
294,1261,Vihaan Iyer,63,03/10/2024,Female,Facebook,213,75,138,35.21%,0,1,7.9,39,0.1830985915,1,5,7,Healthy,TRUE,TRUE,TRUE
1194,1262,Vihaan Iyer,66,16/08/2025,Male,Snapchat,211,116,95,54.98%,0,1,7.9,39,0.1848341232,2,6,6,Stressed,TRUE,FALSE,FALSE
3616,1263,Isha Deshmukh,18,25/07/2024,Male,Snapchat,408,224,184,54.90%,1,2,7,19,0.04656862745,3,8,5,Stressed,FALSE,FALSE,FALSE
2392,1264,Isha Deshmukh,21,29/07/2024,Female,Facebook,470,164,306,34.89%,1,1,6.6,13,0.02765957447,3,8,5,Stressed,TRUE,FALSE,FALSE
3104,1264,Isha Deshmukh,22,20/03/2024,Other,Twitter,489,196,293,40.08%,1,2,6.6,11,0.02249488753,3,8,5,Stressed,TRUE,TRUE,TRUE
2650,1264,Isha Deshmukh,23,24/06/2024,Female,Facebook,506,177,329,34.98%,1,2,6.5,9,0.01778656126,3,8,5,Stressed,TRUE,TRUE,TRUE
626,1265,Isha Deshmukh,27,06/09/2025,Male,WhatsApp,368,92,276,25.00%,0,1,7.2,23,0.0625,2,6,6,Stressed,TRUE,FALSE,FALSE
3722,1266,Isha Deshmukh,34,05/05/2024,Male,TikTok,354,230,124,64.97%,2,2,7.2,25,0.07062146893,3,8,5,Stressed,TRUE,FALSE,FALSE
295,1267,Isha Deshmukh,38,07/02/2025,Female,Facebook,214,75,139,35.05%,0,1,7.9,39,0.1822429907,1,5,7,Healthy,TRUE,FALSE,FALSE
4932,1268,Sai Yadav,21,18/08/2025,Male,TikTok,499,324,175,64.93%,2,3,6.5,10,0.02004008016,4,9,4,Stressed,FALSE,FALSE,FALSE
4353,1269,Sai Yadav,23,14/04/2024,Male,Snapchat,484,266,218,54.96%,1,2,6.6,12,0.02479338843,3,8,5,Stressed,TRUE,FALSE,FALSE
296,1270,Sai Yadav,62,04/08/2025,Male,Instagram,150,75,75,50.00%,0,1,8.2,45,0.3,1,5,7,Healthy,TRUE,FALSE,FALSE
4579,1271,Payal Sharma,13,26/12/2024,Male,TikTok,438,285,153,65.07%,2,3,6.8,16,0.03652968037,4,9,4,Stressed,FALSE,FALSE,FALSE
3953,1272,Payal Sharma,24,31/03/2025,Male,Instagram,486,243,243,50.00%,1,3,6.6,11,0.02263374486,3,8,5,Stressed,TRUE,FALSE,FALSE
4227,1272,Payal Sharma,25,26/10/2024,Male,Snapchat,468,257,211,54.91%,1,2,6.7,13,0.02777777778,3,8,5,Stressed,TRUE,TRUE,TRUE
1216,1273,Payal Sharma,39,29/09/2024,Female,Snapchat,213,117,96,54.93%,0,1,7.9,39,0.1830985915,2,6,6,Stressed,TRUE,FALSE,FALSE
297,1274,Payal Sharma,64,09/01/2024,Female,Facebook,214,75,139,35.05%,0,1,7.9,39,0.1822429907,1,5,7,Healthy,TRUE,FALSE,FALSE
3711,1275,Reyansh Rathod,15,21/03/2025,Male,YouTube,381,229,152,60.10%,1,3,7.1,22,0.05774278215,3,7,6,Stressed,FALSE,FALSE,FALSE
2632,1276,Reyansh Rathod,17,24/03/2025,Male,Twitter,441,176,265,39.91%,1,2,6.8,16,0.03628117914,3,8,5,Stressed,TRUE,FALSE,FALSE
4253,1277,Reyansh Rathod,19,23/05/2025,Male,Instagram,516,258,258,50.00%,1,3,6.4,8,0.01550387597,3,8,5,Stressed,TRUE,FALSE,FALSE
4569,1278,Reyansh Rathod,25,09/05/2024,Female,Snapchat,516,284,232,55.04%,1,3,6.4,8,0.01550387597,3,8,5,Stressed,TRUE,FALSE,FALSE
298,1279,Reyansh Rathod,62,05/03/2025,Male,Twitter,187,75,112,40.11%,0,1,8.1,41,0.2192513369,1,5,7,Healthy,TRUE,FALSE,FALSE
300,1280,Krishna Gupta,36,23/12/2024,Other,Facebook,214,75,139,35.05%,0,1,7.9,39,0.1822429907,1,5,7,Healthy,FALSE,FALSE,FALSE
4296,1281,Neha Shetty,22,27/01/2024,Male,Snapchat,474,261,213,55.06%,1,2,6.6,13,0.02742616034,3,8,5,Stressed,FALSE,FALSE,FALSE
488,1282,Neha Shetty,28,22/10/2025,Male,WhatsApp,345,86,259,24.93%,0,1,7.3,26,0.07536231884,1,6,7,Stressed,TRUE,FALSE,FALSE
2102,1282,Neha Shetty,29,31/07/2024,Male,Twitter,380,152,228,40.00%,1,1,7.1,22,0.05789473684,2,7,6,Stressed,TRUE,TRUE,TRUE
301,1283,Neha Shetty,58,19/02/2024,Male,Instagram,152,76,76,50.00%,0,1,8.2,45,0.2960526316,1,5,7,Healthy,TRUE,FALSE,FALSE
1476,1284,Anika Khan,30,15/02/2024,Male,Facebook,358,125,233,34.92%,1,1,7.2,24,0.06703910615,2,7,6,Stressed,FALSE,FALSE,FALSE
2967,1285,Anika Khan,32,16/01/2024,Male,Instagram,380,190,190,50.00%,1,3,7.1,22,0.05789473684,3,7,6,Stressed,TRUE,FALSE,FALSE
613,1286,Anika Khan,36,31/07/2025,Female,Facebook,259,91,168,35.14%,0,1,7.7,34,0.1312741313,2,6,6,Stressed,TRUE,FALSE,FALSE
1604,1287,Anika Khan,39,23/09/2024,Male,Instagram,257,128,129,49.81%,1,2,7.7,34,0.1322957198,2,6,6,Stressed,TRUE,FALSE,FALSE
302,1288,Anika Khan,42,02/09/2024,Male,Facebook,217,76,141,35.02%,0,1,7.9,38,0.1751152074,1,5,7,Healthy,TRUE,FALSE,FALSE
423,1289,Anika Khan,45,30/12/2024,Male,Facebook,238,83,155,34.87%,0,1,7.8,36,0.1512605042,1,5,7,Healthy,TRUE,FALSE,FALSE
849,1290,Meera Ansari,15,09/07/2025,Male,WhatsApp,409,102,307,24.94%,0,1,7,19,0.04645476773,2,7,6,Stressed,FALSE,FALSE,FALSE
2547,1291,Meera Ansari,18,19/08/2024,Male,Twitter,431,172,259,39.91%,1,2,6.8,17,0.03944315545,3,8,5,Stressed,TRUE,FALSE,FALSE
4811,1292,Meera Ansari,20,08/02/2024,Male,TikTok,469,305,164,65.03%,2,3,6.7,13,0.02771855011,4,9,4,Stressed,TRUE,FALSE,FALSE
1357,1293,Meera Ansari,28,05/05/2025,Male,Facebook,345,121,224,35.07%,1,1,7.3,26,0.07536231884,2,7,6,Stressed,TRUE,FALSE,FALSE
3516,1294,Meera Ansari,30,13/06/2024,Female,TikTok,336,218,118,64.88%,1,2,7.3,26,0.07738095238,3,7,6,Stressed,TRUE,FALSE,FALSE
909,1295,Meera Ansari,38,17/04/2024,Female,Twitter,264,106,158,40.15%,1,1,7.7,34,0.1287878788,2,6,6,Stressed,TRUE,FALSE,FALSE
303,1296,Meera Ansari,66,20/06/2025,Female,Facebook,217,76,141,35.02%,0,1,7.9,38,0.1751152074,1,5,7,Healthy,TRUE,FALSE,FALSE
2344,1297,Ananya Yadav,23,27/03/2025,Female,Facebook,460,161,299,35.00%,1,1,6.7,14,0.03043478261,2,7,6,Stressed,FALSE,FALSE,FALSE
304,1298,Ananya Yadav,60,03/02/2025,Female,Facebook,217,76,141,35.02%,0,1,7.9,38,0.1751152074,1,5,7,Healthy,TRUE,FALSE,FALSE
2385,1299,Anika Patel,23,21/10/2024,Male,Facebook,469,164,305,34.97%,1,1,6.7,13,0.02771855011,3,8,5,Stressed,FALSE,FALSE,FALSE
4031,1299,Anika Patel,24,30/04/2025,Male,Snapchat,451,248,203,54.99%,1,2,6.7,15,0.0332594235,3,8,5,Stressed,TRUE,TRUE,TRUE
3663,1300,Anika Patel,28,08/09/2024,Female,TikTok,347,226,121,65.13%,2,2,7.3,25,0.07204610951,3,8,5,Stressed,TRUE,FALSE,FALSE
559,1301,Anika Patel,32,18/10/2025,Female,WhatsApp,356,89,267,25.00%,0,1,7.2,24,0.06741573034,1,6,7,Stressed,TRUE,FALSE,FALSE
1452,1302,Anika Patel,34,22/04/2024,Male,Facebook,355,124,231,34.93%,1,1,7.2,24,0.0676056338,2,7,6,Stressed,TRUE,FALSE,FALSE
305,1303,Anika Patel,54,28/03/2025,Female,Instagram,151,76,75,50.33%,0,1,8.2,45,0.298013245,1,5,7,Healthy,TRUE,FALSE,FALSE
2737,1304,Arjun Gupta,22,10/01/2025,Male,Facebook,514,180,334,35.02%,1,2,6.4,9,0.01750972763,3,8,5,Stressed,FALSE,FALSE,FALSE
1273,1305,Arjun Gupta,25,19/07/2025,Male,WhatsApp,476,119,357,25.00%,0,1,6.6,12,0.02521008403,2,7,6,Stressed,TRUE,FALSE,FALSE
4008,1305,Arjun Gupta,25,30/09/2024,Male,Instagram,492,246,246,50.00%,1,3,6.5,11,0.02235772358,3,8,5,Stressed,TRUE,TRUE,TRUE
2569,1305,Arjun Gupta,25,21/03/2025,Male,Facebook,494,173,321,35.02%,1,2,6.5,11,0.02226720648,3,8,5,Stressed,TRUE,TRUE,TRUE
1659,1306,Arjun Gupta,27,04/07/2024,Female,Facebook,370,130,240,35.14%,1,1,7.2,23,0.06216216216,2,7,6,Stressed,TRUE,FALSE,FALSE
938,1307,Arjun Gupta,36,27/08/2025,Male,Twitter,269,108,161,40.15%,1,1,7.7,33,0.1226765799,2,6,6,Stressed,TRUE,FALSE,FALSE
306,1308,Arjun Gupta,49,27/06/2025,Male,Instagram,151,76,75,50.33%,0,1,8.2,45,0.298013245,1,5,7,Healthy,TRUE,FALSE,FALSE
817,1309,Arjun Gupta,57,30/06/2024,Male,Snapchat,182,100,82,54.95%,0,1,8.1,42,0.2307692308,2,6,6,Stressed,TRUE,FALSE,FALSE
4411,1310,Aadhya Saxena,17,25/03/2025,Female,YouTube,451,271,180,60.09%,1,4,6.7,15,0.0332594235,3,8,5,Stressed,FALSE,FALSE,FALSE
4967,1311,Aadhya Saxena,19,22/08/2024,Male,TikTok,511,332,179,64.97%,2,3,6.4,9,0.01761252446,4,9,4,Stressed,TRUE,FALSE,FALSE
4223,1312,Aadhya Saxena,24,22/03/2024,Female,Instagram,514,257,257,50.00%,1,3,6.4,9,0.01750972763,3,8,5,Stressed,TRUE,FALSE,FALSE
1369,1313,Aadhya Saxena,37,04/01/2025,Female,YouTube,203,122,81,60.10%,1,2,8,40,0.197044335,2,6,6,Stressed,TRUE,FALSE,FALSE
307,1313,Aadhya Saxena,37,23/02/2024,Female,Facebook,216,76,140,35.19%,0,1,7.9,38,0.1759259259,1,5,7,Healthy,TRUE,TRUE,TRUE
1675,1314,Aadhya Saxena,43,18/08/2024,Female,TikTok,201,131,70,65.17%,1,1,8,40,0.1990049751,2,6,6,Stressed,TRUE,FALSE,FALSE
4529,1315,Saanvi Kulkarni,15,10/08/2025,Male,TikTok,432,281,151,65.05%,2,2,6.8,17,0.03935185185,4,9,4,Stressed,FALSE,FALSE,FALSE
2637,1316,Saanvi Kulkarni,22,05/09/2024,Male,Twitter,441,176,265,39.91%,1,2,6.8,16,0.03628117914,3,8,5,Stressed,TRUE,FALSE,FALSE
600,1317,Saanvi Kulkarni,26,25/08/2024,Male,WhatsApp,361,90,271,24.93%,0,1,7.2,24,0.06648199446,2,6,6,Stressed,TRUE,FALSE,FALSE
2803,1318,Saanvi Kulkarni,32,05/09/2024,Male,Snapchat,330,182,148,55.15%,1,2,7.4,27,0.08181818182,3,7,6,Stressed,TRUE,FALSE,FALSE
1789,1319,Saanvi Kulkarni,34,24/06/2025,Male,Facebook,386,135,251,34.97%,1,1,7.1,21,0.05440414508,2,7,6,Stressed,TRUE,FALSE,FALSE
308,1320,Saanvi Kulkarni,62,18/11/2024,Male,Instagram,152,76,76,50.00%,0,1,8.2,45,0.2960526316,1,5,7,Healthy,TRUE,FALSE,FALSE
4891,1321,Isha Sharma,19,21/04/2024,Male,TikTok,484,315,169,65.08%,2,3,6.6,12,0.02479338843,4,9,4,Stressed,FALSE,FALSE,FALSE
2523,1322,Isha Sharma,24,26/09/2024,Male,Facebook,489,171,318,34.97%,1,2,6.6,11,0.02249488753,3,8,5,Stressed,TRUE,FALSE,FALSE
2776,1323,Isha Sharma,28,14/07/2025,Male,Instagram,362,181,181,50.00%,1,2,7.2,24,0.06629834254,3,7,6,Stressed,TRUE,FALSE,FALSE
3641,1324,Isha Sharma,30,21/10/2025,Male,YouTube,377,226,151,59.95%,1,3,7.1,22,0.05835543767,3,7,6,Stressed,TRUE,FALSE,FALSE
2886,1324,Isha Sharma,31,07/12/2024,Female,Snapchat,336,185,151,55.06%,1,2,7.3,26,0.07738095238,3,7,6,Stressed,TRUE,TRUE,TRUE
309,1325,Isha Sharma,40,08/01/2024,Male,Facebook,216,76,140,35.19%,0,1,7.9,38,0.1759259259,1,5,7,Healthy,TRUE,FALSE,FALSE
739,1325,Isha Sharma,41,18/05/2025,Male,Twitter,239,96,143,40.17%,1,1,7.8,36,0.1506276151,2,6,6,Stressed,TRUE,TRUE,TRUE
3661,1326,Isha Kulkarni,18,25/09/2024,Male,Snapchat,410,226,184,55.12%,1,2,7,19,0.04634146341,3,8,5,Stressed,FALSE,FALSE,FALSE
4383,1327,Isha Kulkarni,24,20/09/2024,Male,YouTube,447,268,179,59.96%,1,4,6.8,15,0.03355704698,3,8,5,Stressed,TRUE,FALSE,FALSE
3551,1328,Isha Kulkarni,33,04/07/2025,Male,YouTube,369,221,148,59.89%,1,3,7.2,23,0.06233062331,3,7,6,Stressed,TRUE,FALSE,FALSE
311,1329,Isha Kulkarni,36,20/03/2025,Other,Facebook,219,77,142,35.16%,0,1,7.9,38,0.1735159817,1,5,7,Healthy,TRUE,FALSE,FALSE
4187,1330,Suhani Verma,19,25/06/2025,Male,Snapchat,464,255,209,54.96%,1,2,6.7,14,0.03017241379,3,8,5,Stressed,FALSE,FALSE,FALSE
2808,1330,Suhani Verma,20,19/02/2024,Female,Facebook,519,182,337,35.07%,1,2,6.4,8,0.01541425819,3,8,5,Stressed,TRUE,TRUE,TRUE
2936,1331,Suhani Verma,26,02/05/2025,Female,Instagram,376,188,188,50.00%,1,3,7.1,22,0.0585106383,3,7,6,Stressed,TRUE,FALSE,FALSE
3802,1331,Suhani Verma,27,01/08/2025,Male,YouTube,390,234,156,60.00%,1,3,7,21,0.05384615385,3,8,5,Stressed,TRUE,TRUE,TRUE
439,1332,Suhani Verma,37,17/08/2025,Female,Twitter,210,84,126,40.00%,1,1,8,39,0.1857142857,2,6,6,Stressed,TRUE,FALSE,FALSE
846,1333,Suhani Verma,44,01/03/2024,Female,Instagram,202,101,101,50.00%,0,1,8,40,0.198019802,2,6,6,Stressed,TRUE,FALSE,FALSE
340,1334,Suhani Verma,50,29/08/2024,Female,Twitter,198,79,119,39.90%,1,1,8,40,0.202020202,2,6,6,Stressed,TRUE,FALSE,FALSE
312,1335,Suhani Verma,61,14/07/2025,Male,Facebook,220,77,143,35.00%,0,1,7.9,38,0.1727272727,1,5,7,Healthy,TRUE,FALSE,FALSE
4804,1336,Jiya Das,23,25/04/2025,Female,YouTube,509,305,204,59.92%,1,4,6.5,9,0.01768172888,3,8,5,Stressed,FALSE,FALSE,FALSE
797,1337,Jiya Das,27,15/04/2025,Male,WhatsApp,396,99,297,25.00%,0,1,7,20,0.05050505051,2,7,6,Stressed,TRUE,FALSE,FALSE
3176,1337,Jiya Das,28,21/01/2025,Male,Instagram,398,199,199,50.00%,1,3,7,20,0.05025125628,3,8,5,Stressed,TRUE,TRUE,TRUE
313,1338,Jiya Das,45,26/09/2025,Female,Facebook,220,77,143,35.00%,0,1,7.9,38,0.1727272727,1,5,7,Healthy,TRUE,FALSE,FALSE
2075,1339,Reyansh Das,13,26/09/2025,Male,Facebook,429,150,279,34.97%,1,1,6.9,17,0.03962703963,2,7,6,Stressed,FALSE,FALSE,FALSE
4247,1340,Reyansh Das,15,10/01/2025,Other,YouTube,430,258,172,60.00%,1,3,6.8,17,0.03953488372,3,8,5,Stressed,TRUE,FALSE,FALSE
3470,1340,Reyansh Das,16,23/08/2024,Female,Instagram,433,216,217,49.88%,1,3,6.8,17,0.03926096998,3,8,5,Stressed,TRUE,TRUE,TRUE
3961,1341,Reyansh Das,24,11/05/2024,Male,Snapchat,441,243,198,55.10%,1,2,6.8,16,0.03628117914,3,8,5,Stressed,TRUE,FALSE,FALSE
1379,1342,Reyansh Das,34,14/07/2025,Male,Facebook,348,122,226,35.06%,1,1,7.3,25,0.07183908046,2,7,6,Stressed,TRUE,FALSE,FALSE
314,1343,Reyansh Das,36,04/07/2024,Male,Facebook,221,77,144,34.84%,0,1,7.9,38,0.1719457014,1,5,7,Healthy,TRUE,FALSE,FALSE
1844,1344,Pooja Patel,16,15/10/2024,Female,Facebook,391,137,254,35.04%,1,1,7,21,0.0537084399,2,7,6,Stressed,FALSE,FALSE,FALSE
809,1345,Pooja Patel,18,18/02/2025,Female,WhatsApp,397,99,298,24.94%,0,1,7,20,0.05037783375,2,7,6,Stressed,TRUE,FALSE,FALSE
2379,1345,Pooja Patel,19,18/02/2025,Male,Facebook,467,163,304,34.90%,1,1,6.7,13,0.0278372591,3,8,5,Stressed,TRUE,TRUE,TRUE
3571,1346,Pooja Patel,24,24/09/2024,Female,Instagram,445,222,223,49.89%,1,3,6.8,16,0.03595505618,3,8,5,Stressed,TRUE,FALSE,FALSE
4518,1346,Pooja Patel,24,20/05/2025,Female,YouTube,466,280,186,60.09%,1,4,6.7,13,0.02789699571,3,8,5,Stressed,TRUE,TRUE,TRUE
2906,1347,Pooja Patel,32,21/12/2024,Female,Instagram,371,186,185,50.13%,1,2,7.1,23,0.06199460916,3,7,6,Stressed,TRUE,FALSE,FALSE
315,1348,Pooja Patel,37,09/02/2024,Male,Facebook,220,77,143,35.00%,0,1,7.9,38,0.1727272727,1,5,7,Healthy,TRUE,FALSE,FALSE
1835,1349,Pooja Patel,50,05/08/2025,Female,TikTok,209,136,73,65.07%,1,1,8,39,0.1866028708,2,6,6,Stressed,TRUE,FALSE,FALSE
417,1350,Pooja Patel,53,07/12/2024,Male,Instagram,166,83,83,50.00%,0,1,8.2,43,0.2590361446,1,5,7,Healthy,TRUE,FALSE,FALSE
2225,1351,Jiya Shetty,14,16/01/2024,Other,Facebook,449,157,292,34.97%,1,1,6.8,15,0.03340757238,2,7,6,Stressed,FALSE,FALSE,FALSE
4675,1352,Jiya Shetty,19,12/12/2024,Female,TikTok,450,292,158,64.89%,2,3,6.8,15,0.03333333333,4,9,4,Stressed,TRUE,FALSE,FALSE
3876,1352,Jiya Shetty,19,04/03/2024,Male,Instagram,477,238,239,49.90%,1,3,6.6,12,0.0251572327,3,8,5,Stressed,TRUE,TRUE,TRUE
1272,1353,Jiya Shetty,21,11/06/2025,Female,WhatsApp,477,119,358,24.95%,0,1,6.6,12,0.0251572327,2,7,6,Stressed,TRUE,FALSE,FALSE
4706,1354,Jiya Shetty,23,03/09/2025,Female,YouTube,491,295,196,60.08%,1,4,6.5,11,0.02240325866,3,8,5,Stressed,TRUE,FALSE,FALSE
500,1355,Jiya Shetty,26,05/10/2024,Male,WhatsApp,343,86,257,25.07%,0,1,7.3,26,0.07580174927,1,6,7,Stressed,TRUE,FALSE,FALSE
2280,1356,Jiya Shetty,34,07/05/2025,Male,Twitter,398,159,239,39.95%,1,1,7,20,0.05025125628,2,7,6,Stressed,TRUE,FALSE,FALSE
2736,1356,Jiya Shetty,35,04/11/2024,Female,Instagram,359,180,179,50.14%,1,2,7.2,24,0.06685236769,3,7,6,Stressed,TRUE,TRUE,TRUE
1895,1357,Jiya Shetty,37,20/08/2024,Male,YouTube,232,139,93,59.91%,1,2,7.8,37,0.1594827586,2,6,6,Stressed,TRUE,FALSE,FALSE
2730,1358,Jiya Shetty,43,22/12/2024,Male,TikTok,275,179,96,65.09%,1,2,7.6,32,0.1163636364,3,7,6,Stressed,TRUE,FALSE,FALSE
316,1358,Jiya Shetty,44,18/03/2025,Male,Facebook,219,77,142,35.16%,0,1,7.9,38,0.1735159817,1,5,7,Healthy,TRUE,TRUE,TRUE
954,1359,Navya Shetty,15,05/11/2024,Male,WhatsApp,430,108,322,25.12%,0,1,6.8,17,0.03953488372,2,7,6,Stressed,FALSE,FALSE,FALSE
2647,1360,Navya Shetty,20,06/02/2025,Male,Twitter,443,177,266,39.95%,1,2,6.8,16,0.03611738149,3,8,5,Stressed,TRUE,FALSE,FALSE
4337,1360,Navya Shetty,20,05/01/2024,Male,YouTube,443,266,177,60.05%,1,4,6.8,16,0.03611738149,3,8,5,Stressed,TRUE,TRUE,TRUE
1444,1361,Navya Shetty,22,23/07/2024,Male,WhatsApp,494,124,370,25.10%,1,1,6.5,11,0.02226720648,2,7,6,Stressed,TRUE,FALSE,FALSE
4074,1362,Navya Shetty,24,06/08/2025,Female,Snapchat,452,249,203,55.09%,1,2,6.7,15,0.03318584071,3,8,5,Stressed,TRUE,FALSE,FALSE
985,1362,Navya Shetty,25,22/01/2025,Female,WhatsApp,442,110,332,24.89%,0,1,6.8,16,0.03619909502,2,7,6,Stressed,TRUE,TRUE,TRUE
3222,1362,Navya Shetty,25,10/03/2024,Female,Twitter,505,202,303,40.00%,1,2,6.5,10,0.0198019802,3,8,5,Stressed,TRUE,TRUE,TRUE
3431,1363,Navya Shetty,27,06/03/2025,Male,TikTok,329,214,115,65.05%,1,2,7.4,27,0.0820668693,3,7,6,Stressed,TRUE,FALSE,FALSE
1248,1364,Navya Shetty,31,02/12/2024,Male,Facebook,337,118,219,35.01%,0,1,7.3,26,0.07715133531,2,6,6,Stressed,TRUE,FALSE,FALSE
318,1365,Navya Shetty,37,06/03/2025,Male,Facebook,223,78,145,34.98%,0,1,7.9,38,0.1704035874,1,5,7,Healthy,TRUE,FALSE,FALSE
1593,1366,Aditi Verma,23,27/04/2025,Male,WhatsApp,512,128,384,25.00%,1,1,6.4,9,0.017578125,2,7,6,Stressed,FALSE,FALSE,FALSE
4534,1366,Aditi Verma,24,19/04/2024,Female,YouTube,468,281,187,60.04%,1,4,6.7,13,0.02777777778,3,8,5,Stressed,TRUE,TRUE,TRUE
3636,1366,Aditi Verma,25,14/07/2025,Male,Instagram,453,226,227,49.89%,1,3,6.7,15,0.03311258278,3,8,5,Stressed,TRUE,TRUE,TRUE
1579,1367,Aditi Verma,29,28/02/2024,Male,Twitter,320,128,192,40.00%,1,1,7.4,28,0.0875,2,7,6,Stressed,TRUE,FALSE,FALSE
1888,1368,Aditi Verma,33,14/08/2024,Male,Twitter,347,139,208,40.06%,1,1,7.3,25,0.07204610951,2,7,6,Stressed,TRUE,FALSE,FALSE
3442,1369,Aditi Verma,35,20/04/2025,Female,TikTok,329,214,115,65.05%,1,2,7.4,27,0.0820668693,3,7,6,Stressed,TRUE,FALSE,FALSE
571,1370,Aditi Verma,38,26/02/2025,Female,Twitter,223,89,134,39.91%,1,1,7.9,38,0.1704035874,2,6,6,Stressed,TRUE,FALSE,FALSE
1894,1371,Aditi Verma,43,22/01/2024,Male,Instagram,278,139,139,50.00%,1,2,7.6,32,0.1151079137,2,7,6,Stressed,TRUE,FALSE,FALSE
2039,1372,Aditi Verma,45,01/02/2024,Female,TikTok,228,148,80,64.91%,1,1,7.9,37,0.1622807018,2,6,6,Stressed,TRUE,FALSE,FALSE
335,1373,Aditi Verma,52,28/05/2025,Male,Snapchat,143,79,64,55.24%,0,1,8.3,46,0.3216783217,1,5,7,Healthy,TRUE,FALSE,FALSE
321,1374,Aditi Verma,57,29/01/2025,Male,Twitter,194,78,116,40.21%,1,1,8,41,0.2113402062,2,6,6,Stressed,TRUE,FALSE,FALSE
2131,1375,Sai Iyer,16,06/11/2024,Female,Twitter,383,153,230,39.95%,1,1,7.1,22,0.05744125326,2,7,6,Stressed,FALSE,FALSE,FALSE
2525,1376,Sai Iyer,24,20/03/2025,Female,Facebook,488,171,317,35.04%,1,2,6.6,11,0.02254098361,3,8,5,Stressed,TRUE,FALSE,FALSE
3240,1377,Sai Iyer,28,23/04/2024,Female,YouTube,337,202,135,59.94%,1,3,7.3,26,0.07715133531,3,7,6,Stressed,TRUE,FALSE,FALSE
322,1378,Sai Iyer,49,29/03/2024,Male,Instagram,157,78,79,49.68%,0,1,8.2,44,0.2802547771,1,5,7,Healthy,TRUE,FALSE,FALSE
786,1379,Sonal Verma,18,17/01/2024,Male,WhatsApp,393,98,295,24.94%,0,1,7,21,0.0534351145,2,6,6,Stressed,FALSE,FALSE,FALSE
4478,1379,Sonal Verma,18,06/12/2024,Female,TikTok,424,276,148,65.09%,2,2,6.9,18,0.04245283019,4,9,4,Stressed,TRUE,TRUE,TRUE
4858,1379,Sonal Verma,19,03/04/2024,Female,YouTube,518,311,207,60.04%,1,4,6.4,8,0.01544401544,3,8,5,Stressed,TRUE,TRUE,TRUE
3196,1380,Sonal Verma,33,16/06/2025,Male,Instagram,399,200,199,50.13%,1,3,7,20,0.05012531328,3,8,5,Stressed,TRUE,FALSE,FALSE
980,1381,Sonal Verma,42,13/04/2025,Female,Twitter,275,110,165,40.00%,1,1,7.6,32,0.1163636364,2,7,6,Stressed,TRUE,FALSE,FALSE
323,1382,Sonal Verma,45,12/12/2024,Male,Facebook,224,78,146,34.82%,0,1,7.9,38,0.1696428571,1,5,7,Healthy,TRUE,FALSE,FALSE
749,1382,Sonal Verma,45,12/03/2025,Male,Twitter,242,97,145,40.08%,1,1,7.8,36,0.1487603306,2,6,6,Stressed,TRUE,TRUE,TRUE
2406,1383,Vivaan Kale,23,28/10/2025,Female,Facebook,470,164,306,34.89%,1,1,6.6,13,0.02765957447,3,8,5,Stressed,FALSE,FALSE,FALSE
3122,1384,Vivaan Kale,26,23/05/2025,Female,YouTube,329,197,132,59.88%,1,3,7.4,27,0.0820668693,3,7,6,Stressed,TRUE,FALSE,FALSE
709,1384,Vivaan Kale,27,16/07/2024,Male,WhatsApp,379,95,284,25.07%,0,1,7.1,22,0.0580474934,2,6,6,Stressed,TRUE,TRUE,TRUE
494,1384,Vivaan Kale,28,11/11/2024,Female,WhatsApp,342,86,256,25.15%,0,1,7.3,26,0.07602339181,1,6,7,Stressed,TRUE,TRUE,TRUE
2558,1385,Vivaan Kale,32,25/07/2025,Male,Instagram,346,173,173,50.00%,1,2,7.3,25,0.07225433526,3,7,6,Stressed,TRUE,FALSE,FALSE
1995,1386,Vivaan Kale,34,18/09/2024,Male,Twitter,363,145,218,39.94%,1,1,7.2,24,0.06611570248,2,7,6,Stressed,TRUE,FALSE,FALSE
2002,1387,Vivaan Kale,39,05/11/2025,Male,Snapchat,264,145,119,54.92%,1,1,7.7,34,0.1287878788,2,6,6,Stressed,TRUE,FALSE,FALSE
344,1388,Vivaan Kale,42,14/04/2025,Male,Facebook,228,80,148,35.09%,0,1,7.9,37,0.1622807018,1,5,7,Healthy,TRUE,FALSE,FALSE
326,1389,Vivaan Kale,49,15/05/2025,Female,Twitter,196,78,118,39.80%,1,1,8,40,0.2040816327,2,6,6,Stressed,TRUE,FALSE,FALSE
981,1390,Vivaan Kale,60,19/05/2025,Female,TikTok,170,110,60,64.71%,1,1,8.2,43,0.2529411765,2,6,6,Stressed,TRUE,FALSE,FALSE
4023,1391,Payal Choudhary,22,28/08/2024,Male,Snapchat,449,247,202,55.01%,1,2,6.8,15,0.03340757238,3,8,5,Stressed,FALSE,FALSE,FALSE
368,1392,Payal Choudhary,30,24/12/2024,Female,WhatsApp,324,81,243,25.00%,0,1,7.4,28,0.08641975309,1,6,7,Stressed,TRUE,FALSE,FALSE
3874,1393,Payal Choudhary,32,26/03/2024,Male,YouTube,397,238,159,59.95%,1,3,7,20,0.05037783375,3,8,5,Stressed,TRUE,FALSE,FALSE
3383,1393,Payal Choudhary,33,12/11/2025,Female,YouTube,351,211,140,60.11%,1,3,7.2,25,0.07122507123,3,7,6,Stressed,TRUE,TRUE,TRUE
327,1394,Payal Choudhary,40,26/08/2024,Female,Facebook,222,78,144,35.14%,0,1,7.9,38,0.1711711712,1,5,7,Healthy,TRUE,FALSE,FALSE
1413,1394,Payal Choudhary,40,09/11/2024,Male,Snapchat,224,123,101,54.91%,1,1,7.9,38,0.1696428571,2,6,6,Stressed,TRUE,TRUE,TRUE
2032,1395,Payal Choudhary,42,01/03/2024,Male,TikTok,226,147,79,65.04%,1,1,7.9,37,0.1637168142,2,6,6,Stressed,TRUE,FALSE,FALSE
2058,1396,Aarohi Nair,14,11/09/2025,Female,Facebook,427,149,278,34.89%,1,1,6.9,17,0.03981264637,2,7,6,Stressed,FALSE,FALSE,FALSE
1525,1397,Aarohi Nair,19,01/12/2024,Female,WhatsApp,505,126,379,24.95%,1,1,6.5,10,0.0198019802,2,7,6,Stressed,TRUE,FALSE,FALSE
4751,1397,Aarohi Nair,20,15/07/2024,Male,TikTok,460,299,161,65.00%,2,3,6.7,14,0.03043478261,4,9,4,Stressed,TRUE,TRUE,TRUE
3986,1398,Aarohi Nair,24,22/07/2024,Male,Instagram,489,244,245,49.90%,1,3,6.6,11,0.02249488753,3,8,5,Stressed,TRUE,FALSE,FALSE
3537,1399,Aarohi Nair,32,07/04/2024,Female,TikTok,339,220,119,64.90%,1,2,7.3,26,0.07669616519,3,7,6,Stressed,TRUE,FALSE,FALSE
1788,1400,Aarohi Nair,41,28/03/2025,Female,YouTube,225,135,90,60.00%,1,2,7.9,38,0.1688888889,2,6,6,Stressed,TRUE,FALSE,FALSE
949,1401,Aarohi Nair,53,10/06/2025,Male,Snapchat,197,108,89,54.82%,0,1,8,40,0.2030456853,2,6,6,Stressed,TRUE,FALSE,FALSE
328,1402,Aarohi Nair,67,14/08/2024,Female,Twitter,196,78,118,39.80%,1,1,8,40,0.2040816327,2,6,6,Stressed,TRUE,FALSE,FALSE
2064,1403,Reyansh Kale,16,26/05/2025,Female,Facebook,425,149,276,35.06%,1,1,6.9,18,0.04235294118,2,7,6,Stressed,FALSE,FALSE,FALSE
2206,1403,Reyansh Kale,16,01/04/2024,Male,Facebook,447,156,291,34.90%,1,1,6.8,15,0.03355704698,2,7,6,Stressed,TRUE,TRUE,TRUE
1575,1404,Reyansh Kale,22,27/08/2024,Male,WhatsApp,510,128,382,25.10%,1,1,6.4,9,0.01764705882,2,7,6,Stressed,TRUE,FALSE,FALSE
330,1405,Reyansh Kale,36,03/06/2024,Male,Facebook,223,78,145,34.98%,0,1,7.9,38,0.1704035874,1,5,7,Healthy,TRUE,FALSE,FALSE
2282,1406,Aditi Patil,21,16/12/2024,Female,Facebook,453,159,294,35.10%,1,1,6.7,15,0.03311258278,2,7,6,Stressed,FALSE,FALSE,FALSE
4871,1406,Aditi Patil,21,19/07/2024,Female,YouTube,520,312,208,60.00%,1,4,6.4,8,0.01538461538,3,8,5,Stressed,TRUE,TRUE,TRUE
4366,1406,Aditi Patil,22,16/03/2024,Female,Snapchat,486,267,219,54.94%,1,2,6.6,11,0.02263374486,3,8,5,Stressed,TRUE,TRUE,TRUE
3627,1407,Aditi Patil,25,19/03/2024,Male,Instagram,450,225,225,50.00%,1,3,6.8,15,0.03333333333,3,8,5,Stressed,TRUE,FALSE,FALSE
518,1408,Aditi Patil,42,18/03/2024,Female,Facebook,248,87,161,35.08%,0,1,7.8,35,0.1411290323,1,5,7,At_Risk,TRUE,FALSE,FALSE
332,1409,Aditi Patil,57,30/03/2025,Male,Twitter,196,78,118,39.80%,1,1,8,40,0.2040816327,2,6,6,Stressed,TRUE,FALSE,FALSE
1059,1410,Aditi Patil,68,02/09/2025,Male,TikTok,172,112,60,65.12%,1,1,8.1,43,0.25,2,6,6,Stressed,TRUE,FALSE,FALSE
2451,1411,Aadhya Kale,17,07/04/2024,Female,Twitter,414,166,248,40.10%,1,1,6.9,19,0.04589371981,3,8,5,Stressed,FALSE,FALSE,FALSE
4827,1412,Aadhya Kale,24,27/04/2025,Male,TikTok,473,307,166,64.90%,2,3,6.6,13,0.02748414376,4,9,4,Stressed,TRUE,FALSE,FALSE
2930,1413,Aadhya Kale,29,25/07/2025,Male,Instagram,375,188,187,50.13%,1,3,7.1,22,0.05866666667,3,7,6,Stressed,TRUE,FALSE,FALSE
2866,1414,Aadhya Kale,35,06/09/2024,Female,Instagram,369,184,185,49.86%,1,2,7.2,23,0.06233062331,3,7,6,Stressed,TRUE,FALSE,FALSE
558,1414,Aadhya Kale,36,13/06/2025,Female,Facebook,253,89,164,35.18%,0,1,7.7,35,0.1383399209,1,5,7,At_Risk,TRUE,TRUE,TRUE
2546,1415,Aadhya Kale,44,10/02/2025,Male,TikTok,264,172,92,65.15%,1,2,7.7,34,0.1287878788,3,7,6,Stressed,TRUE,FALSE,FALSE
333,1415,Aadhya Kale,45,11/07/2024,Female,Facebook,222,78,144,35.14%,0,1,7.9,38,0.1711711712,1,5,7,Healthy,TRUE,TRUE,TRUE
641,1415,Aadhya Kale,45,14/07/2024,Female,Twitter,229,92,137,40.17%,1,1,7.9,37,0.1615720524,2,6,6,Stressed,TRUE,TRUE,TRUE
2610,1416,Kavya Sharma,23,14/06/2024,Female,Facebook,499,175,324,35.07%,1,2,6.5,10,0.02004008016,3,8,5,Stressed,FALSE,FALSE,FALSE
2640,1416,Kavya Sharma,23,22/08/2024,Female,Facebook,502,176,326,35.06%,1,2,6.5,10,0.01992031873,3,8,5,Stressed,TRUE,TRUE,TRUE
3162,1417,Kavya Sharma,26,14/02/2024,Male,Snapchat,362,199,163,54.97%,1,2,7.2,24,0.06629834254,3,7,6,Stressed,TRUE,FALSE,FALSE
2973,1418,Kavya Sharma,35,05/05/2025,Male,Instagram,382,191,191,50.00%,1,3,7.1,22,0.05759162304,3,7,6,Stressed,TRUE,FALSE,FALSE
338,1419,Kavya Sharma,44,28/03/2024,Male,Facebook,226,79,147,34.96%,0,1,7.9,37,0.1637168142,1,5,7,Healthy,TRUE,FALSE,FALSE
1097,1420,Payal Das,23,19/07/2025,Male,WhatsApp,453,113,340,24.94%,0,1,6.7,15,0.03311258278,2,7,6,Stressed,FALSE,FALSE,FALSE
1231,1420,Payal Das,23,22/06/2024,Female,WhatsApp,467,117,350,25.05%,0,1,6.7,13,0.0278372591,2,7,6,Stressed,TRUE,TRUE,TRUE
3352,1421,Payal Das,26,17/11/2024,Male,TikTok,321,209,112,65.11%,1,2,7.4,28,0.08722741433,3,7,6,Stressed,TRUE,FALSE,FALSE
3033,1422,Payal Das,31,28/03/2025,Female,YouTube,322,193,129,59.94%,1,3,7.4,28,0.08695652174,3,7,6,Stressed,TRUE,FALSE,FALSE
3249,1422,Payal Das,32,01/11/2025,Male,YouTube,338,203,135,60.06%,1,3,7.3,26,0.07692307692,3,7,6,Stressed,TRUE,TRUE,TRUE
1917,1422,Payal Das,33,30/10/2025,Male,Twitter,351,140,211,39.89%,1,1,7.2,25,0.07122507123,2,7,6,Stressed,TRUE,TRUE,TRUE
339,1423,Payal Das,38,19/09/2024,Male,Facebook,225,79,146,35.11%,0,1,7.9,38,0.1688888889,1,5,7,Healthy,TRUE,FALSE,FALSE
482,1424,Payal Das,40,26/04/2025,Male,Facebook,247,86,161,34.82%,0,1,7.8,35,0.1417004049,1,5,7,At_Risk,TRUE,FALSE,FALSE
3254,1425,Jiya Kale,23,18/05/2025,Male,Twitter,508,203,305,39.96%,1,2,6.5,9,0.01771653543,3,8,5,Stressed,FALSE,FALSE,FALSE
4604,1425,Jiya Kale,24,06/08/2024,Female,YouTube,476,286,190,60.08%,1,4,6.6,12,0.02521008403,3,8,5,Stressed,TRUE,TRUE,TRUE
4817,1425,Jiya Kale,24,02/05/2025,Female,YouTube,510,306,204,60.00%,1,4,6.4,9,0.01764705882,3,8,5,Stressed,TRUE,TRUE,TRUE
629,1426,Jiya Kale,44,31/07/2025,Female,Twitter,231,92,139,39.83%,1,1,7.8,37,0.1601731602,2,6,6,Stressed,TRUE,FALSE,FALSE
343,1427,Jiya Kale,58,30/01/2025,Female,Twitter,200,80,120,40.00%,1,1,8,40,0.2,2,6,6,Stressed,TRUE,FALSE,FALSE
367,1428,Jiya Kale,64,20/11/2024,Female,Snapchat,148,81,67,54.73%,0,1,8.3,45,0.3040540541,1,5,7,Healthy,TRUE,FALSE,FALSE
979,1429,Diya Joshi,22,16/07/2024,Female,WhatsApp,441,110,331,24.94%,0,1,6.8,16,0.03628117914,2,7,6,Stressed,FALSE,FALSE,FALSE
4722,1429,Diya Joshi,22,05/09/2024,Female,TikTok,455,296,159,65.05%,2,3,6.7,14,0.03076923077,4,9,4,Stressed,TRUE,TRUE,TRUE
2398,1430,Diya Joshi,34,02/09/2024,Female,Instagram,328,164,164,50.00%,1,2,7.4,27,0.08231707317,3,7,6,Stressed,TRUE,FALSE,FALSE
1722,1431,Diya Joshi,44,16/08/2025,Male,Snapchat,242,133,109,54.96%,1,1,7.8,36,0.1487603306,2,6,6,Stressed,TRUE,FALSE,FALSE
347,1432,Diya Joshi,58,21/07/2024,Male,Instagram,160,80,80,50.00%,0,1,8.2,44,0.275,1,5,7,Healthy,TRUE,FALSE,FALSE
2916,1433,Aarohi Patil,19,13/11/2024,Male,Twitter,467,187,280,40.04%,1,2,6.7,13,0.0278372591,3,8,5,Stressed,FALSE,FALSE,FALSE
4244,1434,Aarohi Patil,25,30/08/2024,Female,Instagram,517,258,259,49.90%,1,3,6.4,8,0.01547388781,3,8,5,Stressed,TRUE,FALSE,FALSE
3365,1435,Aarohi Patil,27,19/01/2025,Female,Snapchat,382,210,172,54.97%,1,2,7.1,22,0.05759162304,3,7,6,Stressed,TRUE,FALSE,FALSE
2056,1436,Aarohi Patil,31,13/10/2024,Male,Twitter,372,149,223,40.05%,1,1,7.1,23,0.06182795699,2,7,6,Stressed,TRUE,FALSE,FALSE
730,1437,Aarohi Patil,33,10/09/2024,Male,WhatsApp,386,96,290,24.87%,0,1,7.1,21,0.05440414508,2,6,6,Stressed,TRUE,FALSE,FALSE
350,1438,Aarohi Patil,44,28/11/2024,Male,Twitter,200,80,120,40.00%,1,1,8,40,0.2,2,6,6,Stressed,TRUE,FALSE,FALSE
4668,1439,Aarohi Khan,20,12/10/2025,Female,TikTok,448,291,157,64.96%,2,3,6.8,15,0.03348214286,4,9,4,Stressed,FALSE,FALSE,FALSE
2587,1440,Aarohi Khan,26,16/09/2025,Male,Instagram,347,174,173,50.14%,1,2,7.3,25,0.07204610951,3,7,6,Stressed,TRUE,FALSE,FALSE
3632,1441,Aarohi Khan,28,01/12/2024,Female,TikTok,346,225,121,65.03%,2,2,7.3,25,0.07225433526,3,8,5,Stressed,TRUE,FALSE,FALSE
861,1442,Aarohi Khan,52,22/06/2025,Male,TikTok,157,102,55,64.97%,1,1,8.2,44,0.2802547771,2,6,6,Stressed,TRUE,FALSE,FALSE
352,1443,Aarohi Khan,66,07/11/2024,Female,Twitter,201,80,121,39.80%,1,1,8,40,0.1990049751,2,6,6,Stressed,TRUE,FALSE,FALSE
2493,1444,Jiya Chauhan,13,25/07/2024,Male,Twitter,422,169,253,40.05%,1,2,6.9,18,0.04265402844,3,8,5,Stressed,FALSE,FALSE,FALSE
2913,1445,Jiya Chauhan,25,21/02/2024,Female,Twitter,468,187,281,39.96%,1,2,6.7,13,0.02777777778,3,8,5,Stressed,TRUE,FALSE,FALSE
1516,1446,Jiya Chauhan,34,09/10/2025,Female,Facebook,359,126,233,35.10%,1,1,7.2,24,0.06685236769,2,7,6,Stressed,TRUE,FALSE,FALSE
354,1447,Jiya Chauhan,59,23/10/2025,Male,Twitter,199,80,119,40.20%,1,1,8,40,0.2010050251,2,6,6,Stressed,TRUE,FALSE,FALSE
2337,1448,Neha Verma,16,19/02/2025,Female,Twitter,402,161,241,40.05%,1,1,7,20,0.04975124378,2,7,6,Stressed,FALSE,FALSE,FALSE
3832,1449,Neha Verma,32,18/04/2025,Female,YouTube,394,236,158,59.90%,1,3,7,21,0.05329949239,3,8,5,Stressed,TRUE,FALSE,FALSE
424,1450,Neha Verma,38,31/07/2024,Male,Twitter,208,83,125,39.90%,1,1,8,39,0.1875,2,6,6,Stressed,TRUE,FALSE,FALSE
356,1451,Neha Verma,51,15/12/2024,Female,Twitter,200,80,120,40.00%,1,1,8,40,0.2,2,6,6,Stressed,TRUE,FALSE,FALSE
4077,1452,Saanvi Patil,14,08/08/2025,Female,YouTube,416,250,166,60.10%,1,3,6.9,18,0.04326923077,3,8,5,Stressed,FALSE,FALSE,FALSE
3805,1452,Saanvi Patil,14,23/04/2025,Male,Snapchat,425,234,191,55.06%,1,2,6.9,18,0.04235294118,3,8,5,Stressed,TRUE,TRUE,TRUE
2815,1452,Saanvi Patil,14,05/06/2024,Male,Twitter,456,182,274,39.91%,1,2,6.7,14,0.03070175439,3,8,5,Stressed,TRUE,TRUE,TRUE
4873,1453,Saanvi Patil,20,19/07/2025,Male,YouTube,520,312,208,60.00%,1,4,6.4,8,0.01538461538,3,8,5,Stressed,TRUE,FALSE,FALSE
1330,1453,Saanvi Patil,21,03/05/2025,Male,WhatsApp,478,120,358,25.10%,0,1,6.6,12,0.02510460251,2,7,6,Stressed,TRUE,TRUE,TRUE
1136,1454,Saanvi Patil,28,21/10/2024,Male,Facebook,326,114,212,34.97%,0,1,7.4,27,0.08282208589,2,6,6,Stressed,TRUE,FALSE,FALSE
4148,1455,Saanvi Patil,35,21/09/2025,Male,TikTok,389,253,136,65.04%,2,2,7.1,21,0.05398457584,4,8,5,Stressed,TRUE,FALSE,FALSE
409,1456,Saanvi Patil,40,01/04/2024,Female,Facebook,238,83,155,34.87%,0,1,7.8,36,0.1512605042,1,5,7,Healthy,TRUE,FALSE,FALSE
1970,1457,Saanvi Patil,44,07/10/2025,Female,YouTube,238,143,95,60.08%,1,2,7.8,36,0.1512605042,2,6,6,Stressed,TRUE,FALSE,FALSE
359,1458,Saanvi Patil,50,20/09/2025,Female,Snapchat,146,80,66,54.79%,0,1,8.3,45,0.3082191781,1,5,7,Healthy,TRUE,FALSE,FALSE
2003,1459,Avni Kulkarni,13,07/07/2025,Female,Facebook,413,145,268,35.11%,1,1,6.9,19,0.04600484262,2,7,6,Stressed,FALSE,FALSE,FALSE
3855,1459,Avni Kulkarni,14,07/01/2025,Male,YouTube,395,237,158,60.00%,1,3,7,20,0.05063291139,3,8,5,Stressed,TRUE,TRUE,TRUE
2954,1460,Avni Kulkarni,16,25/08/2025,Female,Instagram,381,190,191,49.87%,1,3,7.1,22,0.05774278215,3,7,6,Stressed,TRUE,FALSE,FALSE
4709,1461,Avni Kulkarni,22,27/02/2025,Female,TikTok,454,295,159,64.98%,2,3,6.7,15,0.03303964758,4,9,4,Stressed,TRUE,FALSE,FALSE
3000,1461,Avni Kulkarni,23,17/01/2024,Female,Twitter,481,192,289,39.92%,1,2,6.6,12,0.02494802495,3,8,5,Stressed,TRUE,TRUE,TRUE
362,1462,Avni Kulkarni,28,14/01/2025,Male,WhatsApp,321,80,241,24.92%,0,1,7.4,28,0.08722741433,1,6,7,Stressed,TRUE,FALSE,FALSE
3507,1463,Avni Kulkarni,34,01/01/2025,Male,Snapchat,397,218,179,54.91%,1,2,7,20,0.05037783375,3,8,5,Stressed,TRUE,FALSE,FALSE
1016,1464,Myra Rathod,14,01/09/2024,Female,WhatsApp,445,111,334,24.94%,0,1,6.8,16,0.03595505618,2,7,6,Stressed,FALSE,FALSE,FALSE
1044,1465,Myra Rathod,22,24/08/2024,Female,WhatsApp,446,112,334,25.11%,0,1,6.8,15,0.033632287,2,7,6,Stressed,TRUE,FALSE,FALSE
4429,1465,Myra Rathod,22,06/02/2024,Male,YouTube,453,272,181,60.04%,1,4,6.7,15,0.03311258278,3,8,5,Stressed,TRUE,TRUE,TRUE
2210,1465,Myra Rathod,23,22/07/2024,Female,Facebook,446,156,290,34.98%,1,1,6.8,15,0.033632287,2,7,6,Stressed,TRUE,TRUE,TRUE
2873,1466,Myra Rathod,27,13/01/2025,Male,Instagram,368,184,184,50.00%,1,2,7.2,23,0.0625,3,7,6,Stressed,TRUE,FALSE,FALSE
363,1467,Myra Rathod,29,02/04/2025,Male,WhatsApp,325,81,244,24.92%,0,1,7.4,28,0.08615384615,1,6,7,Stressed,TRUE,FALSE,FALSE
2669,1468,Myra Rathod,31,04/10/2025,Female,Snapchat,322,177,145,54.97%,1,2,7.4,28,0.08695652174,3,7,6,Stressed,TRUE,FALSE,FALSE
3554,1468,Myra Rathod,31,17/08/2024,Female,YouTube,369,221,148,59.89%,1,3,7.2,23,0.06233062331,3,7,6,Stressed,TRUE,TRUE,TRUE
4849,1469,Riya Ghosh,22,26/09/2025,Female,TikTok,475,309,166,65.05%,2,3,6.6,12,0.02526315789,4,9,4,Stressed,FALSE,FALSE,FALSE
2975,1470,Riya Ghosh,26,27/07/2024,Male,Snapchat,348,191,157,54.89%,1,2,7.3,25,0.07183908046,3,7,6,Stressed,TRUE,FALSE,FALSE
2441,1471,Riya Ghosh,38,25/06/2024,Male,YouTube,277,166,111,59.93%,1,2,7.6,32,0.1155234657,3,7,6,Stressed,TRUE,FALSE,FALSE
1364,1472,Riya Ghosh,54,24/01/2024,Male,Snapchat,220,121,99,55.00%,1,1,7.9,38,0.1727272727,2,6,6,Stressed,TRUE,FALSE,FALSE
364,1473,Riya Ghosh,66,21/08/2025,Male,Snapchat,148,81,67,54.73%,0,1,8.3,45,0.3040540541,1,5,7,Healthy,TRUE,FALSE,FALSE
2113,1474,Ananya Pawar,45,07/02/2024,Female,Snapchat,276,152,124,55.07%,1,1,7.6,32,0.115942029,2,7,6,Stressed,FALSE,FALSE,FALSE
365,1475,Ananya Pawar,58,06/02/2024,Female,Instagram,162,81,81,50.00%,0,1,8.2,44,0.2716049383,1,5,7,Healthy,TRUE,FALSE,FALSE
3450,1476,Aadhya Sharma,27,21/06/2024,Female,YouTube,356,214,142,60.11%,1,3,7.2,24,0.06741573034,3,7,6,Stressed,FALSE,FALSE,FALSE
366,1477,Aadhya Sharma,29,16/11/2024,Female,WhatsApp,325,81,244,24.92%,0,1,7.4,28,0.08615384615,1,6,7,Stressed,TRUE,FALSE,FALSE
1508,1478,Aadhya Sharma,45,18/09/2024,Male,Snapchat,229,126,103,55.02%,1,1,7.9,37,0.1615720524,2,6,6,Stressed,TRUE,FALSE,FALSE
1367,1479,Aadhya Menon,20,07/05/2024,Female,WhatsApp,490,122,368,24.90%,1,1,6.6,11,0.02244897959,2,7,6,Stressed,FALSE,FALSE,FALSE
4405,1479,Aadhya Menon,20,09/02/2025,Female,Snapchat,493,271,222,54.97%,1,2,6.5,11,0.02231237323,3,8,5,Stressed,TRUE,TRUE,TRUE
4559,1480,Aadhya Menon,23,01/05/2024,Female,Snapchat,515,283,232,54.95%,1,3,6.4,8,0.01553398058,3,8,5,Stressed,TRUE,FALSE,FALSE
369,1481,Aadhya Menon,64,07/01/2025,Male,Twitter,203,81,122,39.90%,1,1,8,40,0.197044335,2,6,6,Stressed,TRUE,FALSE,FALSE
680,1482,Aadhya Menon,69,05/07/2025,Female,Snapchat,171,94,77,54.97%,0,1,8.1,43,0.2514619883,2,6,6,Stressed,TRUE,FALSE,FALSE
2243,1483,Avni Iyer,14,17/04/2025,Male,Facebook,449,157,292,34.97%,1,1,6.8,15,0.03340757238,2,7,6,Stressed,FALSE,FALSE,FALSE
2486,1484,Avni Iyer,16,02/08/2024,Female,Twitter,423,169,254,39.95%,1,2,6.9,18,0.04255319149,3,8,5,Stressed,TRUE,FALSE,FALSE
4029,1485,Avni Iyer,21,14/09/2025,Other,Snapchat,451,248,203,54.99%,1,2,6.7,15,0.0332594235,3,8,5,Stressed,TRUE,FALSE,FALSE
1627,1486,Avni Iyer,23,21/05/2024,Male,WhatsApp,515,129,386,25.05%,1,1,6.4,8,0.01553398058,2,7,6,Stressed,TRUE,FALSE,FALSE
551,1487,Avni Iyer,26,08/05/2024,Female,WhatsApp,353,88,265,24.93%,0,1,7.2,25,0.07082152975,1,6,7,Stressed,TRUE,FALSE,FALSE
371,1488,Avni Iyer,35,01/10/2024,Male,WhatsApp,325,81,244,24.92%,0,1,7.4,28,0.08615384615,1,6,7,Stressed,TRUE,FALSE,FALSE
930,1489,Avni Iyer,39,25/12/2024,Male,Twitter,267,107,160,40.07%,1,1,7.7,33,0.1235955056,2,6,6,Stressed,TRUE,FALSE,FALSE
4192,1490,Diya Mishra,15,11/02/2024,Male,TikTok,392,255,137,65.05%,2,2,7,21,0.05357142857,4,8,5,Stressed,FALSE,FALSE,FALSE
2668,1491,Diya Mishra,26,03/04/2024,Other,Snapchat,322,177,145,54.97%,1,2,7.4,28,0.08695652174,3,7,6,Stressed,TRUE,FALSE,FALSE
375,1492,Diya Mishra,32,17/05/2025,Male,WhatsApp,325,81,244,24.92%,0,1,7.4,28,0.08615384615,1,6,7,Stressed,TRUE,FALSE,FALSE
2987,1493,Avni Shetty,19,18/07/2024,Female,Twitter,481,192,289,39.92%,1,2,6.6,12,0.02494802495,3,8,5,Stressed,FALSE,FALSE,FALSE
1005,1494,Avni Shetty,24,28/02/2024,Female,WhatsApp,441,110,331,24.94%,0,1,6.8,16,0.03628117914,2,7,6,Stressed,TRUE,FALSE,FALSE
376,1495,Avni Shetty,41,06/05/2024,Male,Facebook,231,81,150,35.06%,0,1,7.8,37,0.1601731602,1,5,7,Healthy,TRUE,FALSE,FALSE
2799,1496,Reyansh Patel,18,26/06/2024,Male,Twitter,453,181,272,39.96%,1,2,6.7,15,0.03311258278,3,8,5,Stressed,FALSE,FALSE,FALSE
1134,1497,Reyansh Patel,22,27/08/2024,Male,WhatsApp,458,114,344,24.89%,0,1,6.7,14,0.03056768559,2,7,6,Stressed,TRUE,FALSE,FALSE
378,1498,Reyansh Patel,33,24/06/2025,Female,WhatsApp,324,81,243,25.00%,0,1,7.4,28,0.08641975309,1,6,7,Stressed,TRUE,FALSE,FALSE
3506,1498,Reyansh Patel,33,30/10/2025,Female,TikTok,336,218,118,64.88%,1,2,7.3,26,0.07738095238,3,7,6,Stressed,TRUE,TRUE,TRUE
2302,1499,Reyansh Patel,35,16/08/2024,Female,Instagram,320,160,160,50.00%,1,2,7.4,28,0.0875,2,7,6,Stressed,TRUE,FALSE,FALSE
2014,1500,Sai Sharma,13,15/03/2024,Female,Facebook,416,146,270,35.10%,1,1,6.9,18,0.04326923077,2,7,6,Stressed,FALSE,FALSE,FALSE
4698,1501,Sai Sharma,22,29/06/2025,Female,TikTok,452,294,158,65.04%,2,3,6.7,15,0.03318584071,4,9,4,Stressed,TRUE,FALSE,FALSE
4059,1502,Sai Sharma,24,15/11/2025,Male,Snapchat,453,249,204,54.97%,1,2,6.7,15,0.03311258278,3,8,5,Stressed,TRUE,FALSE,FALSE
379,1503,Sai Sharma,26,23/03/2024,Female,WhatsApp,324,81,243,25.00%,0,1,7.4,28,0.08641975309,1,6,7,Stressed,TRUE,FALSE,FALSE
3849,1503,Sai Sharma,27,25/10/2024,Male,YouTube,395,237,158,60.00%,1,3,7,20,0.05063291139,3,8,5,Stressed,TRUE,TRUE,TRUE
436,1504,Sai Sharma,33,05/04/2025,Female,WhatsApp,337,84,253,24.93%,0,1,7.3,26,0.07715133531,1,6,7,Stressed,TRUE,FALSE,FALSE
756,1505,Sai Sharma,49,17/01/2025,Male,YouTube,162,97,65,59.88%,0,1,8.2,44,0.2716049383,2,6,6,Stressed,TRUE,FALSE,FALSE
4436,1506,Krishna Das,14,22/06/2025,Female,TikTok,420,273,147,65.00%,2,2,6.9,18,0.04285714286,4,9,4,Stressed,FALSE,FALSE,FALSE
667,1507,Krishna Das,27,09/08/2025,Female,WhatsApp,376,94,282,25.00%,0,1,7.1,22,0.0585106383,2,6,6,Stressed,TRUE,FALSE,FALSE
380,1508,Krishna Das,34,11/05/2024,Female,WhatsApp,330,82,248,24.85%,0,1,7.4,27,0.08181818182,1,6,7,Stressed,TRUE,FALSE,FALSE
851,1509,Krishna Das,36,23/03/2025,Male,Twitter,255,102,153,40.00%,1,1,7.7,34,0.1333333333,2,6,6,Stressed,TRUE,FALSE,FALSE
4981,1510,Payal Iyer,25,30/07/2024,Female,TikTok,514,334,180,64.98%,2,3,6.4,9,0.01750972763,4,9,4,Stressed,FALSE,FALSE,FALSE
2311,1510,Payal Iyer,26,08/01/2024,Male,Instagram,321,160,161,49.84%,1,2,7.4,28,0.08722741433,2,7,6,Stressed,TRUE,TRUE,TRUE
381,1511,Payal Iyer,34,09/10/2024,Female,WhatsApp,326,82,244,25.15%,0,1,7.4,27,0.08282208589,1,6,7,Stressed,TRUE,FALSE,FALSE
2414,1512,Payal Iyer,36,25/08/2025,Female,TikTok,254,165,89,64.96%,1,1,7.7,35,0.1377952756,3,7,5,Stressed,TRUE,FALSE,FALSE
615,1513,Payal Iyer,49,18/05/2025,Male,Snapchat,165,91,74,55.15%,0,1,8.2,44,0.2666666667,2,6,6,Stressed,TRUE,FALSE,FALSE
887,1514,Payal Iyer,69,15/03/2024,Female,YouTube,175,105,70,60.00%,0,1,8.1,42,0.24,2,6,6,Stressed,TRUE,FALSE,FALSE
3216,1515,Payal Ghosh,19,15/08/2025,Male,Twitter,502,201,301,40.04%,1,2,6.5,10,0.01992031873,3,8,5,Stressed,FALSE,FALSE,FALSE
1761,1516,Payal Ghosh,27,08/03/2024,Female,Facebook,384,134,250,34.90%,1,1,7.1,22,0.05729166667,2,7,6,Stressed,TRUE,FALSE,FALSE
4135,1517,Payal Ghosh,31,23/03/2025,Female,TikTok,389,253,136,65.04%,2,2,7.1,21,0.05398457584,4,8,5,Stressed,TRUE,FALSE,FALSE
382,1518,Payal Ghosh,35,18/10/2025,Male,WhatsApp,327,82,245,25.08%,0,1,7.4,27,0.08256880734,1,6,7,Stressed,TRUE,FALSE,FALSE
1964,1519,Payal Ghosh,37,31/05/2025,Male,YouTube,239,143,96,59.83%,1,2,7.8,36,0.1506276151,2,6,6,Stressed,TRUE,FALSE,FALSE
850,1520,Payal Ghosh,39,29/09/2024,Male,Twitter,256,102,154,39.84%,1,1,7.7,34,0.1328125,2,6,6,Stressed,TRUE,FALSE,FALSE
1681,1521,Payal Ghosh,42,08/02/2025,Female,YouTube,219,131,88,59.82%,1,2,7.9,38,0.1735159817,2,6,6,Stressed,TRUE,FALSE,FALSE
4051,1522,Aadhya Reddy,15,24/11/2024,Female,TikTok,382,248,134,64.92%,2,2,7.1,22,0.05759162304,4,8,5,Stressed,FALSE,FALSE,FALSE
4894,1523,Aadhya Reddy,19,23/03/2025,Male,TikTok,486,316,170,65.02%,2,3,6.6,11,0.02263374486,4,9,4,Stressed,TRUE,FALSE,FALSE
3916,1524,Aadhya Reddy,23,27/12/2024,Female,Instagram,480,240,240,50.00%,1,3,6.6,12,0.025,3,8,5,Stressed,TRUE,FALSE,FALSE
4798,1524,Aadhya Reddy,23,23/08/2024,Male,YouTube,507,304,203,59.96%,1,4,6.5,9,0.01775147929,3,8,5,Stressed,TRUE,TRUE,TRUE
383,1525,Aadhya Reddy,26,11/11/2025,Male,WhatsApp,330,82,248,24.85%,0,1,7.4,27,0.08181818182,1,6,7,Stressed,TRUE,FALSE,FALSE
2824,1526,Aadhya Reddy,29,14/03/2025,Female,Instagram,364,182,182,50.00%,1,2,7.2,24,0.06593406593,3,7,6,Stressed,TRUE,FALSE,FALSE
1798,1527,Aadhya Reddy,33,15/11/2024,Male,Facebook,387,135,252,34.88%,1,1,7.1,21,0.05426356589,2,7,6,Stressed,TRUE,FALSE,FALSE
3842,1528,Aadhya Reddy,35,15/12/2024,Female,TikTok,365,237,128,64.93%,2,2,7.2,24,0.06575342466,4,8,5,Stressed,TRUE,FALSE,FALSE
2536,1529,Aadhya Reddy,37,28/03/2024,Male,TikTok,264,172,92,65.15%,1,2,7.7,34,0.1287878788,3,7,6,Stressed,TRUE,FALSE,FALSE
1609,1530,Aadhya Reddy,53,04/07/2024,Male,TikTok,199,129,70,64.82%,1,1,8,40,0.2010050251,2,6,6,Stressed,TRUE,FALSE,FALSE
4547,1531,Navya Nair,13,25/10/2024,Female,TikTok,436,283,153,64.91%,2,3,6.8,16,0.03669724771,4,9,4,Stressed,FALSE,FALSE,FALSE
894,1532,Navya Nair,15,17/02/2024,Male,WhatsApp,420,105,315,25.00%,0,1,6.9,18,0.04285714286,2,7,6,Stressed,TRUE,FALSE,FALSE
4617,1533,Navya Nair,18,27/10/2024,Female,TikTok,442,287,155,64.93%,2,3,6.8,16,0.03619909502,4,9,4,Stressed,TRUE,FALSE,FALSE
4476,1533,Navya Nair,19,06/09/2025,Female,Snapchat,502,276,226,54.98%,1,2,6.5,10,0.01992031873,3,8,5,Stressed,TRUE,TRUE,TRUE
384,1534,Navya Nair,29,18/06/2024,Male,WhatsApp,329,82,247,24.92%,0,1,7.4,27,0.0820668693,1,6,7,Stressed,TRUE,FALSE,FALSE
3004,1535,Navya Nair,32,03/08/2024,Female,Snapchat,349,192,157,55.01%,1,2,7.3,25,0.07163323782,3,7,6,Stressed,TRUE,FALSE,FALSE
1892,1535,Navya Nair,33,12/02/2024,Male,Twitter,347,139,208,40.06%,1,1,7.3,25,0.07204610951,2,7,6,Stressed,TRUE,TRUE,TRUE
1652,1536,Navya Nair,37,02/09/2024,Female,Instagram,260,130,130,50.00%,1,2,7.7,34,0.1307692308,2,6,6,Stressed,TRUE,FALSE,FALSE
4435,1537,Aditi Khan,18,10/12/2024,Female,YouTube,455,273,182,60.00%,1,4,6.7,14,0.03076923077,3,8,5,Stressed,FALSE,FALSE,FALSE
4019,1537,Aditi Khan,19,18/02/2024,Female,Snapchat,448,246,202,54.91%,1,2,6.8,15,0.03348214286,3,8,5,Stressed,TRUE,TRUE,TRUE
586,1538,Aditi Khan,37,30/07/2025,Male,Twitter,225,90,135,40.00%,1,1,7.9,38,0.1688888889,2,6,6,Stressed,TRUE,FALSE,FALSE
386,1539,Aditi Khan,40,07/10/2024,Male,Facebook,233,82,151,35.19%,0,1,7.8,37,0.1587982833,1,5,7,Healthy,TRUE,FALSE,FALSE
478,1540,Aditi Khan,62,19/08/2024,Female,Twitter,214,86,128,40.19%,1,1,7.9,39,0.1822429907,2,6,6,Stressed,TRUE,FALSE,FALSE
4782,1541,Jiya Kulkarni,19,29/10/2024,Female,YouTube,504,302,202,59.92%,1,4,6.5,10,0.01984126984,3,8,5,Stressed,FALSE,FALSE,FALSE
4181,1541,Jiya Kulkarni,20,01/02/2025,Male,Snapchat,463,255,208,55.08%,1,2,6.7,14,0.03023758099,3,8,5,Stressed,TRUE,TRUE,TRUE
4715,1542,Jiya Kulkarni,23,12/01/2025,Female,TikTok,454,295,159,64.98%,2,3,6.7,15,0.03303964758,4,9,4,Stressed,TRUE,FALSE,FALSE
2677,1542,Jiya Kulkarni,23,16/05/2024,Female,Facebook,507,177,330,34.91%,1,2,6.5,9,0.01775147929,3,8,5,Stressed,TRUE,TRUE,TRUE
3762,1542,Jiya Kulkarni,24,08/04/2024,Male,Instagram,464,232,232,50.00%,1,3,6.7,14,0.03017241379,3,8,5,Stressed,TRUE,TRUE,TRUE
387,1543,Jiya Kulkarni,32,03/06/2025,Female,WhatsApp,327,82,245,25.08%,0,1,7.4,27,0.08256880734,1,6,7,Stressed,TRUE,FALSE,FALSE
717,1544,Jiya Kulkarni,56,15/11/2024,Male,Instagram,192,96,96,50.00%,0,1,8,41,0.2135416667,2,6,6,Stressed,TRUE,FALSE,FALSE
1794,1545,Diya Kulkarni,32,20/07/2025,Other,Twitter,338,135,203,39.94%,1,1,7.3,26,0.07692307692,2,7,6,Stressed,FALSE,FALSE,FALSE
390,1545,Diya Kulkarni,33,26/03/2024,Male,WhatsApp,330,82,248,24.85%,0,1,7.4,27,0.08181818182,1,6,7,Stressed,TRUE,TRUE,TRUE
3354,1545,Diya Kulkarni,33,27/07/2024,Female,YouTube,349,209,140,59.89%,1,3,7.3,25,0.07163323782,3,7,6,Stressed,TRUE,TRUE,TRUE
418,1546,Diya Kulkarni,35,19/04/2025,Female,WhatsApp,333,83,250,24.92%,0,1,7.3,27,0.08108108108,1,6,7,Stressed,TRUE,FALSE,FALSE
841,1547,Diya Kulkarni,53,13/06/2025,Male,YouTube,169,101,68,59.76%,0,1,8.2,43,0.2544378698,2,6,6,Stressed,TRUE,FALSE,FALSE
2114,1548,Shaurya Gupta,18,12/01/2025,Male,Twitter,380,152,228,40.00%,1,1,7.1,22,0.05789473684,2,7,6,Stressed,FALSE,FALSE,FALSE
2199,1549,Shaurya Gupta,20,24/07/2025,Female,Facebook,446,156,290,34.98%,1,1,6.8,15,0.033632287,2,7,6,Stressed,TRUE,FALSE,FALSE
2265,1550,Shaurya Gupta,27,04/09/2024,Male,Twitter,396,158,238,39.90%,1,1,7,20,0.05050505051,2,7,6,Stressed,TRUE,FALSE,FALSE
3219,1550,Shaurya Gupta,28,22/11/2024,Male,YouTube,335,201,134,60.00%,1,3,7.3,26,0.0776119403,3,7,6,Stressed,TRUE,TRUE,TRUE
391,1551,Shaurya Gupta,36,15/07/2024,Male,Facebook,234,82,152,35.04%,0,1,7.8,37,0.1581196581,1,5,7,Healthy,TRUE,FALSE,FALSE
1507,1552,Shaurya Gupta,41,02/02/2025,Female,Snapchat,229,126,103,55.02%,1,1,7.9,37,0.1615720524,2,6,6,Stressed,TRUE,FALSE,FALSE
793,1553,Shaurya Gupta,44,27/05/2024,Female,Facebook,280,98,182,35.00%,0,1,7.6,32,0.1142857143,2,6,6,Stressed,TRUE,FALSE,FALSE
2031,1554,Suhani Mishra,13,23/08/2024,Female,Facebook,419,147,272,35.08%,1,1,6.9,18,0.04295942721,2,7,6,Stressed,FALSE,FALSE,FALSE
1595,1555,Suhani Mishra,21,26/05/2024,Other,WhatsApp,510,128,382,25.10%,1,1,6.4,9,0.01764705882,2,7,6,Stressed,TRUE,FALSE,FALSE
4054,1556,Suhani Mishra,24,19/01/2025,Male,Snapchat,450,248,202,55.11%,1,2,6.8,15,0.03333333333,3,8,5,Stressed,TRUE,FALSE,FALSE
3980,1556,Suhani Mishra,25,22/04/2025,Other,Instagram,489,244,245,49.90%,1,3,6.6,11,0.02249488753,3,8,5,Stressed,TRUE,TRUE,TRUE
3500,1556,Suhani Mishra,26,07/09/2025,Male,TikTok,335,218,117,65.07%,1,2,7.3,26,0.0776119403,3,7,6,Stressed,TRUE,TRUE,TRUE
393,1557,Suhani Mishra,34,11/03/2025,Male,WhatsApp,328,82,246,25.00%,0,1,7.4,27,0.08231707317,1,6,7,Stressed,TRUE,FALSE,FALSE
1401,1557,Suhani Mishra,34,31/03/2025,Male,Facebook,352,123,229,34.94%,1,1,7.2,25,0.07102272727,2,7,6,Stressed,TRUE,TRUE,TRUE
1030,1558,Suhani Mishra,45,07/07/2025,Male,Twitter,280,112,168,40.00%,1,1,7.6,32,0.1142857143,2,7,6,Stressed,TRUE,FALSE,FALSE
4385,1559,Sonal Chauhan,20,24/02/2024,Male,Snapchat,489,269,220,55.01%,1,2,6.6,11,0.02249488753,3,8,5,Stressed,FALSE,FALSE,FALSE
4288,1559,Sonal Chauhan,21,27/08/2025,Male,Snapchat,472,260,212,55.08%,1,2,6.6,13,0.02754237288,3,8,5,Stressed,TRUE,TRUE,TRUE
805,1560,Sonal Chauhan,35,22/04/2025,Female,WhatsApp,397,99,298,24.94%,0,1,7,20,0.05037783375,2,7,6,Stressed,TRUE,FALSE,FALSE
1397,1561,Sonal Chauhan,37,12/04/2024,Female,YouTube,204,122,82,59.80%,1,2,8,40,0.1960784314,2,6,6,Stressed,TRUE,FALSE,FALSE
2478,1562,Sonal Chauhan,42,09/02/2025,Male,TikTok,258,168,90,65.12%,1,1,7.7,34,0.1317829457,3,7,5,Stressed,TRUE,FALSE,FALSE
540,1562,Sonal Chauhan,43,11/09/2025,Male,Twitter,219,88,131,40.18%,1,1,7.9,38,0.1735159817,2,6,6,Stressed,TRUE,TRUE,TRUE
394,1562,Sonal Chauhan,43,29/02/2024,Male,Facebook,234,82,152,35.04%,0,1,7.8,37,0.1581196581,1,5,7,Healthy,TRUE,TRUE,TRUE
1404,1563,Aarav Banerjee,20,08/04/2025,Female,WhatsApp,492,123,369,25.00%,1,1,6.5,11,0.02235772358,2,7,6,Stressed,FALSE,FALSE,FALSE
4716,1564,Aarav Banerjee,25,17/01/2025,Female,YouTube,491,295,196,60.08%,1,4,6.5,11,0.02240325866,3,8,5,Stressed,TRUE,FALSE,FALSE
395,1565,Aarav Banerjee,27,24/08/2025,Female,WhatsApp,326,82,244,25.15%,0,1,7.4,27,0.08282208589,1,6,7,Stressed,TRUE,FALSE,FALSE
401,1565,Aarav Banerjee,28,16/01/2024,Male,WhatsApp,327,82,245,25.08%,0,1,7.4,27,0.08256880734,1,6,7,Stressed,TRUE,TRUE,TRUE
3679,1566,Aarav Banerjee,32,13/06/2025,Male,YouTube,378,227,151,60.05%,1,3,7.1,22,0.0582010582,3,7,6,Stressed,TRUE,FALSE,FALSE
1310,1567,Aarav Banerjee,36,12/08/2024,Male,Instagram,240,120,120,50.00%,0,2,7.8,36,0.15,2,6,6,Stressed,TRUE,FALSE,FALSE
1111,1568,Aarav Banerjee,43,28/09/2025,Female,Snapchat,207,114,93,55.07%,0,1,8,39,0.1884057971,2,6,6,Stressed,TRUE,FALSE,FALSE
2733,1569,Aarav Mishra,13,11/07/2024,Male,Twitter,449,180,269,40.09%,1,2,6.8,15,0.03340757238,3,8,5,Stressed,FALSE,FALSE,FALSE
1467,1570,Aarav Mishra,22,11/03/2025,Male,WhatsApp,500,125,375,25.00%,1,1,6.5,10,0.02,2,7,6,Stressed,TRUE,FALSE,FALSE
1676,1571,Aarav Mishra,26,17/09/2025,Male,Twitter,328,131,197,39.94%,1,1,7.4,27,0.08231707317,2,7,6,Stressed,TRUE,FALSE,FALSE
396,1572,Aarav Mishra,34,16/10/2024,Male,WhatsApp,327,82,245,25.08%,0,1,7.4,27,0.08256880734,1,6,7,Stressed,TRUE,FALSE,FALSE
4865,1573,Isha Nair,20,05/06/2025,Male,TikTok,478,311,167,65.06%,2,3,6.6,12,0.02510460251,4,9,4,Stressed,FALSE,FALSE,FALSE
4689,1573,Isha Nair,20,02/04/2024,Male,YouTube,489,293,196,59.92%,1,4,6.6,11,0.02249488753,3,8,5,Stressed,TRUE,TRUE,TRUE
3791,1574,Isha Nair,22,17/05/2024,Female,Instagram,469,234,235,49.89%,1,3,6.7,13,0.02771855011,3,8,5,Stressed,TRUE,FALSE,FALSE
1778,1575,Isha Nair,32,03/07/2024,Female,Twitter,336,134,202,39.88%,1,1,7.3,26,0.07738095238,2,7,6,Stressed,TRUE,FALSE,FALSE
397,1576,Isha Nair,36,31/08/2025,Male,Twitter,206,82,124,39.81%,1,1,8,39,0.1893203883,2,6,6,Stressed,TRUE,FALSE,FALSE
2028,1577,Aarohi Deshmukh,13,16/01/2025,Male,Facebook,420,147,273,35.00%,1,1,6.9,18,0.04285714286,2,7,6,Stressed,FALSE,FALSE,FALSE
4507,1578,Aarohi Deshmukh,23,15/10/2025,Female,Snapchat,507,279,228,55.03%,1,2,6.5,9,0.01775147929,3,8,5,Stressed,TRUE,FALSE,FALSE
3417,1579,Aarohi Deshmukh,34,07/12/2024,Male,Snapchat,388,213,175,54.90%,1,2,7.1,21,0.05412371134,3,8,5,Stressed,TRUE,FALSE,FALSE
400,1580,Aarohi Deshmukh,42,08/10/2025,Female,Twitter,205,82,123,40.00%,1,1,8,40,0.1951219512,2,6,6,Stressed,TRUE,FALSE,FALSE
964,1581,Payal Rawat,15,01/10/2025,Female,WhatsApp,437,109,328,24.94%,0,1,6.8,16,0.03661327231,2,7,6,Stressed,FALSE,FALSE,FALSE
405,1582,Payal Rawat,27,31/08/2024,Male,WhatsApp,327,82,245,25.08%,0,1,7.4,27,0.08256880734,1,6,7,Stressed,TRUE,FALSE,FALSE
2244,1583,Payal Rawat,36,27/02/2024,Male,YouTube,262,157,105,59.92%,1,2,7.7,34,0.1297709924,2,6,6,Stressed,TRUE,FALSE,FALSE
704,1584,Payal Rawat,58,15/09/2025,Male,YouTube,158,95,63,60.13%,0,1,8.2,44,0.2784810127,2,6,6,Stressed,TRUE,FALSE,FALSE
3733,1585,Diya Chauhan,13,13/10/2024,Male,Snapchat,418,230,188,55.02%,1,2,6.9,18,0.04306220096,3,8,5,Stressed,FALSE,FALSE,FALSE
408,1586,Diya Chauhan,35,18/03/2025,Female,WhatsApp,329,82,247,24.92%,0,1,7.4,27,0.0820668693,1,6,7,Stressed,TRUE,FALSE,FALSE
4962,1587,Ishaan Kulkarni,22,05/12/2024,Female,TikTok,507,330,177,65.09%,2,3,6.5,9,0.01775147929,4,9,4,Stressed,FALSE,FALSE,FALSE
3301,1588,Ishaan Kulkarni,29,19/09/2025,Male,YouTube,344,206,138,59.88%,1,3,7.3,26,0.07558139535,3,7,6,Stressed,TRUE,FALSE,FALSE
708,1589,Ishaan Kulkarni,41,25/09/2025,Female,Facebook,272,95,177,34.93%,0,1,7.6,33,0.1213235294,2,6,6,Stressed,TRUE,FALSE,FALSE
1653,1590,Ishaan Kulkarni,43,11/03/2025,Male,Instagram,261,130,131,49.81%,1,2,7.7,34,0.1302681992,2,6,6,Stressed,TRUE,FALSE,FALSE
411,1591,Ishaan Kulkarni,64,26/06/2025,Male,Twitter,207,83,124,40.10%,1,1,8,39,0.1884057971,2,6,6,Stressed,TRUE,FALSE,FALSE
2394,1592,Saanvi Nair,13,30/10/2024,Male,Twitter,411,164,247,39.90%,1,1,6.9,19,0.04622871046,3,8,5,Stressed,FALSE,FALSE,FALSE
2456,1593,Saanvi Nair,25,31/10/2024,Other,Facebook,476,167,309,35.08%,1,1,6.6,12,0.02521008403,3,8,5,Stressed,TRUE,FALSE,FALSE
1407,1593,Saanvi Nair,25,15/10/2025,Female,WhatsApp,493,123,370,24.95%,1,1,6.5,11,0.02231237323,2,7,6,Stressed,TRUE,TRUE,TRUE
772,1594,Saanvi Nair,28,12/06/2024,Male,WhatsApp,392,98,294,25.00%,0,1,7,21,0.05357142857,2,6,6,Stressed,TRUE,FALSE,FALSE
3750,1595,Saanvi Nair,30,06/02/2024,Male,YouTube,385,231,154,60.00%,1,3,7.1,22,0.05714285714,3,7,6,Stressed,TRUE,FALSE,FALSE
1739,1595,Saanvi Nair,31,24/10/2024,Female,Twitter,333,133,200,39.94%,1,1,7.3,27,0.08108108108,2,7,6,Stressed,TRUE,TRUE,TRUE
2044,1596,Saanvi Nair,35,19/12/2024,Female,Twitter,369,148,221,40.11%,1,1,7.2,23,0.06233062331,2,7,6,Stressed,TRUE,FALSE,FALSE
1278,1597,Saanvi Nair,37,22/01/2025,Female,Snapchat,216,119,97,55.09%,0,1,7.9,38,0.1759259259,2,6,6,Stressed,TRUE,FALSE,FALSE
412,1598,Saanvi Nair,39,02/10/2025,Male,Facebook,238,83,155,34.87%,0,1,7.8,36,0.1512605042,1,5,7,Healthy,TRUE,FALSE,FALSE
582,1599,Saanvi Nair,43,06/11/2025,Female,Twitter,226,90,136,39.82%,1,1,7.9,37,0.1637168142,2,6,6,Stressed,TRUE,FALSE,FALSE
2274,1599,Saanvi Nair,44,13/10/2024,Female,TikTok,243,158,85,65.02%,1,1,7.8,36,0.1481481481,2,6,6,Stressed,TRUE,TRUE,TRUE
3102,1600,Ananya Mishra,13,03/01/2025,Female,Instagram,392,196,196,50.00%,1,3,7,21,0.05357142857,3,8,5,Stressed,FALSE,FALSE,FALSE
1083,1601,Ananya Mishra,23,18/07/2024,Male,WhatsApp,453,113,340,24.94%,0,1,6.7,15,0.03311258278,2,7,6,Stressed,TRUE,FALSE,FALSE
2774,1601,Ananya Mishra,24,17/01/2024,Male,Twitter,452,181,271,40.04%,1,2,6.7,15,0.03318584071,3,8,5,Stressed,TRUE,TRUE,TRUE
2293,1602,Ananya Mishra,27,05/11/2025,Female,Twitter,398,159,239,39.95%,1,1,7,20,0.05025125628,2,7,6,Stressed,TRUE,FALSE,FALSE
413,1603,Ananya Mishra,49,10/03/2025,Female,Instagram,166,83,83,50.00%,0,1,8.2,43,0.2590361446,1,5,7,Healthy,TRUE,FALSE,FALSE
2986,1604,Reyansh Nair,16,02/08/2024,Female,Instagram,384,192,192,50.00%,1,3,7.1,22,0.05729166667,3,7,6,Stressed,FALSE,FALSE,FALSE
4612,1605,Reyansh Nair,19,23/08/2025,Female,YouTube,478,287,191,60.04%,1,4,6.6,12,0.02510460251,3,8,5,Stressed,TRUE,FALSE,FALSE
4964,1605,Reyansh Nair,19,22/06/2025,Male,TikTok,509,331,178,65.03%,2,3,6.5,9,0.01768172888,4,9,4,Stressed,TRUE,TRUE,TRUE
2330,1606,Reyansh Nair,26,18/07/2025,Female,Instagram,322,161,161,50.00%,1,2,7.4,28,0.08695652174,2,7,6,Stressed,TRUE,FALSE,FALSE
1869,1607,Reyansh Nair,31,19/05/2025,Male,Facebook,393,138,255,35.11%,1,1,7,21,0.0534351145,2,7,6,Stressed,TRUE,FALSE,FALSE
1915,1607,Reyansh Nair,32,26/11/2024,Male,Facebook,400,140,260,35.00%,1,1,7,20,0.05,2,7,6,Stressed,TRUE,TRUE,TRUE
3292,1608,Reyansh Nair,35,01/02/2025,Female,Snapchat,372,205,167,55.11%,1,2,7.1,23,0.06182795699,3,7,6,Stressed,TRUE,FALSE,FALSE
414,1609,Reyansh Nair,40,15/11/2024,Male,Facebook,238,83,155,34.87%,0,1,7.8,36,0.1512605042,1,5,7,Healthy,TRUE,FALSE,FALSE
453,1610,Reyansh Nair,54,04/08/2024,Male,Twitter,212,85,127,40.09%,1,1,7.9,39,0.1839622642,2,6,6,Stressed,TRUE,FALSE,FALSE
3553,1611,Myra Ansari,18,01/06/2024,Female,Snapchat,401,221,180,55.11%,1,2,7,20,0.04987531172,3,8,5,Stressed,FALSE,FALSE,FALSE
2541,1612,Myra Ansari,21,20/10/2025,Male,Facebook,492,172,320,34.96%,1,2,6.5,11,0.02235772358,3,8,5,Stressed,TRUE,FALSE,FALSE
416,1613,Myra Ansari,26,03/09/2025,Female,WhatsApp,333,83,250,24.92%,0,1,7.3,27,0.08108108108,1,6,7,Stressed,TRUE,FALSE,FALSE
2814,1613,Myra Ansari,26,29/04/2025,Female,Instagram,364,182,182,50.00%,1,2,7.2,24,0.06593406593,3,7,6,Stressed,TRUE,TRUE,TRUE
2205,1614,Myra Ansari,30,27/04/2025,Male,Twitter,391,156,235,39.90%,1,1,7,21,0.0537084399,2,7,6,Stressed,TRUE,FALSE,FALSE
4137,1615,Aarohi Verma,13,08/05/2024,Male,YouTube,422,253,169,59.95%,1,3,6.9,18,0.04265402844,3,8,5,Stressed,FALSE,FALSE,FALSE
4150,1616,Aarohi Verma,19,04/03/2024,Female,Instagram,506,253,253,50.00%,1,3,6.5,9,0.01778656126,3,8,5,Stressed,TRUE,FALSE,FALSE
4907,1617,Aarohi Verma,21,15/09/2024,Male,TikTok,491,319,172,64.97%,2,3,6.5,11,0.02240325866,4,9,4,Stressed,TRUE,FALSE,FALSE
2145,1617,Aarohi Verma,22,05/09/2024,Female,Facebook,440,154,286,35.00%,1,1,6.8,16,0.03636363636,2,7,6,Stressed,TRUE,TRUE,TRUE
419,1618,Aarohi Verma,37,09/03/2025,Female,Twitter,207,83,124,40.10%,1,1,8,39,0.1884057971,2,6,6,Stressed,TRUE,FALSE,FALSE
905,1619,Aarohi Verma,69,14/02/2025,Male,YouTube,177,106,71,59.89%,0,1,8.1,42,0.2372881356,2,6,6,Stressed,TRUE,FALSE,FALSE
2792,1620,Meera Gupta,24,09/06/2024,Female,Twitter,453,181,272,39.96%,1,2,6.7,15,0.03311258278,3,8,5,Stressed,FALSE,FALSE,FALSE
2925,1620,Meera Gupta,24,23/10/2025,Female,Twitter,470,188,282,40.00%,1,2,6.6,13,0.02765957447,3,8,5,Stressed,TRUE,TRUE,TRUE
1187,1621,Meera Gupta,39,06/03/2024,Female,Snapchat,210,116,94,55.24%,0,1,8,39,0.1857142857,2,6,6,Stressed,TRUE,FALSE,FALSE
1502,1621,Meera Gupta,40,08/01/2024,Female,Instagram,253,126,127,49.80%,1,2,7.7,35,0.1383399209,2,6,6,Stressed,TRUE,TRUE,TRUE
420,1622,Meera Gupta,53,26/03/2025,Male,Twitter,207,83,124,40.10%,1,1,8,39,0.1884057971,2,6,6,Stressed,TRUE,FALSE,FALSE
4702,1623,Anika Verma,18,21/10/2024,Female,TikTok,453,294,159,64.90%,2,3,6.7,15,0.03311258278,4,9,4,Stressed,FALSE,FALSE,FALSE
4801,1624,Anika Verma,20,09/06/2024,Male,TikTok,467,304,163,65.10%,2,3,6.7,13,0.0278372591,4,9,4,Stressed,TRUE,FALSE,FALSE
4563,1624,Anika Verma,20,23/10/2025,Female,Snapchat,514,283,231,55.06%,1,3,6.4,9,0.01750972763,3,8,5,Stressed,TRUE,TRUE,TRUE
4308,1624,Anika Verma,21,28/02/2024,Male,Snapchat,478,263,215,55.02%,1,2,6.6,12,0.02510460251,3,8,5,Stressed,TRUE,TRUE,TRUE
2833,1624,Anika Verma,21,04/04/2024,Male,Facebook,519,182,337,35.07%,1,2,6.4,8,0.01541425819,3,8,5,Stressed,TRUE,TRUE,TRUE
422,1625,Anika Verma,27,24/02/2024,Male,WhatsApp,332,83,249,25.00%,0,1,7.3,27,0.0813253012,1,6,7,Stressed,TRUE,FALSE,FALSE
2789,1625,Anika Verma,28,27/11/2024,Male,Snapchat,329,181,148,55.02%,1,2,7.4,27,0.0820668693,3,7,6,Stressed,TRUE,TRUE,TRUE
463,1626,Anika Verma,31,22/03/2025,Male,WhatsApp,341,85,256,24.93%,0,1,7.3,26,0.07624633431,1,6,7,Stressed,TRUE,FALSE,FALSE
2358,1626,Anika Verma,32,24/07/2024,Female,Instagram,323,162,161,50.15%,1,2,7.4,28,0.0866873065,2,7,6,Stressed,TRUE,TRUE,TRUE
3379,1626,Anika Verma,33,07/05/2025,Female,Snapchat,384,211,173,54.95%,1,2,7.1,22,0.05729166667,3,7,6,Stressed,TRUE,TRUE,TRUE
3569,1627,Diya Sharma,15,27/06/2025,Male,Instagram,443,222,221,50.11%,1,3,6.8,16,0.03611738149,3,8,5,Stressed,FALSE,FALSE,FALSE
4629,1627,Diya Sharma,16,28/09/2025,Male,TikTok,444,289,155,65.09%,2,3,6.8,16,0.03603603604,4,9,4,Stressed,TRUE,TRUE,TRUE
4122,1628,Diya Sharma,21,04/04/2025,Female,Instagram,504,252,252,50.00%,1,3,6.5,10,0.01984126984,3,8,5,Stressed,TRUE,FALSE,FALSE
4666,1629,Diya Sharma,25,03/10/2024,Female,TikTok,447,291,156,65.10%,2,3,6.8,15,0.03355704698,4,9,4,Stressed,TRUE,FALSE,FALSE
3318,1630,Diya Sharma,29,26/01/2025,Male,Snapchat,377,207,170,54.91%,1,2,7.1,22,0.05835543767,3,7,6,Stressed,TRUE,FALSE,FALSE
425,1631,Diya Sharma,37,06/02/2025,Female,Facebook,237,83,154,35.02%,0,1,7.8,36,0.1518987342,1,5,7,Healthy,TRUE,FALSE,FALSE
1820,1632,Diya Sharma,39,10/05/2025,Female,Snapchat,247,136,111,55.06%,1,1,7.8,35,0.1417004049,2,6,6,Stressed,TRUE,FALSE,FALSE
4806,1633,Kavya Joshi,19,01/03/2024,Male,YouTube,508,305,203,60.04%,1,4,6.5,9,0.01771653543,3,8,5,Stressed,FALSE,FALSE,FALSE
4071,1634,Kavya Joshi,24,31/12/2024,Male,Instagram,498,249,249,50.00%,1,3,6.5,10,0.02008032129,3,8,5,Stressed,TRUE,FALSE,FALSE
3449,1635,Kavya Joshi,28,03/06/2024,Male,TikTok,329,214,115,65.05%,1,2,7.4,27,0.0820668693,3,7,6,Stressed,TRUE,FALSE,FALSE
3479,1635,Kavya Joshi,28,23/07/2025,Male,YouTube,360,216,144,60.00%,1,3,7.2,24,0.06666666667,3,7,6,Stressed,TRUE,TRUE,TRUE
3212,1636,Kavya Joshi,31,24/05/2024,Male,YouTube,335,201,134,60.00%,1,3,7.3,26,0.0776119403,3,7,6,Stressed,TRUE,FALSE,FALSE
426,1637,Kavya Joshi,39,31/07/2025,Male,Facebook,236,83,153,35.17%,0,1,7.8,36,0.1525423729,1,5,7,Healthy,TRUE,FALSE,FALSE
4491,1638,Aarohi Patel,13,16/05/2024,Male,TikTok,427,278,149,65.11%,2,2,6.9,17,0.03981264637,4,9,4,Stressed,FALSE,FALSE,FALSE
3778,1639,Aarohi Patel,16,09/07/2025,Male,Snapchat,423,233,190,55.08%,1,2,6.9,18,0.04255319149,3,8,5,Stressed,TRUE,FALSE,FALSE
2620,1640,Aarohi Patel,19,14/03/2024,Male,Facebook,499,175,324,35.07%,1,2,6.5,10,0.02004008016,3,8,5,Stressed,TRUE,FALSE,FALSE
2326,1641,Aarohi Patel,23,16/01/2025,Female,Facebook,457,160,297,35.01%,1,1,6.7,14,0.0306345733,2,7,6,Stressed,TRUE,FALSE,FALSE
4351,1641,Aarohi Patel,24,01/03/2025,Female,Snapchat,484,266,218,54.96%,1,2,6.6,12,0.02479338843,3,8,5,Stressed,TRUE,TRUE,TRUE
4884,1641,Aarohi Patel,25,14/07/2025,Male,TikTok,483,314,169,65.01%,2,3,6.6,12,0.0248447205,4,9,4,Stressed,TRUE,TRUE,TRUE
762,1642,Aarohi Patel,28,14/05/2024,Male,WhatsApp,394,98,296,24.87%,0,1,7,21,0.05329949239,2,6,6,Stressed,TRUE,FALSE,FALSE
2000,1642,Aarohi Patel,29,10/03/2024,Female,Twitter,362,145,217,40.06%,1,1,7.2,24,0.06629834254,2,7,6,Stressed,TRUE,TRUE,TRUE
2259,1643,Aarohi Patel,32,04/07/2024,Female,Twitter,394,158,236,40.10%,1,1,7,21,0.05329949239,2,7,6,Stressed,TRUE,FALSE,FALSE
1341,1644,Aarohi Patel,39,08/01/2025,Female,Snapchat,220,121,99,55.00%,1,1,7.9,38,0.1727272727,2,6,6,Stressed,TRUE,FALSE,FALSE
2327,1645,Aarohi Patel,41,25/05/2025,Male,TikTok,248,161,87,64.92%,1,1,7.8,35,0.1411290323,2,6,6,Stressed,TRUE,FALSE,FALSE
427,1646,Aarohi Patel,65,13/03/2024,Male,Snapchat,151,83,68,54.97%,0,1,8.2,45,0.298013245,1,5,7,Healthy,TRUE,FALSE,FALSE
4872,1647,Reyansh Verma,23,04/02/2024,Female,TikTok,480,312,168,65.00%,2,3,6.6,12,0.025,4,9,4,Stressed,FALSE,FALSE,FALSE
4473,1647,Reyansh Verma,24,16/09/2025,Male,YouTube,458,275,183,60.04%,1,4,6.7,14,0.03056768559,3,8,5,Stressed,TRUE,TRUE,TRUE
428,1648,Reyansh Verma,40,02/10/2024,Male,Twitter,210,84,126,40.00%,1,1,8,39,0.1857142857,2,6,6,Stressed,TRUE,FALSE,FALSE
2178,1649,Kavya Menon,23,15/05/2025,Male,Facebook,443,155,288,34.99%,1,1,6.8,16,0.03611738149,2,7,6,Stressed,FALSE,FALSE,FALSE
4557,1650,Kavya Menon,25,11/02/2025,Female,YouTube,471,283,188,60.08%,1,4,6.6,13,0.02760084926,3,8,5,Stressed,TRUE,FALSE,FALSE
3474,1650,Kavya Menon,26,27/12/2024,Female,TikTok,332,216,116,65.06%,1,2,7.3,27,0.0813253012,3,7,6,Stressed,TRUE,TRUE,TRUE
3329,1651,Kavya Menon,29,25/04/2024,Male,Snapchat,377,207,170,54.91%,1,2,7.1,22,0.05835543767,3,7,6,Stressed,TRUE,FALSE,FALSE
564,1652,Kavya Menon,37,28/04/2025,Female,Facebook,253,89,164,35.18%,0,1,7.7,35,0.1383399209,1,5,7,At_Risk,TRUE,FALSE,FALSE
429,1653,Kavya Menon,60,25/03/2024,Male,Instagram,168,84,84,50.00%,0,1,8.2,43,0.255952381,1,5,7,Healthy,TRUE,FALSE,FALSE
3341,1654,Myra Banerjee,13,02/04/2024,Male,Instagram,415,208,207,50.12%,1,3,6.9,18,0.04337349398,3,8,5,Stressed,FALSE,FALSE,FALSE
2664,1655,Myra Banerjee,20,09/05/2024,Male,Facebook,506,177,329,34.98%,1,2,6.5,9,0.01778656126,3,8,5,Stressed,TRUE,FALSE,FALSE
4354,1655,Myra Banerjee,21,06/12/2024,Female,YouTube,445,267,178,60.00%,1,4,6.8,16,0.03595505618,3,8,5,Stressed,TRUE,TRUE,TRUE
4968,1656,Myra Banerjee,23,07/04/2024,Male,TikTok,511,332,179,64.97%,2,3,6.4,9,0.01761252446,4,9,4,Stressed,TRUE,FALSE,FALSE
4498,1656,Myra Banerjee,24,06/04/2024,Male,Snapchat,506,278,228,54.94%,1,2,6.5,9,0.01778656126,3,8,5,Stressed,TRUE,TRUE,TRUE
3204,1657,Myra Banerjee,30,24/03/2025,Male,Instagram,400,200,200,50.00%,1,3,7,20,0.05,3,8,5,Stressed,TRUE,FALSE,FALSE
2685,1658,Myra Banerjee,32,04/04/2025,Male,Instagram,355,178,177,50.14%,1,2,7.2,24,0.0676056338,3,7,6,Stressed,TRUE,FALSE,FALSE
3882,1659,Myra Banerjee,34,09/02/2024,Female,YouTube,397,238,159,59.95%,1,3,7,20,0.05037783375,3,8,5,Stressed,TRUE,FALSE,FALSE
432,1659,Myra Banerjee,35,11/02/2025,Female,WhatsApp,336,84,252,25.00%,0,1,7.3,26,0.07738095238,1,6,7,Stressed,TRUE,TRUE,TRUE
2342,1660,Myra Banerjee,45,15/10/2024,Female,YouTube,268,161,107,60.07%,1,2,7.7,33,0.1231343284,2,6,6,Stressed,TRUE,FALSE,FALSE
4434,1661,Saanvi Reddy,19,23/02/2024,Male,YouTube,455,273,182,60.00%,1,4,6.7,14,0.03076923077,3,8,5,Stressed,FALSE,FALSE,FALSE
4284,1662,Saanvi Reddy,21,04/12/2024,Other,Snapchat,473,260,213,54.97%,1,2,6.6,13,0.02748414376,3,8,5,Stressed,TRUE,FALSE,FALSE
3545,1662,Saanvi Reddy,22,30/09/2024,Female,Instagram,440,220,220,50.00%,1,3,6.8,16,0.03636363636,3,8,5,Stressed,TRUE,TRUE,TRUE
2048,1663,Saanvi Reddy,27,13/08/2025,Male,Twitter,370,148,222,40.00%,1,1,7.2,23,0.06216216216,2,7,6,Stressed,TRUE,FALSE,FALSE
437,1664,Saanvi Reddy,30,27/09/2025,Male,WhatsApp,336,84,252,25.00%,0,1,7.3,26,0.07738095238,1,6,7,Stressed,TRUE,FALSE,FALSE
1103,1665,Saanvi Reddy,49,06/07/2024,Female,Snapchat,206,113,93,54.85%,0,1,8,39,0.1893203883,2,6,6,Stressed,TRUE,FALSE,FALSE
4781,1666,Meera Shinde,19,01/07/2025,Male,TikTok,464,302,162,65.09%,2,3,6.7,14,0.03017241379,4,9,4,Stressed,FALSE,FALSE,FALSE
1433,1666,Meera Shinde,19,16/09/2025,Male,WhatsApp,495,124,371,25.05%,1,1,6.5,10,0.0202020202,2,7,6,Stressed,TRUE,TRUE,TRUE
1615,1666,Meera Shinde,19,21/01/2025,Male,WhatsApp,517,129,388,24.95%,1,1,6.4,8,0.01547388781,2,7,6,Stressed,TRUE,TRUE,TRUE
1314,1667,Meera Shinde,25,02/11/2025,Male,WhatsApp,478,120,358,25.10%,0,1,6.6,12,0.02510460251,2,7,6,Stressed,TRUE,FALSE,FALSE
1104,1668,Meera Shinde,35,04/11/2024,Male,Facebook,322,113,209,35.09%,0,1,7.4,28,0.08695652174,2,6,6,Stressed,TRUE,FALSE,FALSE
440,1669,Meera Shinde,37,17/04/2025,Male,Facebook,240,84,156,35.00%,0,1,7.8,36,0.15,1,5,7,At_Risk,TRUE,FALSE,FALSE
4775,1670,Aditi Saxena,19,31/10/2025,Female,YouTube,504,302,202,59.92%,1,4,6.5,10,0.01984126984,3,8,5,Stressed,FALSE,FALSE,FALSE
1611,1670,Aditi Saxena,20,05/09/2024,Male,WhatsApp,517,129,388,24.95%,1,1,6.4,8,0.01547388781,2,7,6,Stressed,TRUE,TRUE,TRUE
4734,1670,Aditi Saxena,21,31/03/2025,Male,TikTok,458,298,160,65.07%,2,3,6.7,14,0.03056768559,4,9,4,Stressed,TRUE,TRUE,TRUE
441,1671,Aditi Saxena,26,28/05/2025,Female,WhatsApp,338,84,254,24.85%,0,1,7.3,26,0.07692307692,1,6,7,Stressed,TRUE,FALSE,FALSE
1806,1672,Aditi Saxena,35,18/07/2024,Female,Facebook,389,136,253,34.96%,1,1,7.1,21,0.05398457584,2,7,6,Stressed,TRUE,FALSE,FALSE
1151,1673,Arjun Deshmukh,20,06/08/2025,Male,WhatsApp,461,115,346,24.95%,0,1,6.7,14,0.03036876356,2,7,6,Stressed,FALSE,FALSE,FALSE
1425,1673,Arjun Deshmukh,21,20/11/2024,Female,WhatsApp,492,123,369,25.00%,1,1,6.5,11,0.02235772358,2,7,6,Stressed,TRUE,TRUE,TRUE
4738,1674,Arjun Deshmukh,24,27/08/2024,Female,YouTube,496,298,198,60.08%,1,4,6.5,10,0.02016129032,3,8,5,Stressed,TRUE,FALSE,FALSE
1672,1675,Arjun Deshmukh,32,21/02/2024,Female,Twitter,325,130,195,40.00%,1,1,7.4,28,0.08615384615,2,7,6,Stressed,TRUE,FALSE,FALSE
1852,1676,Arjun Deshmukh,35,09/08/2024,Male,Facebook,392,137,255,34.95%,1,1,7,21,0.05357142857,2,7,6,Stressed,TRUE,FALSE,FALSE
1724,1677,Arjun Deshmukh,41,23/03/2024,Female,Snapchat,241,133,108,55.19%,1,1,7.8,36,0.1493775934,2,6,6,Stressed,TRUE,FALSE,FALSE
781,1678,Arjun Deshmukh,44,03/01/2024,Female,Twitter,245,98,147,40.00%,1,1,7.8,36,0.1469387755,2,6,6,Stressed,TRUE,FALSE,FALSE
442,1679,Arjun Deshmukh,55,26/01/2024,Male,YouTube,140,84,56,60.00%,0,1,8.3,46,0.3285714286,1,5,7,Healthy,TRUE,FALSE,FALSE
2871,1680,Kavya Naidu,13,21/08/2025,Male,Twitter,460,184,276,40.00%,1,2,6.7,14,0.03043478261,3,8,5,Stressed,FALSE,FALSE,FALSE
3277,1681,Kavya Naidu,19,13/08/2025,Female,Twitter,513,205,308,39.96%,1,2,6.4,9,0.01754385965,3,8,5,Stressed,TRUE,FALSE,FALSE
3149,1682,Kavya Naidu,25,22/06/2025,Male,Twitter,495,198,297,40.00%,1,2,6.5,10,0.0202020202,3,8,5,Stressed,TRUE,FALSE,FALSE
2203,1682,Kavya Naidu,26,11/09/2025,Male,Twitter,391,156,235,39.90%,1,1,7,21,0.0537084399,2,7,6,Stressed,TRUE,TRUE,TRUE
3781,1683,Kavya Naidu,29,21/07/2025,Male,TikTok,358,233,125,65.08%,2,2,7.2,24,0.06703910615,3,8,5,Stressed,TRUE,FALSE,FALSE
3877,1683,Kavya Naidu,29,03/05/2024,Female,YouTube,396,238,158,60.10%,1,3,7,20,0.05050505051,3,8,5,Stressed,TRUE,TRUE,TRUE
3558,1683,Kavya Naidu,30,16/02/2024,Female,YouTube,369,221,148,59.89%,1,3,7.2,23,0.06233062331,3,7,6,Stressed,TRUE,TRUE,TRUE
444,1684,Kavya Naidu,35,03/08/2024,Female,WhatsApp,335,84,251,25.07%,0,1,7.3,26,0.0776119403,1,6,7,Stressed,TRUE,FALSE,FALSE
3076,1684,Kavya Naidu,35,05/05/2025,Male,Snapchat,355,195,160,54.93%,1,2,7.2,24,0.0676056338,3,7,6,Stressed,TRUE,TRUE,TRUE
2322,1685,Kavya Naidu,37,08/07/2025,Female,YouTube,267,160,107,59.93%,1,2,7.7,33,0.1235955056,2,6,6,Stressed,TRUE,FALSE,FALSE
2023,1686,Avni Yadav,17,29/01/2024,Male,Facebook,416,146,270,35.10%,1,1,6.9,18,0.04326923077,2,7,6,Stressed,FALSE,FALSE,FALSE
3715,1687,Avni Yadav,19,07/07/2025,Female,Instagram,458,229,229,50.00%,1,3,6.7,14,0.03056768559,3,8,5,Stressed,TRUE,FALSE,FALSE
2842,1688,Avni Yadav,22,20/04/2025,Male,Twitter,458,183,275,39.96%,1,2,6.7,14,0.03056768559,3,8,5,Stressed,TRUE,FALSE,FALSE
4185,1689,Avni Yadav,25,05/07/2024,Male,Instagram,510,255,255,50.00%,1,3,6.4,9,0.01764705882,3,8,5,Stressed,TRUE,FALSE,FALSE
1824,1690,Avni Yadav,27,12/05/2024,Female,Twitter,341,136,205,39.88%,1,1,7.3,26,0.07624633431,2,7,6,Stressed,TRUE,FALSE,FALSE
3350,1690,Avni Yadav,27,14/03/2025,Female,YouTube,349,209,140,59.89%,1,3,7.3,25,0.07163323782,3,7,6,Stressed,TRUE,TRUE,TRUE
445,1691,Avni Yadav,41,15/01/2024,Female,Facebook,240,84,156,35.00%,0,1,7.8,36,0.15,1,5,7,At_Risk,TRUE,FALSE,FALSE
2712,1692,Krishna Kale,14,03/04/2024,Female,Twitter,448,179,269,39.96%,1,2,6.8,15,0.03348214286,3,8,5,Stressed,FALSE,FALSE,FALSE
943,1693,Krishna Kale,17,29/06/2024,Male,WhatsApp,431,108,323,25.06%,0,1,6.8,17,0.03944315545,2,7,6,Stressed,TRUE,FALSE,FALSE
2361,1693,Krishna Kale,18,21/03/2024,Male,Twitter,406,162,244,39.90%,1,1,7,19,0.04679802956,2,7,6,Stressed,TRUE,TRUE,TRUE
2255,1693,Krishna Kale,19,24/10/2025,Male,Facebook,452,158,294,34.96%,1,1,6.7,15,0.03318584071,2,7,6,Stressed,TRUE,TRUE,TRUE
4825,1693,Krishna Kale,19,02/07/2025,Male,YouTube,512,307,205,59.96%,1,4,6.4,9,0.017578125,3,8,5,Stressed,TRUE,TRUE,TRUE
3720,1694,Krishna Kale,26,20/08/2024,Female,YouTube,381,229,152,60.10%,1,3,7.1,22,0.05774278215,3,7,6,Stressed,TRUE,FALSE,FALSE
446,1695,Krishna Kale,31,10/09/2024,Male,WhatsApp,334,84,250,25.15%,0,1,7.3,27,0.08083832335,1,6,7,Stressed,TRUE,FALSE,FALSE
1737,1696,Krishna Kale,37,14/08/2024,Male,Snapchat,242,133,109,54.96%,1,1,7.8,36,0.1487603306,2,6,6,Stressed,TRUE,FALSE,FALSE
914,1697,Krishna Kale,43,24/01/2024,Female,Twitter,265,106,159,40.00%,1,1,7.7,34,0.1283018868,2,6,6,Stressed,TRUE,FALSE,FALSE
3386,1698,Payal Patel,15,12/07/2025,Female,Snapchat,383,211,172,55.09%,1,2,7.1,22,0.05744125326,3,7,6,Stressed,FALSE,FALSE,FALSE
3221,1699,Payal Patel,17,14/02/2025,Male,Instagram,403,202,201,50.12%,1,3,7,20,0.04962779156,3,8,5,Stressed,TRUE,FALSE,FALSE
2221,1700,Payal Patel,19,15/02/2024,Female,Facebook,449,157,292,34.97%,1,1,6.8,15,0.03340757238,2,7,6,Stressed,TRUE,FALSE,FALSE
4551,1700,Payal Patel,19,19/02/2025,Male,YouTube,472,283,189,59.96%,1,4,6.6,13,0.02754237288,3,8,5,Stressed,TRUE,TRUE,TRUE
3880,1700,Payal Patel,20,18/10/2024,Female,Instagram,477,238,239,49.90%,1,3,6.6,12,0.0251572327,3,8,5,Stressed,TRUE,TRUE,TRUE
4409,1701,Payal Patel,23,31/10/2025,Female,YouTube,452,271,181,59.96%,1,4,6.7,15,0.03318584071,3,8,5,Stressed,TRUE,FALSE,FALSE
1673,1702,Payal Patel,34,14/08/2024,Female,Twitter,324,130,194,40.12%,1,1,7.4,28,0.08641975309,2,7,6,Stressed,TRUE,FALSE,FALSE
447,1703,Payal Patel,45,02/07/2025,Female,Twitter,210,84,126,40.00%,1,1,8,39,0.1857142857,2,6,6,Stressed,TRUE,FALSE,FALSE
2041,1704,Meera Roy,15,25/09/2025,Female,Facebook,423,148,275,34.99%,1,1,6.9,18,0.04255319149,2,7,6,Stressed,FALSE,FALSE,FALSE
3066,1705,Meera Roy,19,19/01/2025,Female,Twitter,487,195,292,40.04%,1,2,6.6,11,0.02258726899,3,8,5,Stressed,TRUE,FALSE,FALSE
1203,1705,Meera Roy,20,13/08/2024,Female,WhatsApp,462,116,346,25.11%,0,1,6.7,14,0.0303030303,2,7,6,Stressed,TRUE,TRUE,TRUE
2289,1706,Meera Roy,23,01/04/2024,Female,Facebook,455,159,296,34.95%,1,1,6.7,14,0.03076923077,2,7,6,Stressed,TRUE,FALSE,FALSE
3006,1707,Meera Roy,28,09/02/2024,Female,Instagram,383,192,191,50.13%,1,3,7.1,22,0.05744125326,3,7,6,Stressed,TRUE,FALSE,FALSE
799,1708,Meera Roy,30,21/08/2025,Male,WhatsApp,395,99,296,25.06%,0,1,7,20,0.05063291139,2,7,6,Stressed,TRUE,FALSE,FALSE
639,1709,Meera Roy,33,22/03/2025,Male,WhatsApp,370,92,278,24.86%,0,1,7.2,23,0.06216216216,2,6,6,Stressed,TRUE,FALSE,FALSE
448,1710,Meera Roy,38,07/02/2024,Male,Twitter,209,84,125,40.19%,1,1,8,39,0.1866028708,2,6,6,Stressed,TRUE,FALSE,FALSE
1649,1711,Vihaan Kulkarni,21,06/02/2024,Female,WhatsApp,519,130,389,25.05%,1,1,6.4,8,0.01541425819,2,7,6,Stressed,FALSE,FALSE,FALSE
3345,1712,Vihaan Kulkarni,30,04/04/2025,Other,YouTube,346,208,138,60.12%,1,3,7.3,25,0.07225433526,3,7,6,Stressed,TRUE,FALSE,FALSE
450,1712,Vihaan Kulkarni,31,03/04/2024,Male,WhatsApp,337,84,253,24.93%,0,1,7.3,26,0.07715133531,1,6,7,Stressed,TRUE,TRUE,TRUE
3999,1713,Riya Pawar,18,04/08/2024,Female,YouTube,410,246,164,60.00%,1,3,7,19,0.04634146341,3,8,5,Stressed,FALSE,FALSE,FALSE
2260,1713,Riya Pawar,18,01/11/2024,Female,Facebook,451,158,293,35.03%,1,1,6.7,15,0.0332594235,2,7,6,Stressed,TRUE,TRUE,TRUE
1125,1713,Riya Pawar,19,11/06/2024,Female,WhatsApp,454,114,340,25.11%,0,1,6.7,15,0.03303964758,2,7,6,Stressed,TRUE,TRUE,TRUE
4694,1714,Riya Pawar,24,19/12/2024,Female,TikTok,451,293,158,64.97%,2,3,6.7,15,0.0332594235,4,9,4,Stressed,TRUE,FALSE,FALSE
557,1715,Riya Pawar,43,20/12/2024,Female,Facebook,254,89,165,35.04%,0,1,7.7,35,0.1377952756,1,5,7,At_Risk,TRUE,FALSE,FALSE
587,1716,Riya Pawar,45,06/03/2024,Male,Twitter,224,90,134,40.18%,1,1,7.9,38,0.1696428571,2,6,6,Stressed,TRUE,FALSE,FALSE
451,1717,Riya Pawar,52,28/09/2024,Female,Snapchat,153,84,69,54.90%,0,1,8.2,45,0.2941176471,1,5,7,Healthy,TRUE,FALSE,FALSE
3853,1718,Aarav Ansari,17,26/07/2025,Female,Snapchat,431,237,194,54.99%,1,2,6.8,17,0.03944315545,3,8,5,Stressed,FALSE,FALSE,FALSE
2856,1718,Aarav Ansari,17,30/03/2025,Female,Twitter,459,184,275,40.09%,1,2,6.7,14,0.03050108932,3,8,5,Stressed,TRUE,TRUE,TRUE
3009,1719,Aarav Ansari,22,17/04/2024,Female,Twitter,481,192,289,39.92%,1,2,6.6,12,0.02494802495,3,8,5,Stressed,TRUE,FALSE,FALSE
454,1720,Aarav Ansari,26,20/10/2024,Male,WhatsApp,339,85,254,25.07%,0,1,7.3,26,0.07669616519,1,6,7,Stressed,TRUE,FALSE,FALSE
1999,1721,Aarav Ansari,45,30/04/2024,Female,YouTube,241,145,96,60.17%,1,2,7.8,36,0.1493775934,2,6,6,Stressed,TRUE,FALSE,FALSE
4524,1722,Isha Ansari,20,06/11/2024,Male,Snapchat,510,280,230,54.90%,1,2,6.4,9,0.01764705882,3,8,5,Stressed,FALSE,FALSE,FALSE
3773,1723,Isha Ansari,25,07/10/2025,Male,Instagram,464,232,232,50.00%,1,3,6.7,14,0.03017241379,3,8,5,Stressed,TRUE,FALSE,FALSE
2920,1724,Isha Ansari,32,30/08/2024,Female,Instagram,374,187,187,50.00%,1,2,7.1,23,0.0614973262,3,7,6,Stressed,TRUE,FALSE,FALSE
455,1725,Isha Ansari,60,16/04/2025,Male,Snapchat,155,85,70,54.84%,0,1,8.2,44,0.2838709677,1,5,7,Healthy,TRUE,FALSE,FALSE
4632,1726,Aditi Choudhary,20,25/01/2024,Female,TikTok,444,289,155,65.09%,2,3,6.8,16,0.03603603604,4,9,4,Stressed,FALSE,FALSE,FALSE
2480,1727,Aditi Choudhary,25,22/11/2024,Female,Facebook,479,168,311,35.07%,1,1,6.6,12,0.02505219207,3,8,5,Stressed,TRUE,FALSE,FALSE
456,1728,Aditi Choudhary,27,07/05/2025,Male,WhatsApp,341,85,256,24.93%,0,1,7.3,26,0.07624633431,1,6,7,Stressed,TRUE,FALSE,FALSE
3311,1729,Aditi Choudhary,29,02/11/2025,Female,YouTube,344,206,138,59.88%,1,3,7.3,26,0.07558139535,3,7,6,Stressed,TRUE,FALSE,FALSE
1602,1730,Aditi Choudhary,46,02/05/2024,Female,TikTok,197,128,69,64.97%,1,1,8,40,0.2030456853,2,6,6,Stressed,TRUE,FALSE,FALSE
4661,1731,Suhani Menon,25,04/07/2024,Female,TikTok,447,291,156,65.10%,2,3,6.8,15,0.03355704698,4,9,4,Stressed,FALSE,FALSE,FALSE
2731,1732,Suhani Menon,30,02/02/2025,Male,Snapchat,326,179,147,54.91%,1,2,7.4,27,0.08282208589,3,7,6,Stressed,TRUE,FALSE,FALSE
3022,1733,Suhani Menon,32,11/08/2025,Male,Snapchat,350,193,157,55.14%,1,2,7.2,25,0.07142857143,3,7,6,Stressed,TRUE,FALSE,FALSE
897,1734,Suhani Menon,38,31/03/2024,Male,Twitter,262,105,157,40.08%,1,1,7.7,34,0.1297709924,2,6,6,Stressed,TRUE,FALSE,FALSE
470,1735,Suhani Menon,46,28/02/2024,Male,Snapchat,155,85,70,54.84%,0,1,8.2,44,0.2838709677,1,5,7,Healthy,TRUE,FALSE,FALSE
457,1736,Suhani Menon,50,08/10/2025,Male,Snapchat,154,85,69,55.19%,0,1,8.2,45,0.2922077922,1,5,7,Healthy,TRUE,FALSE,FALSE
773,1737,Ishaan Naidu,13,10/08/2024,Male,WhatsApp,390,98,292,25.13%,0,1,7,21,0.05384615385,2,6,6,Stressed,FALSE,FALSE,FALSE
3013,1738,Ishaan Naidu,23,19/06/2024,Male,Twitter,483,193,290,39.96%,1,2,6.6,12,0.0248447205,3,8,5,Stressed,TRUE,FALSE,FALSE
459,1739,Ishaan Naidu,40,19/05/2025,Male,Facebook,244,85,159,34.84%,0,1,7.8,36,0.1475409836,1,5,7,At_Risk,TRUE,FALSE,FALSE
2209,1740,Ishaan Naidu,44,21/09/2025,Female,TikTok,240,156,84,65.00%,1,1,7.8,36,0.15,2,6,6,Stressed,TRUE,FALSE,FALSE
2689,1740,Ishaan Naidu,44,01/05/2025,Female,TikTok,274,178,96,64.96%,1,2,7.6,33,0.1204379562,3,7,6,Stressed,TRUE,TRUE,TRUE
926,1741,Aditya Nair,16,28/08/2025,Male,WhatsApp,427,107,320,25.06%,0,1,6.9,17,0.03981264637,2,7,6,Stressed,FALSE,FALSE,FALSE
2520,1742,Aditya Nair,20,02/11/2024,Male,Facebook,488,171,317,35.04%,1,2,6.6,11,0.02254098361,3,8,5,Stressed,TRUE,FALSE,FALSE
3213,1743,Aditya Nair,25,02/07/2025,Male,Twitter,502,201,301,40.04%,1,2,6.5,10,0.01992031873,3,8,5,Stressed,TRUE,FALSE,FALSE
1832,1744,Aditya Nair,30,11/12/2024,Male,Twitter,339,136,203,40.12%,1,1,7.3,26,0.07669616519,2,7,6,Stressed,TRUE,FALSE,FALSE
1838,1745,Aditya Nair,32,13/10/2024,Female,Twitter,343,137,206,39.94%,1,1,7.3,26,0.07580174927,2,7,6,Stressed,TRUE,FALSE,FALSE
1606,1746,Aditya Nair,34,28/03/2025,Male,Facebook,369,129,240,34.96%,1,1,7.2,23,0.06233062331,2,7,6,Stressed,TRUE,FALSE,FALSE
668,1746,Aditya Nair,34,16/03/2024,Male,WhatsApp,375,94,281,25.07%,0,1,7.1,22,0.05866666667,2,6,6,Stressed,TRUE,TRUE,TRUE
802,1747,Aditya Nair,39,04/09/2024,Female,Twitter,247,99,148,40.08%,1,1,7.8,35,0.1417004049,2,6,6,Stressed,TRUE,FALSE,FALSE
461,1748,Aditya Nair,48,12/11/2025,Male,Twitter,213,85,128,39.91%,1,1,7.9,39,0.1830985915,2,6,6,Stressed,TRUE,FALSE,FALSE
1206,1749,Aditya Nair,65,28/07/2024,Female,TikTok,179,116,63,64.80%,1,1,8.1,42,0.2346368715,2,6,6,Stressed,TRUE,FALSE,FALSE
3840,1750,Aarav Shetty,14,25/01/2025,Other,Snapchat,431,237,194,54.99%,1,2,6.8,17,0.03944315545,3,8,5,Stressed,FALSE,FALSE,FALSE
3668,1751,Aarav Shetty,17,20/04/2024,Male,Snapchat,413,227,186,54.96%,1,2,6.9,19,0.04600484262,3,8,5,Stressed,TRUE,FALSE,FALSE
3464,1752,Aarav Shetty,28,02/03/2025,Female,Snapchat,393,216,177,54.96%,1,2,7,21,0.0534351145,3,8,5,Stressed,TRUE,FALSE,FALSE
462,1753,Aarav Shetty,45,09/12/2024,Male,Twitter,213,85,128,39.91%,1,1,7.9,39,0.1830985915,2,6,6,Stressed,TRUE,FALSE,FALSE
2674,1754,Myra Rawat,22,06/05/2024,Male,Twitter,443,177,266,39.95%,1,2,6.8,16,0.03611738149,3,8,5,Stressed,FALSE,FALSE,FALSE
4493,1754,Myra Rawat,23,23/08/2025,Female,Snapchat,506,278,228,54.94%,1,2,6.5,9,0.01778656126,3,8,5,Stressed,TRUE,TRUE,TRUE
2631,1755,Myra Rawat,30,03/08/2024,Male,Snapchat,320,176,144,55.00%,1,2,7.4,28,0.0875,3,7,6,Stressed,TRUE,FALSE,FALSE
4011,1756,Myra Rawat,34,26/06/2025,Female,TikTok,378,246,132,65.08%,2,2,7.1,22,0.0582010582,4,8,5,Stressed,TRUE,FALSE,FALSE
464,1757,Myra Rawat,37,25/07/2024,Female,Twitter,213,85,128,39.91%,1,1,7.9,39,0.1830985915,2,6,6,Stressed,TRUE,FALSE,FALSE
3814,1758,Neha Joshi,19,25/08/2025,Female,Instagram,470,235,235,50.00%,1,3,6.6,13,0.02765957447,3,8,5,Stressed,FALSE,FALSE,FALSE
490,1759,Neha Joshi,27,06/07/2024,Male,WhatsApp,343,86,257,25.07%,0,1,7.3,26,0.07580174927,1,6,7,Stressed,TRUE,FALSE,FALSE
465,1760,Neha Joshi,38,25/03/2024,Male,Facebook,243,85,158,34.98%,0,1,7.8,36,0.1481481481,1,5,7,At_Risk,TRUE,FALSE,FALSE
519,1761,Neha Joshi,42,28/09/2025,Female,Twitter,221,88,133,39.82%,1,1,7.9,38,0.1719457014,2,6,6,Stressed,TRUE,FALSE,FALSE
4382,1762,Diya Patel,16,02/12/2024,Female,TikTok,412,268,144,65.05%,2,2,6.9,19,0.04611650485,4,9,4,Stressed,FALSE,FALSE,FALSE
4100,1762,Diya Patel,17,08/02/2025,Female,Snapchat,456,251,205,55.04%,1,2,6.7,14,0.03070175439,3,8,5,Stressed,TRUE,TRUE,TRUE
3486,1763,Diya Patel,28,17/09/2025,Female,Snapchat,395,217,178,54.94%,1,2,7,20,0.05063291139,3,8,5,Stressed,TRUE,FALSE,FALSE
1769,1764,Diya Patel,30,25/09/2024,Male,Twitter,335,134,201,40.00%,1,1,7.3,26,0.0776119403,2,7,6,Stressed,TRUE,FALSE,FALSE
3415,1765,Diya Patel,32,30/07/2025,Female,YouTube,355,213,142,60.00%,1,3,7.2,24,0.0676056338,3,7,6,Stressed,TRUE,FALSE,FALSE
467,1766,Diya Patel,58,04/11/2025,Male,YouTube,141,85,56,60.28%,0,1,8.3,46,0.3262411348,1,5,7,Healthy,TRUE,FALSE,FALSE
2763,1767,Ananya Gupta,13,10/04/2025,Female,Twitter,449,180,269,40.09%,1,2,6.8,15,0.03340757238,3,8,5,Stressed,FALSE,FALSE,FALSE
3336,1768,Ananya Gupta,26,18/02/2025,Female,YouTube,346,208,138,60.12%,1,3,7.3,25,0.07225433526,3,7,6,Stressed,TRUE,FALSE,FALSE
811,1769,Ananya Gupta,32,20/01/2024,Male,WhatsApp,397,99,298,24.94%,0,1,7,20,0.05037783375,2,7,6,Stressed,TRUE,FALSE,FALSE
1218,1770,Ananya Gupta,36,22/06/2024,Male,Snapchat,212,117,95,55.19%,0,1,7.9,39,0.1839622642,2,6,6,Stressed,TRUE,FALSE,FALSE
1898,1771,Ananya Gupta,39,13/05/2025,Female,YouTube,231,139,92,60.17%,1,2,7.8,37,0.1601731602,2,6,6,Stressed,TRUE,FALSE,FALSE
468,1772,Ananya Gupta,46,18/12/2024,Male,YouTube,141,85,56,60.28%,0,1,8.3,46,0.3262411348,1,5,7,Healthy,TRUE,FALSE,FALSE
1730,1773,Avni Joshi,30,14/11/2024,Male,Facebook,381,133,248,34.91%,1,1,7.1,22,0.05774278215,2,7,6,Stressed,FALSE,FALSE,FALSE
469,1774,Avni Joshi,32,26/01/2025,Male,WhatsApp,340,85,255,25.00%,0,1,7.3,26,0.07647058824,1,6,7,Stressed,TRUE,FALSE,FALSE
1871,1774,Avni Joshi,32,07/05/2025,Male,Twitter,346,138,208,39.88%,1,1,7.3,25,0.07225433526,2,7,6,Stressed,TRUE,TRUE,TRUE
3364,1774,Avni Joshi,33,03/03/2024,Male,TikTok,323,210,113,65.02%,1,2,7.4,28,0.0866873065,3,7,6,Stressed,TRUE,TRUE,TRUE
3114,1775,Avni Joshi,35,23/07/2025,Female,Snapchat,359,197,162,54.87%,1,2,7.2,24,0.06685236769,3,7,6,Stressed,TRUE,FALSE,FALSE
976,1776,Avni Joshi,45,04/05/2024,Female,Snapchat,200,110,90,55.00%,0,1,8,40,0.2,2,6,6,Stressed,TRUE,FALSE,FALSE
2119,1777,Riya Sharma,13,30/05/2025,Male,Facebook,437,153,284,35.01%,1,1,6.8,16,0.03661327231,2,7,6,Stressed,FALSE,FALSE,FALSE
4450,1777,Riya Sharma,14,26/09/2025,Female,YouTube,457,274,183,59.96%,1,4,6.7,14,0.0306345733,3,8,5,Stressed,TRUE,TRUE,TRUE
471,1778,Riya Sharma,26,11/09/2024,Female,WhatsApp,340,85,255,25.00%,0,1,7.3,26,0.07647058824,1,6,7,Stressed,TRUE,FALSE,FALSE
1752,1779,Riya Sharma,32,15/01/2024,Male,Facebook,383,134,249,34.99%,1,1,7.1,22,0.05744125326,2,7,6,Stressed,TRUE,FALSE,FALSE
1622,1780,Riya Sharma,49,10/11/2024,Female,TikTok,198,129,69,65.15%,1,1,8,40,0.202020202,2,6,6,Stressed,TRUE,FALSE,FALSE
4737,1781,Arjun Verma,19,12/01/2024,Male,YouTube,496,298,198,60.08%,1,4,6.5,10,0.02016129032,3,8,5,Stressed,FALSE,FALSE,FALSE
2538,1782,Arjun Verma,21,06/03/2025,Female,Facebook,492,172,320,34.96%,1,2,6.5,11,0.02235772358,3,8,5,Stressed,TRUE,FALSE,FALSE
3563,1783,Arjun Verma,32,17/03/2025,Female,TikTok,342,222,120,64.91%,1,2,7.3,26,0.07602339181,3,7,6,Stressed,TRUE,FALSE,FALSE
1972,1784,Arjun Verma,34,01/05/2024,Male,Twitter,357,143,214,40.06%,1,1,7.2,24,0.06722689076,2,7,6,Stressed,TRUE,FALSE,FALSE
2195,1785,Arjun Verma,45,27/07/2024,Male,YouTube,258,155,103,60.08%,1,2,7.7,34,0.1317829457,2,6,6,Stressed,TRUE,FALSE,FALSE
472,1786,Arjun Verma,54,12/01/2024,Female,Snapchat,155,85,70,54.84%,0,1,8.2,44,0.2838709677,1,5,7,Healthy,TRUE,FALSE,FALSE
3562,1787,Arjun Das,24,17/12/2024,Male,Instagram,444,222,222,50.00%,1,3,6.8,16,0.03603603604,3,8,5,Stressed,FALSE,FALSE,FALSE
3901,1787,Arjun Das,25,10/09/2024,Male,Instagram,478,239,239,50.00%,1,3,6.6,12,0.02510460251,3,8,5,Stressed,TRUE,TRUE,TRUE
3671,1788,Arjun Das,28,21/06/2025,Female,YouTube,379,227,152,59.89%,1,3,7.1,22,0.0580474934,3,7,6,Stressed,TRUE,FALSE,FALSE
4196,1788,Arjun Das,28,30/01/2025,Female,TikTok,394,256,138,64.97%,2,2,7,21,0.05329949239,4,8,5,Stressed,TRUE,TRUE,TRUE
3378,1789,Arjun Das,31,13/08/2025,Female,YouTube,351,211,140,60.11%,1,3,7.2,25,0.07122507123,3,7,6,Stressed,TRUE,FALSE,FALSE
473,1789,Arjun Das,32,19/10/2024,Male,WhatsApp,339,85,254,25.07%,0,1,7.3,26,0.07669616519,1,6,7,Stressed,TRUE,TRUE,TRUE
977,1790,Vivaan Roy,16,10/08/2025,Female,WhatsApp,442,110,332,24.89%,0,1,6.8,16,0.03619909502,2,7,6,Stressed,FALSE,FALSE,FALSE
2992,1791,Vivaan Roy,21,16/02/2025,Male,Twitter,479,192,287,40.08%,1,2,6.6,12,0.02505219207,3,8,5,Stressed,TRUE,FALSE,FALSE
2625,1791,Vivaan Roy,21,08/07/2024,Male,Facebook,502,176,326,35.06%,1,2,6.5,10,0.01992031873,3,8,5,Stressed,TRUE,TRUE,TRUE
3408,1792,Vivaan Roy,30,07/03/2025,Male,YouTube,354,212,142,59.89%,1,3,7.2,25,0.07062146893,3,7,6,Stressed,TRUE,FALSE,FALSE
1255,1793,Vivaan Roy,64,05/04/2024,Male,TikTok,182,118,64,64.84%,1,1,8.1,42,0.2307692308,2,6,6,Stressed,TRUE,FALSE,FALSE
474,1793,Vivaan Roy,65,30/05/2025,Male,YouTube,144,86,58,59.72%,0,1,8.3,46,0.3194444444,1,5,7,Healthy,TRUE,TRUE,TRUE
4295,1794,Aditi Naidu,20,13/09/2025,Female,Snapchat,474,261,213,55.06%,1,2,6.6,13,0.02742616034,3,8,5,Stressed,FALSE,FALSE,FALSE
3767,1795,Aditi Naidu,32,12/07/2025,Male,TikTok,357,232,125,64.99%,2,2,7.2,24,0.06722689076,3,8,5,Stressed,TRUE,FALSE,FALSE
475,1795,Aditi Naidu,33,23/07/2024,Female,WhatsApp,345,86,259,24.93%,0,1,7.3,26,0.07536231884,1,6,7,Stressed,TRUE,TRUE,TRUE
1884,1796,Shaurya Iyer,17,11/03/2024,Female,Facebook,398,139,259,34.92%,1,1,7,20,0.05025125628,2,7,6,Stressed,FALSE,FALSE,FALSE
4407,1797,Shaurya Iyer,24,11/05/2025,Female,Snapchat,493,271,222,54.97%,1,2,6.5,11,0.02231237323,3,8,5,Stressed,TRUE,FALSE,FALSE
1626,1798,Shaurya Iyer,27,14/03/2024,Male,Twitter,322,129,193,40.06%,1,1,7.4,28,0.08695652174,2,7,6,Stressed,TRUE,FALSE,FALSE
477,1799,Shaurya Iyer,31,13/02/2024,Female,WhatsApp,342,86,256,25.15%,0,1,7.3,26,0.07602339181,1,6,7,Stressed,TRUE,FALSE,FALSE
2189,1800,Shaurya Rathod,29,02/10/2024,Female,Twitter,388,155,233,39.95%,1,1,7.1,21,0.05412371134,2,7,6,Stressed,FALSE,FALSE,FALSE
3439,1801,Shaurya Rathod,32,13/02/2024,Female,YouTube,357,214,143,59.94%,1,3,7.2,24,0.06722689076,3,7,6,Stressed,TRUE,FALSE,FALSE
480,1802,Shaurya Rathod,43,26/06/2024,Male,Twitter,215,86,129,40.00%,1,1,7.9,38,0.176744186,2,6,6,Stressed,TRUE,FALSE,FALSE
3436,1803,Jiya Khan,13,22/01/2024,Female,Instagram,429,214,215,49.88%,1,3,6.9,17,0.03962703963,3,8,5,Stressed,FALSE,FALSE,FALSE
2867,1804,Jiya Khan,15,12/02/2025,Female,Twitter,459,184,275,40.09%,1,2,6.7,14,0.03050108932,3,8,5,Stressed,TRUE,FALSE,FALSE
3312,1805,Jiya Khan,23,10/01/2025,Male,Twitter,515,206,309,40.00%,1,2,6.4,8,0.01553398058,3,8,5,Stressed,TRUE,FALSE,FALSE
531,1806,Jiya Khan,30,01/05/2024,Female,WhatsApp,352,88,264,25.00%,0,1,7.2,25,0.07102272727,1,6,7,Stressed,TRUE,FALSE,FALSE
1550,1807,Jiya Khan,36,26/06/2024,Female,Snapchat,230,127,103,55.22%,1,1,7.8,37,0.1608695652,2,6,6,Stressed,TRUE,FALSE,FALSE
481,1808,Jiya Khan,53,20/10/2024,Female,Twitter,216,86,130,39.81%,1,1,7.9,38,0.1759259259,2,6,6,Stressed,TRUE,FALSE,FALSE
1160,1809,Ananya Shinde,17,07/05/2024,Male,WhatsApp,459,115,344,25.05%,0,1,6.7,14,0.03050108932,2,7,6,Stressed,FALSE,FALSE,FALSE
4707,1810,Ananya Shinde,20,26/01/2024,Male,YouTube,492,295,197,59.96%,1,4,6.5,11,0.02235772358,3,8,5,Stressed,TRUE,FALSE,FALSE
1002,1811,Ananya Shinde,43,12/10/2024,Female,Instagram,219,110,109,50.23%,0,1,7.9,38,0.1735159817,2,6,6,Stressed,TRUE,FALSE,FALSE
483,1812,Ananya Shinde,48,10/06/2024,Female,Instagram,172,86,86,50.00%,0,1,8.1,43,0.25,1,5,7,Healthy,TRUE,FALSE,FALSE
4359,1813,Aarav Kale,20,22/07/2025,Female,YouTube,445,267,178,60.00%,1,4,6.8,16,0.03595505618,3,8,5,Stressed,FALSE,FALSE,FALSE
1353,1813,Aarav Kale,21,19/06/2025,Male,WhatsApp,484,121,363,25.00%,1,1,6.6,12,0.02479338843,2,7,6,Stressed,TRUE,TRUE,TRUE
1371,1813,Aarav Kale,22,21/05/2024,Male,WhatsApp,486,122,364,25.10%,1,1,6.6,11,0.02263374486,2,7,6,Stressed,TRUE,TRUE,TRUE
3512,1814,Aarav Kale,30,23/12/2024,Female,Snapchat,396,218,178,55.05%,1,2,7,20,0.05050505051,3,8,5,Stressed,TRUE,FALSE,FALSE
3502,1814,Aarav Kale,31,01/10/2024,Male,YouTube,363,218,145,60.06%,1,3,7.2,24,0.06611570248,3,7,6,Stressed,TRUE,TRUE,TRUE
986,1815,Aarav Kale,52,31/12/2024,Male,YouTube,183,110,73,60.11%,0,1,8.1,42,0.2295081967,2,6,6,Stressed,TRUE,FALSE,FALSE
484,1816,Aarav Kale,62,02/12/2024,Female,Instagram,171,86,85,50.29%,0,1,8.1,43,0.2514619883,1,5,7,Healthy,TRUE,FALSE,FALSE
4745,1817,Jiya Rawat,20,19/01/2024,Female,YouTube,497,298,199,59.96%,1,4,6.5,10,0.02012072435,3,8,5,Stressed,FALSE,FALSE,FALSE
603,1818,Jiya Rawat,29,03/12/2024,Female,WhatsApp,362,90,272,24.86%,0,1,7.2,24,0.06629834254,2,6,6,Stressed,TRUE,FALSE,FALSE
485,1819,Jiya Rawat,31,28/09/2024,Female,WhatsApp,342,86,256,25.15%,0,1,7.3,26,0.07602339181,1,6,7,Stressed,TRUE,FALSE,FALSE
4708,1820,Suhani Nair,20,26/10/2025,Female,YouTube,492,295,197,59.96%,1,4,6.5,11,0.02235772358,3,8,5,Stressed,FALSE,FALSE,FALSE
2876,1821,Suhani Nair,23,18/09/2024,Female,Twitter,460,184,276,40.00%,1,2,6.7,14,0.03043478261,3,8,5,Stressed,TRUE,FALSE,FALSE
1561,1821,Suhani Nair,24,12/10/2024,Other,WhatsApp,510,128,382,25.10%,1,1,6.4,9,0.01764705882,2,7,6,Stressed,TRUE,TRUE,TRUE
3654,1822,Suhani Nair,27,24/10/2024,Female,TikTok,347,226,121,65.13%,2,2,7.3,25,0.07204610951,3,8,5,Stressed,TRUE,FALSE,FALSE
3505,1823,Suhani Nair,34,15/08/2024,Male,YouTube,363,218,145,60.06%,1,3,7.2,24,0.06611570248,3,7,6,Stressed,TRUE,FALSE,FALSE
3170,1823,Suhani Nair,35,22/10/2024,Male,Instagram,398,199,199,50.00%,1,3,7,20,0.05025125628,3,8,5,Stressed,TRUE,TRUE,TRUE
486,1824,Suhani Nair,43,03/04/2024,Female,Twitter,216,86,130,39.81%,1,1,7.9,38,0.1759259259,2,6,6,Stressed,TRUE,FALSE,FALSE
2711,1825,Suhani Nair,45,17/08/2025,Male,TikTok,276,179,97,64.86%,1,2,7.6,32,0.115942029,3,7,6,Stressed,TRUE,FALSE,FALSE
842,1826,Vihaan Pawar,17,29/05/2024,Female,WhatsApp,404,101,303,25.00%,0,1,7,20,0.0495049505,2,7,6,Stressed,FALSE,FALSE,FALSE
2329,1827,Vihaan Pawar,19,04/04/2024,Male,Facebook,461,161,300,34.92%,1,1,6.7,14,0.03036876356,2,7,6,Stressed,TRUE,FALSE,FALSE
3335,1828,Vihaan Pawar,30,20/03/2024,Male,Snapchat,378,208,170,55.03%,1,2,7.1,22,0.0582010582,3,7,6,Stressed,TRUE,FALSE,FALSE
4106,1829,Vihaan Pawar,33,26/02/2024,Male,TikTok,386,251,135,65.03%,2,2,7.1,21,0.05440414508,4,8,5,Stressed,TRUE,FALSE,FALSE
2057,1829,Vihaan Pawar,34,22/10/2025,Male,Twitter,373,149,224,39.95%,1,1,7.1,23,0.06166219839,2,7,6,Stressed,TRUE,TRUE,TRUE
1244,1830,Vihaan Pawar,45,20/10/2025,Female,Instagram,237,118,119,49.79%,0,2,7.8,36,0.1518987342,2,6,6,Stressed,TRUE,FALSE,FALSE
489,1831,Vihaan Pawar,65,23/04/2025,Male,Snapchat,156,86,70,55.13%,0,1,8.2,44,0.2820512821,1,5,7,Healthy,TRUE,FALSE,FALSE
4015,1832,Meera Mishra,22,04/01/2025,Male,Snapchat,448,246,202,54.91%,1,2,6.8,15,0.03348214286,3,8,5,Stressed,FALSE,FALSE,FALSE
4852,1832,Meera Mishra,23,18/02/2024,Female,TikTok,476,309,167,64.92%,2,3,6.6,12,0.02521008403,4,9,4,Stressed,TRUE,TRUE,TRUE
493,1833,Meera Mishra,34,21/01/2025,Male,WhatsApp,345,86,259,24.93%,0,1,7.3,26,0.07536231884,1,6,7,Stressed,TRUE,FALSE,FALSE
1020,1834,Meera Mishra,46,25/08/2024,Female,TikTok,171,111,60,64.91%,1,1,8.1,43,0.2514619883,2,6,6,Stressed,TRUE,FALSE,FALSE
2509,1835,Pooja Gupta,42,20/07/2025,Male,TikTok,261,170,91,65.13%,1,2,7.7,34,0.1302681992,3,7,6,Stressed,FALSE,FALSE,FALSE
497,1836,Pooja Gupta,68,17/06/2024,Male,Instagram,173,86,87,49.71%,0,1,8.1,43,0.2485549133,1,5,7,Healthy,TRUE,FALSE,FALSE
3727,1837,Navya Joshi,20,14/10/2024,Male,Instagram,459,230,229,50.11%,1,3,6.7,14,0.03050108932,3,8,5,Stressed,FALSE,FALSE,FALSE
4705,1837,Navya Joshi,21,29/08/2025,Female,TikTok,454,295,159,64.98%,2,3,6.7,15,0.03303964758,4,9,4,Stressed,TRUE,TRUE,TRUE
1419,1837,Navya Joshi,21,30/08/2025,Male,WhatsApp,493,123,370,24.95%,1,1,6.5,11,0.02231237323,2,7,6,Stressed,TRUE,TRUE,TRUE
3385,1838,Navya Joshi,35,25/04/2024,Female,TikTok,324,211,113,65.12%,1,2,7.4,28,0.08641975309,3,7,6,Stressed,TRUE,FALSE,FALSE
2068,1838,Navya Joshi,35,22/12/2024,Male,Twitter,375,150,225,40.00%,1,1,7.1,22,0.05866666667,2,7,6,Stressed,TRUE,TRUE,TRUE
2402,1839,Navya Joshi,37,18/07/2025,Male,YouTube,274,164,110,59.85%,1,2,7.6,33,0.1204379562,3,7,6,Stressed,TRUE,FALSE,FALSE
498,1840,Navya Joshi,64,04/12/2024,Male,Twitter,216,86,130,39.81%,1,1,7.9,38,0.1759259259,2,6,6,Stressed,TRUE,FALSE,FALSE
4105,1841,Myra Gupta,21,30/10/2025,Female,Snapchat,457,251,206,54.92%,1,2,6.7,14,0.0306345733,3,8,5,Stressed,FALSE,FALSE,FALSE
3884,1841,Myra Gupta,22,25/11/2024,Male,Instagram,476,238,238,50.00%,1,3,6.6,12,0.02521008403,3,8,5,Stressed,TRUE,TRUE,TRUE
4252,1841,Myra Gupta,23,14/05/2024,Male,Instagram,515,258,257,50.10%,1,3,6.4,8,0.01553398058,3,8,5,Stressed,TRUE,TRUE,TRUE
1986,1842,Myra Gupta,34,02/04/2025,Female,Twitter,359,144,215,40.11%,1,1,7.2,24,0.06685236769,2,7,6,Stressed,TRUE,FALSE,FALSE
499,1843,Myra Gupta,53,18/02/2025,Female,YouTube,143,86,57,60.14%,0,1,8.3,46,0.3216783217,1,5,7,Healthy,TRUE,FALSE,FALSE
4583,1844,Aarohi Shinde,21,17/01/2024,Female,Snapchat,519,285,234,54.91%,1,3,6.4,8,0.01541425819,3,8,5,Stressed,FALSE,FALSE,FALSE
3917,1844,Aarohi Shinde,22,20/06/2025,Female,Instagram,479,240,239,50.10%,1,3,6.6,12,0.02505219207,3,8,5,Stressed,TRUE,TRUE,TRUE
3399,1845,Aarohi Shinde,32,06/09/2025,Other,YouTube,354,212,142,59.89%,1,3,7.2,25,0.07062146893,3,7,6,Stressed,TRUE,FALSE,FALSE
501,1846,Aarohi Shinde,35,29/10/2024,Female,WhatsApp,346,86,260,24.86%,0,1,7.3,25,0.07225433526,1,6,7,Stressed,TRUE,FALSE,FALSE
1173,1847,Aarohi Shinde,39,08/01/2024,Female,Instagram,230,115,115,50.00%,0,2,7.8,37,0.1608695652,2,6,6,Stressed,TRUE,FALSE,FALSE
2110,1848,Aarohi Shinde,42,16/11/2025,Female,Snapchat,277,152,125,54.87%,1,1,7.6,32,0.1155234657,2,7,6,Stressed,TRUE,FALSE,FALSE
4373,1849,Arjun Choudhary,19,29/10/2025,Female,YouTube,446,268,178,60.09%,1,4,6.8,15,0.033632287,3,8,5,Stressed,FALSE,FALSE,FALSE
2436,1850,Arjun Choudhary,24,28/02/2025,Male,Facebook,474,166,308,35.02%,1,1,6.6,13,0.02742616034,3,8,5,Stressed,TRUE,FALSE,FALSE
3308,1850,Arjun Choudhary,25,05/06/2025,Female,Twitter,516,206,310,39.92%,1,2,6.4,8,0.01550387597,3,8,5,Stressed,TRUE,TRUE,TRUE
502,1851,Arjun Choudhary,31,22/04/2025,Female,WhatsApp,345,86,259,24.93%,0,1,7.3,26,0.07536231884,1,6,7,Stressed,TRUE,FALSE,FALSE
609,1852,Arjun Choudhary,36,29/10/2024,Male,Facebook,259,91,168,35.14%,0,1,7.7,34,0.1312741313,2,6,6,Stressed,TRUE,FALSE,FALSE
4646,1853,Reyansh Iyer,20,12/05/2024,Male,TikTok,446,290,156,65.02%,2,3,6.8,15,0.033632287,4,9,4,Stressed,FALSE,FALSE,FALSE
4720,1854,Reyansh Iyer,23,15/06/2025,Female,TikTok,456,296,160,64.91%,2,3,6.7,14,0.03070175439,4,9,4,Stressed,TRUE,FALSE,FALSE
503,1855,Reyansh Iyer,34,12/11/2024,Male,WhatsApp,342,86,256,25.15%,0,1,7.3,26,0.07602339181,1,6,7,Stressed,TRUE,FALSE,FALSE
720,1856,Aditya Khan,13,23/01/2024,Male,WhatsApp,382,96,286,25.13%,0,1,7.1,22,0.05759162304,2,6,6,Stressed,FALSE,FALSE,FALSE
4832,1857,Aditya Khan,19,03/06/2025,Female,YouTube,514,308,206,59.92%,1,4,6.4,9,0.01750972763,3,8,5,Stressed,TRUE,FALSE,FALSE
3164,1858,Aditya Khan,28,01/08/2025,Male,YouTube,332,199,133,59.94%,1,3,7.3,27,0.0813253012,3,7,6,Stressed,TRUE,FALSE,FALSE
2080,1859,Aditya Khan,42,09/01/2025,Female,TikTok,231,150,81,64.94%,1,1,7.8,37,0.1601731602,2,6,6,Stressed,TRUE,FALSE,FALSE
504,1860,Aditya Khan,47,10/05/2025,Female,Snapchat,158,87,71,55.06%,0,1,8.2,44,0.2784810127,1,5,7,Healthy,TRUE,FALSE,FALSE
855,1861,Aditya Khan,67,27/05/2024,Female,Instagram,205,102,103,49.76%,0,1,8,40,0.1951219512,2,6,6,Stressed,TRUE,FALSE,FALSE
993,1862,Aarav Gupta,17,18/03/2025,Male,WhatsApp,441,110,331,24.94%,0,1,6.8,16,0.03628117914,2,7,6,Stressed,FALSE,FALSE,FALSE
4717,1863,Aarav Gupta,21,04/05/2024,Male,YouTube,493,296,197,60.04%,1,4,6.5,11,0.02231237323,3,8,5,Stressed,TRUE,FALSE,FALSE
506,1864,Aarav Gupta,27,07/08/2024,Male,WhatsApp,347,87,260,25.07%,0,1,7.3,25,0.07204610951,1,6,7,Stressed,TRUE,FALSE,FALSE
4231,1865,Reyansh Deshmukh,17,03/10/2025,Male,YouTube,429,257,172,59.91%,1,3,6.9,17,0.03962703963,3,8,5,Stressed,FALSE,FALSE,FALSE
4089,1866,Reyansh Deshmukh,20,26/05/2025,Male,Instagram,499,250,249,50.10%,1,3,6.5,10,0.02004008016,3,8,5,Stressed,TRUE,FALSE,FALSE
4578,1867,Reyansh Deshmukh,22,25/08/2024,Female,Snapchat,518,285,233,55.02%,1,3,6.4,8,0.01544401544,3,8,5,Stressed,TRUE,FALSE,FALSE
4030,1867,Reyansh Deshmukh,23,10/05/2024,Male,Instagram,497,248,249,49.90%,1,3,6.5,10,0.02012072435,3,8,5,Stressed,TRUE,TRUE,TRUE
508,1868,Reyansh Deshmukh,30,08/10/2025,Female,WhatsApp,349,87,262,24.93%,0,1,7.3,25,0.07163323782,1,6,7,Stressed,TRUE,FALSE,FALSE
948,1869,Reyansh Deshmukh,39,11/02/2025,Male,Instagram,217,108,109,49.77%,0,1,7.9,38,0.1751152074,2,6,6,Stressed,TRUE,FALSE,FALSE
1591,1870,Reyansh Deshmukh,65,03/08/2025,Female,TikTok,197,128,69,64.97%,1,1,8,40,0.2030456853,2,6,6,Stressed,TRUE,FALSE,FALSE
4593,1871,Aadhya Iyer,21,26/10/2024,Female,Snapchat,520,286,234,55.00%,1,3,6.4,8,0.01538461538,3,8,5,Stressed,FALSE,FALSE,FALSE
2350,1872,Aadhya Iyer,25,01/02/2024,Female,Facebook,459,161,298,35.08%,1,1,6.7,14,0.03050108932,2,7,6,Stressed,TRUE,FALSE,FALSE
3420,1873,Aadhya Iyer,29,30/08/2025,Female,Snapchat,387,213,174,55.04%,1,2,7.1,21,0.05426356589,3,8,5,Stressed,TRUE,FALSE,FALSE
952,1874,Aadhya Iyer,45,09/09/2024,Female,Twitter,271,108,163,39.85%,1,1,7.6,33,0.1217712177,2,6,6,Stressed,TRUE,FALSE,FALSE
510,1875,Aadhya Iyer,55,21/10/2025,Male,YouTube,145,87,58,60.00%,0,1,8.3,46,0.3172413793,1,5,7,Healthy,TRUE,FALSE,FALSE
3655,1876,Diya Kale,13,19/05/2025,Female,Snapchat,411,226,185,54.99%,1,2,6.9,19,0.04622871046,3,8,5,Stressed,FALSE,FALSE,FALSE
4840,1877,Diya Kale,20,02/02/2025,Male,TikTok,474,308,166,64.98%,2,3,6.6,13,0.02742616034,4,9,4,Stressed,TRUE,FALSE,FALSE
3320,1878,Diya Kale,29,05/03/2025,Female,Snapchat,376,207,169,55.05%,1,2,7.1,22,0.0585106383,3,7,6,Stressed,TRUE,FALSE,FALSE
2549,1879,Diya Kale,34,23/05/2025,Female,Instagram,344,172,172,50.00%,1,2,7.3,26,0.07558139535,3,7,6,Stressed,TRUE,FALSE,FALSE
1427,1879,Diya Kale,35,08/03/2024,Female,Facebook,355,124,231,34.93%,1,1,7.2,24,0.0676056338,2,7,6,Stressed,TRUE,TRUE,TRUE
1843,1880,Diya Kale,43,23/02/2025,Female,Snapchat,249,137,112,55.02%,1,1,7.8,35,0.140562249,2,6,6,Stressed,TRUE,FALSE,FALSE
511,1881,Diya Kale,47,17/05/2025,Male,Snapchat,159,87,72,54.72%,0,1,8.2,44,0.2767295597,1,5,7,Healthy,TRUE,FALSE,FALSE
1254,1882,Navya Ghosh,25,15/09/2025,Male,WhatsApp,472,118,354,25.00%,0,1,6.6,13,0.02754237288,2,7,6,Stressed,FALSE,FALSE,FALSE
2635,1883,Navya Ghosh,27,18/03/2024,Male,Instagram,353,176,177,49.86%,1,2,7.2,25,0.07082152975,3,7,6,Stressed,TRUE,FALSE,FALSE
2778,1884,Navya Ghosh,29,13/04/2024,Male,Snapchat,329,181,148,55.02%,1,2,7.4,27,0.0820668693,3,7,6,Stressed,TRUE,FALSE,FALSE
2970,1885,Navya Ghosh,33,03/03/2025,Female,Instagram,380,190,190,50.00%,1,3,7.1,22,0.05789473684,3,7,6,Stressed,TRUE,FALSE,FALSE
1445,1886,Navya Ghosh,36,28/02/2025,Male,Instagram,248,124,124,50.00%,1,2,7.8,35,0.1411290323,2,6,6,Stressed,TRUE,FALSE,FALSE
512,1887,Navya Ghosh,55,08/02/2025,Female,Instagram,174,87,87,50.00%,0,1,8.1,43,0.2471264368,1,5,7,Healthy,TRUE,FALSE,FALSE
4475,1888,Isha Yadav,19,04/07/2025,Female,YouTube,460,276,184,60.00%,1,4,6.7,14,0.03043478261,3,8,5,Stressed,FALSE,FALSE,FALSE
2575,1889,Isha Yadav,24,26/01/2024,Male,Facebook,493,173,320,35.09%,1,2,6.5,11,0.02231237323,3,8,5,Stressed,TRUE,FALSE,FALSE
3660,1890,Isha Yadav,31,01/08/2024,Male,TikTok,348,226,122,64.94%,2,2,7.3,25,0.07183908046,3,8,5,Stressed,TRUE,FALSE,FALSE
3295,1891,Isha Yadav,34,09/11/2024,Male,Snapchat,373,205,168,54.96%,1,2,7.1,23,0.06166219839,3,7,6,Stressed,TRUE,FALSE,FALSE
2239,1891,Isha Yadav,35,18/09/2025,Male,Twitter,392,157,235,40.05%,1,1,7,21,0.05357142857,2,7,6,Stressed,TRUE,TRUE,TRUE
513,1892,Isha Yadav,58,14/11/2024,Female,Snapchat,159,87,72,54.72%,0,1,8.2,44,0.2767295597,1,5,7,Healthy,TRUE,FALSE,FALSE
4131,1893,Sonal Kulkarni,13,01/12/2024,Female,Snapchat,459,252,207,54.90%,1,2,6.7,14,0.03050108932,3,8,5,Stressed,FALSE,FALSE,FALSE
4259,1894,Sonal Kulkarni,21,07/04/2025,Male,Instagram,516,258,258,50.00%,1,3,6.4,8,0.01550387597,3,8,5,Stressed,TRUE,FALSE,FALSE
1973,1895,Sonal Kulkarni,36,28/08/2024,Female,Snapchat,261,144,117,55.17%,1,1,7.7,34,0.1302681992,2,6,6,Stressed,TRUE,FALSE,FALSE
514,1896,Sonal Kulkarni,39,10/01/2024,Male,Twitter,217,87,130,40.09%,1,1,7.9,38,0.1751152074,2,6,6,Stressed,TRUE,FALSE,FALSE
2169,1897,Myra Ghosh,19,22/08/2024,Male,Facebook,444,155,289,34.91%,1,1,6.8,16,0.03603603604,2,7,6,Stressed,FALSE,FALSE,FALSE
4664,1898,Myra Ghosh,23,17/02/2025,Female,TikTok,447,291,156,65.10%,2,3,6.8,15,0.03355704698,4,9,4,Stressed,TRUE,FALSE,FALSE
4048,1899,Myra Ghosh,25,29/10/2025,Female,Snapchat,451,248,203,54.99%,1,2,6.7,15,0.0332594235,3,8,5,Stressed,TRUE,FALSE,FALSE
515,1900,Myra Ghosh,30,08/04/2025,Male,WhatsApp,349,87,262,24.93%,0,1,7.3,25,0.07163323782,1,6,7,Stressed,TRUE,FALSE,FALSE
4025,1901,Myra Ghosh,35,25/02/2024,Female,TikTok,380,247,133,65.00%,2,2,7.1,22,0.05789473684,4,8,5,Stressed,TRUE,FALSE,FALSE
3191,1902,Jiya Yadav,18,29/01/2024,Female,Instagram,401,200,201,49.88%,1,3,7,20,0.04987531172,3,8,5,Stressed,FALSE,FALSE,FALSE
3423,1903,Jiya Yadav,33,19/05/2024,Female,TikTok,327,213,114,65.14%,1,2,7.4,27,0.08256880734,3,7,6,Stressed,TRUE,FALSE,FALSE
685,1904,Jiya Yadav,35,21/04/2024,Male,WhatsApp,374,94,280,25.13%,0,1,7.1,23,0.0614973262,2,6,6,Stressed,TRUE,FALSE,FALSE
922,1904,Jiya Yadav,36,25/02/2025,Male,Instagram,213,106,107,49.77%,0,1,7.9,39,0.1830985915,2,6,6,Stressed,TRUE,TRUE,TRUE
516,1905,Jiya Yadav,38,09/01/2025,Male,Twitter,217,87,130,40.09%,1,1,7.9,38,0.1751152074,2,6,6,Stressed,TRUE,FALSE,FALSE
1934,1906,Jiya Yadav,41,08/05/2025,Male,TikTok,217,141,76,64.98%,1,1,7.9,38,0.1751152074,2,6,6,Stressed,TRUE,FALSE,FALSE
4116,1907,Sonal Kale,20,07/02/2024,Female,Snapchat,458,252,206,55.02%,1,2,6.7,14,0.03056768559,3,8,5,Stressed,FALSE,FALSE,FALSE
3769,1907,Sonal Kale,20,21/02/2025,Female,Instagram,464,232,232,50.00%,1,3,6.7,14,0.03017241379,3,8,5,Stressed,TRUE,TRUE,TRUE
3582,1908,Sonal Kale,23,22/01/2025,Male,Instagram,443,222,221,50.11%,1,3,6.8,16,0.03611738149,3,8,5,Stressed,TRUE,FALSE,FALSE
4195,1908,Sonal Kale,23,06/12/2024,Female,Instagram,512,256,256,50.00%,1,3,6.4,9,0.017578125,3,8,5,Stressed,TRUE,TRUE,TRUE
768,1909,Sonal Kale,38,26/02/2025,Male,Twitter,246,98,148,39.84%,1,1,7.8,35,0.1422764228,2,6,6,Stressed,TRUE,FALSE,FALSE
520,1910,Sonal Kale,44,05/05/2024,Male,Twitter,220,88,132,40.00%,1,1,7.9,38,0.1727272727,2,6,6,Stressed,TRUE,FALSE,FALSE
4648,1911,Aadhya Khan,19,16/08/2024,Male,YouTube,483,290,193,60.04%,1,4,6.6,12,0.0248447205,3,8,5,Stressed,FALSE,FALSE,FALSE
2841,1911,Aadhya Khan,20,04/09/2025,Female,Twitter,458,183,275,39.96%,1,2,6.7,14,0.03056768559,3,8,5,Stressed,TRUE,TRUE,TRUE
4443,1911,Aadhya Khan,20,04/08/2024,Female,Snapchat,498,274,224,55.02%,1,2,6.5,10,0.02008032129,3,8,5,Stressed,TRUE,TRUE,TRUE
4916,1912,Aadhya Khan,24,10/04/2025,Female,TikTok,494,321,173,64.98%,2,3,6.5,11,0.02226720648,4,9,4,Stressed,TRUE,FALSE,FALSE
521,1913,Aadhya Khan,31,25/06/2025,Female,WhatsApp,353,88,265,24.93%,0,1,7.2,25,0.07082152975,1,6,7,Stressed,TRUE,FALSE,FALSE
1393,1914,Aadhya Khan,41,09/03/2024,Female,Snapchat,222,122,100,54.95%,1,1,7.9,38,0.1711711712,2,6,6,Stressed,TRUE,FALSE,FALSE
1689,1915,Aadhya Khan,45,03/11/2025,Female,Instagram,262,131,131,50.00%,1,2,7.7,34,0.1297709924,2,6,6,Stressed,TRUE,FALSE,FALSE
1926,1916,Aadhya Khan,55,30/06/2024,Male,TikTok,216,140,76,64.81%,1,1,7.9,38,0.1759259259,2,6,6,Stressed,TRUE,FALSE,FALSE
837,1917,Aadhya Khan,58,05/09/2025,Female,YouTube,168,101,67,60.12%,0,1,8.2,43,0.255952381,2,6,6,Stressed,TRUE,FALSE,FALSE
2734,1918,Diya Patil,22,23/02/2024,Female,Twitter,451,180,271,39.91%,1,2,6.7,15,0.0332594235,3,8,5,Stressed,FALSE,FALSE,FALSE
523,1919,Diya Patil,26,15/01/2025,Female,WhatsApp,350,88,262,25.14%,0,1,7.2,25,0.07142857143,1,6,7,Stressed,TRUE,FALSE,FALSE
2288,1920,Diya Patil,40,07/11/2025,Other,YouTube,265,159,106,60.00%,1,2,7.7,34,0.1283018868,2,6,6,Stressed,TRUE,FALSE,FALSE
2619,1921,Vihaan Nair,25,07/08/2025,Other,Facebook,500,175,325,35.00%,1,2,6.5,10,0.02,3,8,5,Stressed,FALSE,FALSE,FALSE
3368,1921,Vihaan Nair,26,21/03/2025,Male,YouTube,350,210,140,60.00%,1,3,7.2,25,0.07142857143,3,7,6,Stressed,TRUE,TRUE,TRUE
525,1921,Vihaan Nair,26,17/08/2025,Male,WhatsApp,354,88,266,24.86%,0,1,7.2,25,0.07062146893,1,6,7,Stressed,TRUE,TRUE,TRUE
4168,1922,Vihaan Nair,29,30/03/2025,Male,TikTok,390,254,136,65.13%,2,2,7,21,0.05384615385,4,8,5,Stressed,TRUE,FALSE,FALSE
3784,1922,Vihaan Nair,30,12/12/2024,Female,TikTok,359,233,126,64.90%,2,2,7.2,24,0.06685236769,3,8,5,Stressed,TRUE,TRUE,TRUE
690,1922,Vihaan Nair,31,30/07/2024,Female,WhatsApp,375,94,281,25.07%,0,1,7.1,22,0.05866666667,2,6,6,Stressed,TRUE,TRUE,TRUE
2230,1923,Vihaan Nair,37,30/03/2025,Female,TikTok,241,157,84,65.15%,1,1,7.8,36,0.1493775934,2,6,6,Stressed,TRUE,FALSE,FALSE
702,1924,Suhani Ghosh,16,15/10/2024,Male,WhatsApp,381,95,286,24.93%,0,1,7.1,22,0.05774278215,2,6,6,Stressed,FALSE,FALSE,FALSE
878,1924,Suhani Ghosh,16,26/04/2025,Male,WhatsApp,417,104,313,24.94%,0,1,6.9,18,0.04316546763,2,7,6,Stressed,TRUE,TRUE,TRUE
2828,1925,Suhani Ghosh,19,03/01/2025,Male,Facebook,519,182,337,35.07%,1,2,6.4,8,0.01541425819,3,8,5,Stressed,TRUE,FALSE,FALSE
2698,1926,Suhani Ghosh,34,03/10/2025,Male,Instagram,355,178,177,50.14%,1,2,7.2,24,0.0676056338,3,7,6,Stressed,TRUE,FALSE,FALSE
2062,1926,Suhani Ghosh,34,12/01/2025,Male,Twitter,372,149,223,40.05%,1,1,7.1,23,0.06182795699,2,7,6,Stressed,TRUE,TRUE,TRUE
1331,1927,Suhani Ghosh,42,26/04/2024,Male,YouTube,200,120,80,60.00%,0,2,8,40,0.2,2,6,6,Stressed,TRUE,FALSE,FALSE
526,1928,Suhani Ghosh,44,26/02/2024,Male,Facebook,251,88,163,35.06%,0,1,7.7,35,0.1394422311,1,5,7,At_Risk,TRUE,FALSE,FALSE
1162,1929,Suhani Ghosh,51,14/09/2024,Male,Snapchat,209,115,94,55.02%,0,1,8,39,0.1866028708,2,6,6,Stressed,TRUE,FALSE,FALSE
4788,1930,Diya Saxena,21,13/09/2024,Male,YouTube,504,302,202,59.92%,1,4,6.5,10,0.01984126984,3,8,5,Stressed,FALSE,FALSE,FALSE
1520,1930,Diya Saxena,21,03/06/2025,Female,WhatsApp,505,126,379,24.95%,1,1,6.5,10,0.0198019802,2,7,6,Stressed,TRUE,TRUE,TRUE
4867,1930,Diya Saxena,21,19/10/2024,Other,YouTube,520,312,208,60.00%,1,4,6.4,8,0.01538461538,3,8,5,Stressed,TRUE,TRUE,TRUE
527,1931,Diya Saxena,27,15/09/2024,Female,WhatsApp,352,88,264,25.00%,0,1,7.2,25,0.07102272727,1,6,7,Stressed,TRUE,FALSE,FALSE
1726,1932,Diya Saxena,30,11/06/2025,Female,Twitter,333,133,200,39.94%,1,1,7.3,27,0.08108108108,2,7,6,Stressed,TRUE,FALSE,FALSE
663,1933,Diya Saxena,33,07/02/2024,Female,WhatsApp,376,94,282,25.00%,0,1,7.1,22,0.0585106383,2,6,6,Stressed,TRUE,FALSE,FALSE
4278,1934,Suhani Yadav,15,01/06/2025,Male,TikTok,400,260,140,65.00%,2,2,7,20,0.05,4,9,4,Stressed,FALSE,FALSE,FALSE
1079,1935,Suhani Yadav,22,25/02/2025,Female,WhatsApp,452,113,339,25.00%,0,1,6.7,15,0.03318584071,2,7,6,Stressed,TRUE,FALSE,FALSE
4818,1935,Suhani Yadav,23,03/07/2025,Female,TikTok,470,306,164,65.11%,2,3,6.6,13,0.02765957447,4,9,4,Stressed,TRUE,TRUE,TRUE
2941,1936,Suhani Yadav,31,19/05/2025,Male,Instagram,378,189,189,50.00%,1,3,7.1,22,0.0582010582,3,7,6,Stressed,TRUE,FALSE,FALSE
777,1936,Suhani Yadav,31,21/06/2025,Male,WhatsApp,393,98,295,24.94%,0,1,7,21,0.0534351145,2,6,6,Stressed,TRUE,TRUE,TRUE
528,1937,Suhani Yadav,68,03/12/2024,Female,Instagram,177,88,89,49.72%,0,1,8.1,42,0.2372881356,1,5,7,Healthy,TRUE,FALSE,FALSE
4474,1938,Payal Banerjee,16,26/08/2025,Female,YouTube,459,275,184,59.91%,1,4,6.7,14,0.03050108932,3,8,5,Stressed,FALSE,FALSE,FALSE
2752,1939,Payal Banerjee,21,02/01/2025,Male,Facebook,513,180,333,35.09%,1,2,6.4,9,0.01754385965,3,8,5,Stressed,TRUE,FALSE,FALSE
529,1940,Payal Banerjee,42,28/08/2025,Female,Facebook,251,88,163,35.06%,0,1,7.7,35,0.1394422311,1,5,7,At_Risk,TRUE,FALSE,FALSE
1396,1941,Payal Banerjee,57,20/01/2024,Female,YouTube,203,122,81,60.10%,1,2,8,40,0.197044335,2,6,6,Stressed,TRUE,FALSE,FALSE
3754,1942,Vihaan Rawat,15,30/07/2025,Male,Snapchat,420,231,189,55.00%,1,2,6.9,18,0.04285714286,3,8,5,Stressed,FALSE,FALSE,FALSE
2156,1943,Vihaan Rawat,23,21/07/2025,Female,Facebook,440,154,286,35.00%,1,1,6.8,16,0.03636363636,2,7,6,Stressed,TRUE,FALSE,FALSE
2723,1943,Vihaan Rawat,24,10/11/2025,Male,Facebook,512,179,333,34.96%,1,2,6.4,9,0.017578125,3,8,5,Stressed,TRUE,TRUE,TRUE
1317,1944,Vihaan Rawat,33,13/03/2025,Male,Facebook,344,120,224,34.88%,0,1,7.3,26,0.07558139535,2,6,6,Stressed,TRUE,FALSE,FALSE
530,1945,Vihaan Rawat,38,20/03/2024,Female,Twitter,220,88,132,40.00%,1,1,7.9,38,0.1727272727,2,6,6,Stressed,TRUE,FALSE,FALSE
3469,1946,Ishaan Shetty,15,30/03/2024,Male,Snapchat,393,216,177,54.96%,1,2,7,21,0.0534351145,3,8,5,Stressed,FALSE,FALSE,FALSE
1299,1947,Ishaan Shetty,24,05/03/2024,Other,WhatsApp,482,120,362,24.90%,0,1,6.6,12,0.02489626556,2,7,6,Stressed,TRUE,FALSE,FALSE
532,1948,Ishaan Shetty,27,01/11/2025,Male,WhatsApp,352,88,264,25.00%,0,1,7.2,25,0.07102272727,1,6,7,Stressed,TRUE,FALSE,FALSE
3040,1949,Ishaan Shetty,29,12/02/2024,Male,Instagram,389,194,195,49.87%,1,3,7.1,21,0.05398457584,3,8,5,Stressed,TRUE,FALSE,FALSE
2933,1950,Ishaan Shetty,33,08/09/2024,Female,Snapchat,342,188,154,54.97%,1,2,7.3,26,0.07602339181,3,7,6,Stressed,TRUE,FALSE,FALSE
3927,1951,Aarav Reddy,16,20/03/2025,Female,Snapchat,438,241,197,55.02%,1,2,6.8,16,0.03652968037,3,8,5,Stressed,FALSE,FALSE,FALSE
4272,1952,Aarav Reddy,19,18/08/2024,Female,Snapchat,471,259,212,54.99%,1,2,6.6,13,0.02760084926,3,8,5,Stressed,TRUE,FALSE,FALSE
4530,1953,Aarav Reddy,25,19/01/2024,Female,YouTube,468,281,187,60.04%,1,4,6.7,13,0.02777777778,3,8,5,Stressed,TRUE,FALSE,FALSE
2804,1954,Aarav Reddy,34,07/03/2025,Male,Instagram,363,182,181,50.14%,1,2,7.2,24,0.06611570248,3,7,6,Stressed,TRUE,FALSE,FALSE
831,1955,Aarav Reddy,37,14/02/2025,Male,Instagram,200,100,100,50.00%,0,1,8,40,0.2,2,6,6,Stressed,TRUE,FALSE,FALSE
533,1956,Aarav Reddy,57,26/08/2024,Female,Instagram,176,88,88,50.00%,0,1,8.1,42,0.2386363636,1,5,7,Healthy,TRUE,FALSE,FALSE
1096,1957,Navya Kale,23,18/05/2025,Female,WhatsApp,451,113,338,25.06%,0,1,6.7,15,0.0332594235,2,7,6,Stressed,FALSE,FALSE,FALSE
1596,1957,Navya Kale,24,28/06/2025,Female,WhatsApp,514,128,386,24.90%,1,1,6.4,9,0.01750972763,2,7,6,Stressed,TRUE,TRUE,TRUE
1814,1958,Navya Kale,41,12/09/2025,Female,TikTok,210,136,74,64.76%,1,1,8,39,0.1857142857,2,6,6,Stressed,TRUE,FALSE,FALSE
534,1959,Navya Kale,54,05/11/2024,Male,YouTube,147,88,59,59.86%,0,1,8.3,45,0.306122449,1,5,7,Healthy,TRUE,FALSE,FALSE
1580,1960,Navya Kale,64,10/10/2025,Male,YouTube,213,128,85,60.09%,1,2,7.9,39,0.1830985915,2,6,6,Stressed,TRUE,FALSE,FALSE
4144,1961,Reyansh Reddy,23,07/01/2024,Male,Snapchat,460,253,207,55.00%,1,2,6.7,14,0.03043478261,3,8,5,Stressed,FALSE,FALSE,FALSE
2490,1961,Reyansh Reddy,24,16/09/2024,Male,Facebook,482,169,313,35.06%,1,2,6.6,12,0.02489626556,3,8,5,Stressed,TRUE,TRUE,TRUE
4682,1961,Reyansh Reddy,25,12/06/2025,Female,TikTok,450,292,158,64.89%,2,3,6.8,15,0.03333333333,4,9,4,Stressed,TRUE,TRUE,TRUE
3608,1962,Reyansh Reddy,30,23/02/2025,Female,TikTok,345,224,121,64.93%,1,2,7.3,26,0.07536231884,3,7,6,Stressed,TRUE,FALSE,FALSE
535,1963,Reyansh Reddy,35,30/11/2024,Male,WhatsApp,350,88,262,25.14%,0,1,7.2,25,0.07142857143,1,6,7,Stressed,TRUE,FALSE,FALSE
2805,1964,Reyansh Reddy,40,03/08/2025,Male,TikTok,280,182,98,65.00%,1,2,7.6,32,0.1142857143,3,7,6,Stressed,TRUE,FALSE,FALSE
1891,1965,Reyansh Reddy,45,14/07/2024,Male,TikTok,214,139,75,64.95%,1,1,7.9,39,0.1822429907,2,6,6,Stressed,TRUE,FALSE,FALSE
967,1966,Reyansh Reddy,57,24/06/2025,Male,YouTube,182,109,73,59.89%,0,1,8.1,42,0.2307692308,2,6,6,Stressed,TRUE,FALSE,FALSE
1540,1966,Reyansh Reddy,57,09/08/2024,Male,YouTube,211,127,84,60.19%,1,2,7.9,39,0.1848341232,2,6,6,Stressed,TRUE,TRUE,TRUE
2111,1967,Meera Rathod,17,28/03/2024,Female,Facebook,435,152,283,34.94%,1,1,6.8,16,0.0367816092,2,7,6,Stressed,FALSE,FALSE,FALSE
3236,1968,Meera Rathod,20,24/04/2024,Male,Twitter,505,202,303,40.00%,1,2,6.5,10,0.0198019802,3,8,5,Stressed,TRUE,FALSE,FALSE
1236,1969,Meera Rathod,22,23/08/2025,Male,WhatsApp,469,117,352,24.95%,0,1,6.7,13,0.02771855011,2,7,6,Stressed,TRUE,FALSE,FALSE
4635,1969,Meera Rathod,22,07/02/2025,Male,YouTube,482,289,193,59.96%,1,4,6.6,12,0.02489626556,3,8,5,Stressed,TRUE,TRUE,TRUE
2978,1970,Meera Rathod,25,23/09/2024,Male,Twitter,478,191,287,39.96%,1,2,6.6,12,0.02510460251,3,8,5,Stressed,TRUE,FALSE,FALSE
537,1971,Meera Rathod,28,23/01/2024,Female,WhatsApp,351,88,263,25.07%,0,1,7.2,25,0.07122507123,1,6,7,Stressed,TRUE,FALSE,FALSE
2961,1971,Meera Rathod,29,25/10/2024,Female,Instagram,381,190,191,49.87%,1,3,7.1,22,0.05774278215,3,7,6,Stressed,TRUE,TRUE,TRUE
3475,1972,Meera Rathod,33,22/02/2025,Male,Snapchat,392,216,176,55.10%,1,2,7,21,0.05357142857,3,8,5,Stressed,TRUE,FALSE,FALSE
744,1973,Meera Rathod,38,10/07/2025,Female,Twitter,240,96,144,40.00%,1,1,7.8,36,0.15,2,6,6,Stressed,TRUE,FALSE,FALSE
2341,1974,Meera Rathod,44,23/05/2024,Female,TikTok,248,161,87,64.92%,1,1,7.8,35,0.1411290323,2,6,6,Stressed,TRUE,FALSE,FALSE
1000,1975,Saanvi Joshi,17,08/10/2025,Female,WhatsApp,438,110,328,25.11%,0,1,6.8,16,0.03652968037,2,7,6,Stressed,FALSE,FALSE,FALSE
1061,1976,Saanvi Joshi,25,07/01/2024,Female,WhatsApp,446,112,334,25.11%,0,1,6.8,15,0.033632287,2,7,6,Stressed,TRUE,FALSE,FALSE
538,1977,Saanvi Joshi,30,16/07/2024,Male,WhatsApp,350,88,262,25.14%,0,1,7.2,25,0.07142857143,1,6,7,Stressed,TRUE,FALSE,FALSE
1947,1978,Kavya Patil,15,04/11/2025,Male,Facebook,405,142,263,35.06%,1,1,7,20,0.04938271605,2,7,6,Stressed,FALSE,FALSE,FALSE
2964,1979,Kavya Patil,21,24/07/2024,Female,Twitter,476,190,286,39.92%,1,2,6.6,12,0.02521008403,3,8,5,Stressed,TRUE,FALSE,FALSE
3865,1979,Kavya Patil,22,11/10/2024,Female,Instagram,476,238,238,50.00%,1,3,6.6,12,0.02521008403,3,8,5,Stressed,TRUE,TRUE,TRUE
4179,1980,Kavya Patil,34,31/08/2025,Male,TikTok,392,255,137,65.05%,2,2,7,21,0.05357142857,4,8,5,Stressed,TRUE,FALSE,FALSE
539,1981,Kavya Patil,45,04/04/2025,Male,Facebook,250,88,162,35.20%,0,1,7.8,35,0.14,1,5,7,At_Risk,TRUE,FALSE,FALSE
578,1982,Kavya Patil,63,06/10/2025,Male,Instagram,181,90,91,49.72%,0,1,8.1,42,0.2320441989,2,6,6,Stressed,TRUE,FALSE,FALSE
4712,1983,Sai Shetty,14,31/07/2025,Female,TikTok,454,295,159,64.98%,2,3,6.7,15,0.03303964758,4,9,4,Stressed,FALSE,FALSE,FALSE
2671,1984,Sai Shetty,22,23/03/2025,Male,Twitter,443,177,266,39.95%,1,2,6.8,16,0.03611738149,3,8,5,Stressed,TRUE,FALSE,FALSE
3220,1984,Sai Shetty,23,09/12/2024,Female,Twitter,505,202,303,40.00%,1,2,6.5,10,0.0198019802,3,8,5,Stressed,TRUE,TRUE,TRUE
3418,1985,Sai Shetty,27,14/06/2024,Female,YouTube,355,213,142,60.00%,1,3,7.2,24,0.0676056338,3,7,6,Stressed,TRUE,FALSE,FALSE
2971,1986,Sai Shetty,29,25/08/2025,Male,Instagram,379,190,189,50.13%,1,3,7.1,22,0.0580474934,3,7,6,Stressed,TRUE,FALSE,FALSE
541,1987,Sai Shetty,41,27/04/2025,Female,Twitter,219,88,131,40.18%,1,1,7.9,38,0.1735159817,2,6,6,Stressed,TRUE,FALSE,FALSE
4053,1988,Aarav Ghosh,29,18/04/2024,Female,TikTok,381,248,133,65.09%,2,2,7.1,22,0.05774278215,4,8,5,Stressed,FALSE,FALSE,FALSE
2018,1989,Aarav Ghosh,35,11/07/2024,Male,Twitter,366,146,220,39.89%,1,1,7.2,23,0.06284153005,2,7,6,Stressed,TRUE,FALSE,FALSE
575,1990,Aarav Ghosh,43,30/04/2025,Male,Twitter,225,90,135,40.00%,1,1,7.9,38,0.1688888889,2,6,6,Stressed,TRUE,FALSE,FALSE
542,1991,Aarav Ghosh,67,11/04/2025,Female,Instagram,176,88,88,50.00%,0,1,8.1,42,0.2386363636,1,5,7,Healthy,TRUE,FALSE,FALSE
3580,1992,Pooja Banerjee,16,02/08/2025,Male,Snapchat,403,222,181,55.09%,1,2,7,20,0.04962779156,3,8,5,Stressed,FALSE,FALSE,FALSE
4012,1993,Pooja Banerjee,22,05/10/2025,Female,Snapchat,448,246,202,54.91%,1,2,6.8,15,0.03348214286,3,8,5,Stressed,TRUE,FALSE,FALSE
2283,1993,Pooja Banerjee,22,17/05/2025,Male,Facebook,455,159,296,34.95%,1,1,6.7,14,0.03076923077,2,7,6,Stressed,TRUE,TRUE,TRUE
1930,1994,Pooja Banerjee,35,02/07/2025,Male,Twitter,353,141,212,39.94%,1,1,7.2,25,0.07082152975,2,7,6,Stressed,TRUE,FALSE,FALSE
1470,1995,Pooja Banerjee,39,31/10/2025,Female,Instagram,250,125,125,50.00%,1,2,7.8,35,0.14,2,6,6,Stressed,TRUE,FALSE,FALSE
543,1996,Pooja Banerjee,66,21/06/2025,Female,YouTube,147,88,59,59.86%,0,1,8.3,45,0.306122449,1,5,7,Healthy,TRUE,FALSE,FALSE
4647,1997,Kavya Mishra,13,13/10/2024,Female,TikTok,446,290,156,65.02%,2,3,6.8,15,0.033632287,4,9,4,Stressed,FALSE,FALSE,FALSE
4099,1997,Kavya Mishra,14,15/10/2025,Female,YouTube,419,251,168,59.90%,1,3,6.9,18,0.04295942721,3,8,5,Stressed,TRUE,TRUE,TRUE
3188,1998,Kavya Mishra,20,23/10/2024,Male,Twitter,499,200,299,40.08%,1,2,6.5,10,0.02004008016,3,8,5,Stressed,TRUE,FALSE,FALSE
4184,1998,Kavya Mishra,20,06/10/2025,Male,Instagram,510,255,255,50.00%,1,3,6.4,9,0.01764705882,3,8,5,Stressed,TRUE,TRUE,TRUE
4286,1998,Kavya Mishra,21,11/01/2025,Male,Snapchat,472,260,212,55.08%,1,2,6.6,13,0.02754237288,3,8,5,Stressed,TRUE,TRUE,TRUE
1017,1998,Kavya Mishra,22,15/06/2024,Female,WhatsApp,443,111,332,25.06%,0,1,6.8,16,0.03611738149,2,7,6,Stressed,TRUE,TRUE,TRUE
2851,1999,Kavya Mishra,27,13/11/2025,Male,Snapchat,333,183,150,54.95%,1,2,7.3,27,0.08108108108,3,7,6,Stressed,TRUE,FALSE,FALSE
3349,2000,Kavya Mishra,30,29/07/2025,Male,YouTube,349,209,140,59.89%,1,3,7.3,25,0.07163323782,3,7,6,Stressed,TRUE,FALSE,FALSE
2958,2000,Kavya Mishra,31,10/04/2024,Female,Snapchat,346,190,156,54.91%,1,2,7.3,25,0.07225433526,3,7,6,Stressed,TRUE,TRUE,TRUE
544,2000,Kavya Mishra,32,09/08/2025,Male,WhatsApp,353,88,265,24.93%,0,1,7.2,25,0.07082152975,1,6,7,Stressed,TRUE,TRUE,TRUE
2562,2001,Aadhya Shetty,16,28/02/2024,Female,Twitter,432,173,259,40.05%,1,2,6.8,17,0.03935185185,3,8,5,Stressed,FALSE,FALSE,FALSE
545,2002,Aadhya Shetty,27,16/03/2024,Female,WhatsApp,352,88,264,25.00%,0,1,7.2,25,0.07102272727,1,6,7,Stressed,TRUE,FALSE,FALSE
1984,2003,Aadhya Shetty,43,01/05/2025,Female,TikTok,222,144,78,64.86%,1,1,7.9,38,0.1711711712,2,6,6,Stressed,TRUE,FALSE,FALSE
3111,2004,Suhani Shetty,15,20/01/2025,Other,Instagram,394,197,197,50.00%,1,3,7,21,0.05329949239,3,8,5,Stressed,FALSE,FALSE,FALSE
4304,2005,Suhani Shetty,20,29/03/2025,Female,Snapchat,476,262,214,55.04%,1,2,6.6,12,0.02521008403,3,8,5,Stressed,TRUE,FALSE,FALSE
4404,2005,Suhani Shetty,21,23/07/2024,Female,YouTube,451,271,180,60.09%,1,4,6.7,15,0.0332594235,3,8,5,Stressed,TRUE,TRUE,TRUE
3650,2005,Suhani Shetty,21,12/07/2024,Female,Instagram,453,226,227,49.89%,1,3,6.7,15,0.03311258278,3,8,5,Stressed,TRUE,TRUE,TRUE
546,2006,Suhani Shetty,28,07/09/2024,Male,WhatsApp,351,88,263,25.07%,0,1,7.2,25,0.07122507123,1,6,7,Stressed,TRUE,FALSE,FALSE
1127,2007,Suhani Shetty,52,08/03/2025,Male,Snapchat,208,114,94,54.81%,0,1,8,39,0.1875,2,6,6,Stressed,TRUE,FALSE,FALSE
2744,2008,Vivaan Kulkarni,16,26/05/2024,Male,Twitter,449,180,269,40.09%,1,2,6.8,15,0.03340757238,3,8,5,Stressed,FALSE,FALSE,FALSE
4083,2009,Vivaan Kulkarni,19,26/07/2025,Female,Instagram,501,250,251,49.90%,1,3,6.5,10,0.01996007984,3,8,5,Stressed,TRUE,FALSE,FALSE
2820,2009,Vivaan Kulkarni,20,03/08/2025,Male,Twitter,454,182,272,40.09%,1,2,6.7,15,0.03303964758,3,8,5,Stressed,TRUE,TRUE,TRUE
4625,2010,Vivaan Kulkarni,24,03/03/2025,Male,TikTok,443,288,155,65.01%,2,3,6.8,16,0.03611738149,4,9,4,Stressed,TRUE,FALSE,FALSE
2087,2011,Vivaan Kulkarni,31,29/02/2024,Male,Twitter,378,151,227,39.95%,1,1,7.1,22,0.0582010582,2,7,6,Stressed,TRUE,FALSE,FALSE
547,2012,Vivaan Kulkarni,61,20/11/2024,Male,Twitter,220,88,132,40.00%,1,1,7.9,38,0.1727272727,2,6,6,Stressed,TRUE,FALSE,FALSE
4237,2013,Saanvi Deshmukh,24,31/05/2024,Female,Instagram,517,258,259,49.90%,1,3,6.4,8,0.01547388781,3,8,5,Stressed,FALSE,FALSE,FALSE
3310,2013,Saanvi Deshmukh,25,20/08/2025,Female,Twitter,514,206,308,40.08%,1,2,6.4,9,0.01750972763,3,8,5,Stressed,TRUE,TRUE,TRUE
2868,2014,Saanvi Deshmukh,27,14/04/2024,Male,Snapchat,335,184,151,54.93%,1,2,7.3,26,0.0776119403,3,7,6,Stressed,TRUE,FALSE,FALSE
3238,2014,Saanvi Deshmukh,28,31/03/2024,Female,Snapchat,368,202,166,54.89%,1,2,7.2,23,0.0625,3,7,6,Stressed,TRUE,TRUE,TRUE
549,2014,Saanvi Deshmukh,29,16/03/2025,Female,WhatsApp,352,88,264,25.00%,0,1,7.2,25,0.07102272727,1,6,7,Stressed,TRUE,TRUE,TRUE
4245,2015,Reyansh Naidu,17,27/05/2025,Male,YouTube,430,258,172,60.00%,1,3,6.8,17,0.03953488372,3,8,5,Stressed,FALSE,FALSE,FALSE
1201,2016,Reyansh Naidu,24,15/07/2025,Male,WhatsApp,464,116,348,25.00%,0,1,6.7,14,0.03017241379,2,7,6,Stressed,TRUE,FALSE,FALSE
3950,2016,Reyansh Naidu,24,19/01/2024,Female,Instagram,483,242,241,50.10%,1,3,6.6,12,0.0248447205,3,8,5,Stressed,TRUE,TRUE,TRUE
4541,2016,Reyansh Naidu,24,09/04/2025,Male,Snapchat,512,282,230,55.08%,1,3,6.4,9,0.017578125,3,8,5,Stressed,TRUE,TRUE,TRUE
3208,2017,Reyansh Naidu,27,15/10/2025,Female,Snapchat,364,200,164,54.95%,1,2,7.2,24,0.06593406593,3,7,6,Stressed,TRUE,FALSE,FALSE
1463,2018,Reyansh Naidu,34,07/03/2024,Male,Facebook,355,124,231,34.93%,1,1,7.2,24,0.0676056338,2,7,6,Stressed,TRUE,FALSE,FALSE
550,2019,Reyansh Naidu,45,27/03/2024,Male,Twitter,221,88,133,39.82%,1,1,7.9,38,0.1719457014,2,6,6,Stressed,TRUE,FALSE,FALSE
4307,2020,Shaurya Pawar,14,02/10/2025,Female,TikTok,404,263,141,65.10%,2,2,7,20,0.0495049505,4,9,4,Stressed,FALSE,FALSE,FALSE
1239,2021,Shaurya Pawar,20,31/10/2024,Male,WhatsApp,472,118,354,25.00%,0,1,6.6,13,0.02754237288,2,7,6,Stressed,TRUE,FALSE,FALSE
4165,2021,Shaurya Pawar,20,20/06/2025,Female,Instagram,508,254,254,50.00%,1,3,6.5,9,0.01771653543,3,8,5,Stressed,TRUE,TRUE,TRUE
2687,2022,Shaurya Pawar,26,11/01/2025,Male,Snapchat,323,178,145,55.11%,1,2,7.4,28,0.0866873065,3,7,6,Stressed,TRUE,FALSE,FALSE
694,2023,Shaurya Pawar,33,17/09/2025,Female,WhatsApp,381,95,286,24.93%,0,1,7.1,22,0.05774278215,2,6,6,Stressed,TRUE,FALSE,FALSE
3377,2024,Shaurya Pawar,35,27/04/2025,Female,TikTok,324,211,113,65.12%,1,2,7.4,28,0.08641975309,3,7,6,Stressed,TRUE,FALSE,FALSE
933,2025,Shaurya Pawar,55,08/04/2024,Male,TikTok,165,107,58,64.85%,1,1,8.2,44,0.2666666667,2,6,6,Stressed,TRUE,FALSE,FALSE
1398,2026,Shaurya Pawar,57,22/07/2025,Female,YouTube,203,122,81,60.10%,1,2,8,40,0.197044335,2,6,6,Stressed,TRUE,FALSE,FALSE
552,2027,Shaurya Pawar,66,02/07/2024,Female,Instagram,175,88,87,50.29%,0,1,8.1,42,0.24,1,5,7,Healthy,TRUE,FALSE,FALSE
2333,2028,Arjun Iyer,19,03/11/2025,Male,Facebook,459,161,298,35.08%,1,1,6.7,14,0.03050108932,2,7,6,Stressed,FALSE,FALSE,FALSE
3828,2029,Arjun Iyer,32,30/05/2025,Male,TikTok,363,236,127,65.01%,2,2,7.2,24,0.06611570248,4,8,5,Stressed,TRUE,FALSE,FALSE
1723,2030,Arjun Iyer,41,19/01/2024,Male,Instagram,266,133,133,50.00%,1,2,7.7,33,0.1240601504,2,6,6,Stressed,TRUE,FALSE,FALSE
553,2031,Arjun Iyer,43,20/11/2024,Male,Twitter,222,89,133,40.09%,1,1,7.9,38,0.1711711712,2,6,6,Stressed,TRUE,FALSE,FALSE
555,2032,Arjun Iyer,69,06/01/2024,Male,YouTube,149,89,60,59.73%,0,1,8.3,45,0.3020134228,1,5,7,Healthy,TRUE,FALSE,FALSE
4667,2033,Isha Patel,15,27/01/2025,Male,TikTok,448,291,157,64.96%,2,3,6.8,15,0.03348214286,4,9,4,Stressed,FALSE,FALSE,FALSE
2335,2034,Isha Patel,17,04/10/2024,Male,Facebook,459,161,298,35.08%,1,1,6.7,14,0.03050108932,2,7,6,Stressed,TRUE,FALSE,FALSE
4341,2035,Isha Patel,23,29/02/2024,Male,Snapchat,484,266,218,54.96%,1,2,6.6,12,0.02479338843,3,8,5,Stressed,TRUE,FALSE,FALSE
4093,2036,Isha Patel,25,01/05/2024,Male,Snapchat,457,251,206,54.92%,1,2,6.7,14,0.0306345733,3,8,5,Stressed,TRUE,FALSE,FALSE
3542,2037,Isha Patel,28,25/04/2025,Male,YouTube,366,220,146,60.11%,1,3,7.2,23,0.06284153005,3,7,6,Stressed,TRUE,FALSE,FALSE
554,2038,Isha Patel,34,25/01/2025,Female,WhatsApp,357,89,268,24.93%,0,1,7.2,24,0.06722689076,1,6,7,Stressed,TRUE,FALSE,FALSE
2139,2039,Isha Patel,38,03/04/2025,Male,YouTube,255,153,102,60.00%,1,2,7.7,34,0.1333333333,2,6,6,Stressed,TRUE,FALSE,FALSE
2636,2040,Krishna Ansari,16,22/01/2025,Male,Twitter,439,176,263,40.09%,1,2,6.8,16,0.03644646925,3,8,5,Stressed,FALSE,FALSE,FALSE
560,2041,Krishna Ansari,47,07/10/2025,Male,YouTube,149,89,60,59.73%,0,1,8.3,45,0.3020134228,1,5,7,Healthy,TRUE,FALSE,FALSE
1274,2041,Krishna Ansari,47,14/01/2024,Male,TikTok,183,119,64,65.03%,1,1,8.1,42,0.2295081967,2,6,6,Stressed,TRUE,TRUE,TRUE
4258,2042,Anika Roy,27,23/05/2024,Female,TikTok,397,258,139,64.99%,2,2,7,20,0.05037783375,4,9,4,Stressed,FALSE,FALSE,FALSE
2884,2043,Anika Roy,35,15/09/2025,Male,Instagram,370,185,185,50.00%,1,2,7.2,23,0.06216216216,3,7,6,Stressed,TRUE,FALSE,FALSE
561,2044,Anika Roy,47,28/03/2024,Male,YouTube,148,89,59,60.14%,0,1,8.3,45,0.3040540541,1,5,7,Healthy,TRUE,FALSE,FALSE
2112,2045,Ishaan Deshmukh,15,19/09/2024,Female,Facebook,434,152,282,35.02%,1,1,6.8,17,0.03917050691,2,7,6,Stressed,FALSE,FALSE,FALSE
4243,2046,Ishaan Deshmukh,21,28/06/2025,Male,Snapchat,470,258,212,54.89%,1,2,6.6,13,0.02765957447,3,8,5,Stressed,TRUE,FALSE,FALSE
563,2047,Ishaan Deshmukh,29,01/12/2024,Male,WhatsApp,356,89,267,25.00%,0,1,7.2,24,0.06741573034,1,6,7,Stressed,TRUE,FALSE,FALSE
1927,2047,Ishaan Deshmukh,30,18/11/2024,Male,Facebook,399,140,259,35.09%,1,1,7,20,0.05012531328,2,7,6,Stressed,TRUE,TRUE,TRUE
766,2048,Ishaan Deshmukh,42,13/07/2025,Male,Twitter,246,98,148,39.84%,1,1,7.8,35,0.1422764228,2,6,6,Stressed,TRUE,FALSE,FALSE
1954,2049,Ishaan Deshmukh,60,24/04/2025,Male,TikTok,219,142,77,64.84%,1,1,7.9,38,0.1735159817,2,6,6,Stressed,TRUE,FALSE,FALSE
1195,2049,Ishaan Deshmukh,61,19/03/2024,Female,YouTube,193,116,77,60.10%,0,2,8,41,0.2124352332,2,6,6,Stressed,TRUE,TRUE,TRUE
3307,2050,Krishna Deshmukh,15,01/06/2024,Male,Instagram,411,206,205,50.12%,1,3,6.9,19,0.04622871046,3,8,5,Stressed,FALSE,FALSE,FALSE
2772,2051,Krishna Deshmukh,19,28/03/2024,Female,Facebook,518,181,337,34.94%,1,2,6.4,8,0.01544401544,3,8,5,Stressed,TRUE,FALSE,FALSE
4392,2051,Krishna Deshmukh,20,13/08/2024,Female,YouTube,448,269,179,60.04%,1,4,6.8,15,0.03348214286,3,8,5,Stressed,TRUE,TRUE,TRUE
3231,2052,Krishna Deshmukh,23,17/07/2025,Male,Twitter,504,202,302,40.08%,1,2,6.5,10,0.01984126984,3,8,5,Stressed,TRUE,FALSE,FALSE
565,2053,Krishna Deshmukh,29,17/07/2024,Male,WhatsApp,356,89,267,25.00%,0,1,7.2,24,0.06741573034,1,6,7,Stressed,TRUE,FALSE,FALSE
3049,2054,Krishna Deshmukh,35,28/04/2025,Male,Instagram,387,194,193,50.13%,1,3,7.1,21,0.05426356589,3,8,5,Stressed,TRUE,FALSE,FALSE
1908,2055,Krishna Deshmukh,41,14/10/2025,Male,YouTube,233,140,93,60.09%,1,2,7.8,37,0.1587982833,2,6,6,Stressed,TRUE,FALSE,FALSE
2279,2056,Anika Deshmukh,16,17/02/2025,Male,Facebook,453,159,294,35.10%,1,1,6.7,15,0.03311258278,2,7,6,Stressed,FALSE,FALSE,FALSE
2049,2057,Anika Deshmukh,18,01/08/2024,Female,Facebook,422,148,274,35.07%,1,1,6.9,18,0.04265402844,2,7,6,Stressed,TRUE,FALSE,FALSE
4167,2057,Anika Deshmukh,19,15/01/2025,Male,Snapchat,461,254,207,55.10%,1,2,6.7,14,0.03036876356,3,8,5,Stressed,TRUE,TRUE,TRUE
4465,2058,Anika Deshmukh,21,18/03/2025,Male,YouTube,458,275,183,60.04%,1,4,6.7,14,0.03056768559,3,8,5,Stressed,TRUE,FALSE,FALSE
1064,2058,Anika Deshmukh,22,15/01/2025,Male,WhatsApp,447,112,335,25.06%,0,1,6.8,15,0.03355704698,2,7,6,Stressed,TRUE,TRUE,TRUE
4787,2058,Anika Deshmukh,23,28/01/2025,Male,YouTube,504,302,202,59.92%,1,4,6.5,10,0.01984126984,3,8,5,Stressed,TRUE,TRUE,TRUE
567,2059,Anika Deshmukh,28,26/07/2025,Male,WhatsApp,357,89,268,24.93%,0,1,7.2,24,0.06722689076,1,6,7,Stressed,TRUE,FALSE,FALSE
1180,2059,Anika Deshmukh,29,01/09/2025,Male,Facebook,331,116,215,35.05%,0,1,7.3,27,0.08157099698,2,6,6,Stressed,TRUE,TRUE,TRUE
2006,2060,Anika Deshmukh,34,11/01/2024,Female,Twitter,366,146,220,39.89%,1,1,7.2,23,0.06284153005,2,7,6,Stressed,TRUE,FALSE,FALSE
4033,2061,Avni Choudhary,19,17/06/2024,Female,Instagram,496,248,248,50.00%,1,3,6.5,10,0.02016129032,3,8,5,Stressed,FALSE,FALSE,FALSE
568,2062,Avni Choudhary,29,09/04/2024,Male,WhatsApp,355,89,266,25.07%,0,1,7.2,24,0.0676056338,1,6,7,Stressed,TRUE,FALSE,FALSE
2024,2063,Avni Choudhary,40,17/07/2024,Male,YouTube,245,147,98,60.00%,1,2,7.8,36,0.1469387755,2,6,6,Stressed,TRUE,FALSE,FALSE
1497,2064,Avni Choudhary,42,24/05/2024,Female,Instagram,253,126,127,49.80%,1,2,7.7,35,0.1383399209,2,6,6,Stressed,TRUE,FALSE,FALSE
1370,2065,Aarav Patil,22,22/04/2025,Female,WhatsApp,488,122,366,25.00%,1,1,6.6,11,0.02254098361,2,7,6,Stressed,FALSE,FALSE,FALSE
1132,2066,Aarav Patil,28,28/01/2025,Female,Facebook,327,114,213,34.86%,0,1,7.4,27,0.08256880734,2,6,6,Stressed,TRUE,FALSE,FALSE
569,2067,Aarav Patil,37,27/12/2024,Male,Facebook,255,89,166,34.90%,0,1,7.7,34,0.1333333333,1,5,7,At_Risk,TRUE,FALSE,FALSE
3870,2068,Myra Verma,13,09/03/2024,Male,YouTube,397,238,159,59.95%,1,3,7,20,0.05037783375,3,8,5,Stressed,FALSE,FALSE,FALSE
1783,2069,Myra Verma,26,03/07/2025,Female,Twitter,336,134,202,39.88%,1,1,7.3,26,0.07738095238,2,7,6,Stressed,TRUE,FALSE,FALSE
572,2070,Myra Verma,41,13/03/2025,Male,Facebook,253,89,164,35.18%,0,1,7.7,35,0.1383399209,1,5,7,At_Risk,TRUE,FALSE,FALSE
3054,2071,Vihaan Kale,16,11/03/2024,Male,Instagram,389,194,195,49.87%,1,3,7.1,21,0.05398457584,3,8,5,Stressed,FALSE,FALSE,FALSE
2754,2071,Vihaan Kale,17,25/08/2024,Female,Twitter,449,180,269,40.09%,1,2,6.8,15,0.03340757238,3,8,5,Stressed,TRUE,TRUE,TRUE
4739,2072,Vihaan Kale,22,05/09/2025,Female,YouTube,497,298,199,59.96%,1,4,6.5,10,0.02012072435,3,8,5,Stressed,TRUE,FALSE,FALSE
2979,2073,Vihaan Kale,32,02/06/2024,Male,Snapchat,347,191,156,55.04%,1,2,7.3,25,0.07204610951,3,7,6,Stressed,TRUE,FALSE,FALSE
574,2074,Vihaan Kale,39,06/11/2024,Female,Twitter,226,90,136,39.82%,1,1,7.9,37,0.1637168142,2,6,6,Stressed,TRUE,FALSE,FALSE
3639,2075,Avni Rawat,14,30/05/2025,Male,Instagram,451,226,225,50.11%,1,3,6.7,15,0.0332594235,3,8,5,Stressed,FALSE,FALSE,FALSE
3228,2076,Avni Rawat,26,25/04/2025,Female,YouTube,337,202,135,59.94%,1,3,7.3,26,0.07715133531,3,7,6,Stressed,TRUE,FALSE,FALSE
1148,2077,Avni Rawat,33,30/09/2024,Male,Facebook,329,115,214,34.95%,0,1,7.4,27,0.0820668693,2,6,6,Stressed,TRUE,FALSE,FALSE
577,2078,Avni Rawat,66,27/09/2024,Male,Instagram,180,90,90,50.00%,0,1,8.1,42,0.2333333333,2,6,6,Stressed,TRUE,FALSE,FALSE
4329,2079,Meera Nair,13,05/01/2024,Male,YouTube,441,265,176,60.09%,1,4,6.8,16,0.03628117914,3,8,5,Stressed,FALSE,FALSE,FALSE
4149,2080,Meera Nair,16,31/10/2025,Male,YouTube,421,253,168,60.10%,1,3,6.9,18,0.04275534442,3,8,5,Stressed,TRUE,FALSE,FALSE
3081,2081,Meera Nair,21,04/11/2024,Male,Twitter,489,196,293,40.08%,1,2,6.6,11,0.02249488753,3,8,5,Stressed,TRUE,FALSE,FALSE
3985,2082,Meera Nair,24,05/01/2024,Male,Instagram,487,244,243,50.10%,1,3,6.6,11,0.02258726899,3,8,5,Stressed,TRUE,FALSE,FALSE
3594,2082,Meera Nair,25,16/02/2024,Female,Instagram,446,223,223,50.00%,1,3,6.8,15,0.033632287,3,8,5,Stressed,TRUE,TRUE,TRUE
2304,2083,Meera Nair,31,01/04/2024,Male,Instagram,320,160,160,50.00%,1,2,7.4,28,0.0875,2,7,6,Stressed,TRUE,FALSE,FALSE
580,2084,Meera Nair,56,14/01/2025,Male,YouTube,150,90,60,60.00%,0,1,8.2,45,0.3,2,6,6,Stressed,TRUE,FALSE,FALSE
2661,2085,Shaurya Menon,19,22/12/2024,Female,Twitter,443,177,266,39.95%,1,2,6.8,16,0.03611738149,3,8,5,Stressed,FALSE,FALSE,FALSE
4117,2085,Shaurya Menon,19,15/02/2025,Female,Snapchat,459,252,207,54.90%,1,2,6.7,14,0.03050108932,3,8,5,Stressed,TRUE,TRUE,TRUE
1389,2085,Shaurya Menon,19,20/04/2024,Male,WhatsApp,488,122,366,25.00%,1,1,6.6,11,0.02254098361,2,7,6,Stressed,TRUE,TRUE,TRUE
1071,2086,Shaurya Menon,25,16/04/2024,Female,WhatsApp,447,112,335,25.06%,0,1,6.8,15,0.03355704698,2,7,6,Stressed,TRUE,FALSE,FALSE
4038,2086,Shaurya Menon,25,13/06/2024,Male,Snapchat,451,248,203,54.99%,1,2,6.7,15,0.0332594235,3,8,5,Stressed,TRUE,TRUE,TRUE
679,2087,Shaurya Menon,29,30/06/2025,Female,WhatsApp,377,94,283,24.93%,0,1,7.1,22,0.05835543767,2,6,6,Stressed,TRUE,FALSE,FALSE
2365,2088,Shaurya Menon,33,09/08/2024,Male,Instagram,325,162,163,49.85%,1,2,7.4,28,0.08615384615,2,7,6,Stressed,TRUE,FALSE,FALSE
872,2089,Shaurya Menon,43,22/01/2024,Female,Twitter,259,104,155,40.15%,1,1,7.7,34,0.1312741313,2,6,6,Stressed,TRUE,FALSE,FALSE
2146,2090,Shaurya Menon,45,29/05/2025,Female,TikTok,237,154,83,64.98%,1,1,7.8,36,0.1518987342,2,6,6,Stressed,TRUE,FALSE,FALSE
581,2091,Shaurya Menon,51,18/06/2025,Female,Snapchat,163,90,73,55.21%,0,1,8.2,44,0.2699386503,2,6,6,Stressed,TRUE,FALSE,FALSE
4236,2092,Riya Shetty,16,09/08/2024,Female,YouTube,428,257,171,60.05%,1,3,6.9,17,0.03971962617,3,8,5,Stressed,FALSE,FALSE,FALSE
2965,2093,Riya Shetty,20,09/07/2025,Male,Twitter,474,190,284,40.08%,1,2,6.6,13,0.02742616034,3,8,5,Stressed,TRUE,FALSE,FALSE
2768,2094,Riya Shetty,28,29/08/2025,Female,Instagram,362,181,181,50.00%,1,2,7.2,24,0.06629834254,3,7,6,Stressed,TRUE,FALSE,FALSE
3689,2095,Riya Shetty,34,25/02/2024,Other,TikTok,351,228,123,64.96%,2,2,7.2,25,0.07122507123,3,8,5,Stressed,TRUE,FALSE,FALSE
583,2096,Riya Shetty,42,07/07/2025,Female,Facebook,256,90,166,35.16%,0,1,7.7,34,0.1328125,2,6,6,Stressed,TRUE,FALSE,FALSE
2162,2096,Riya Shetty,43,10/01/2025,Male,TikTok,237,154,83,64.98%,1,1,7.8,36,0.1518987342,2,6,6,Stressed,TRUE,TRUE,TRUE
2173,2097,Riya Shetty,45,28/01/2024,Male,TikTok,239,155,84,64.85%,1,1,7.8,36,0.1506276151,2,6,6,Stressed,TRUE,FALSE,FALSE
1750,2098,Sai Verma,18,07/08/2025,Male,Facebook,382,134,248,35.08%,1,1,7.1,22,0.05759162304,2,7,6,Stressed,FALSE,FALSE,FALSE
4422,2098,Sai Verma,19,04/10/2025,Female,Snapchat,494,272,222,55.06%,1,2,6.5,11,0.02226720648,3,8,5,Stressed,TRUE,TRUE,TRUE
4641,2099,Sai Verma,21,26/10/2025,Male,TikTok,444,289,155,65.09%,2,3,6.8,16,0.03603603604,4,9,4,Stressed,TRUE,FALSE,FALSE
4979,2100,Sai Verma,24,13/01/2025,Female,TikTok,512,333,179,65.04%,2,3,6.4,9,0.017578125,4,9,4,Stressed,TRUE,FALSE,FALSE
4109,2101,Sai Verma,30,21/01/2024,Female,TikTok,387,252,135,65.12%,2,2,7.1,21,0.05426356589,4,8,5,Stressed,TRUE,FALSE,FALSE
584,2102,Sai Verma,37,29/08/2024,Male,Facebook,257,90,167,35.02%,0,1,7.7,34,0.1322957198,2,6,6,Stressed,TRUE,FALSE,FALSE
856,2103,Jiya Banerjee,15,01/07/2025,Female,WhatsApp,408,102,306,25.00%,0,1,7,19,0.04656862745,2,7,6,Stressed,FALSE,FALSE,FALSE
4057,2104,Jiya Banerjee,19,15/05/2024,Female,Snapchat,453,249,204,54.97%,1,2,6.7,15,0.03311258278,3,8,5,Stressed,TRUE,FALSE,FALSE
2855,2105,Jiya Banerjee,22,05/11/2025,Female,Twitter,460,184,276,40.00%,1,2,6.7,14,0.03043478261,3,8,5,Stressed,TRUE,FALSE,FALSE
4234,2106,Jiya Banerjee,24,21/06/2025,Female,Instagram,514,257,257,50.00%,1,3,6.4,9,0.01750972763,3,8,5,Stressed,TRUE,FALSE,FALSE
2769,2107,Jiya Banerjee,33,14/04/2025,Female,Instagram,362,181,181,50.00%,1,2,7.2,24,0.06629834254,3,7,6,Stressed,TRUE,FALSE,FALSE
2739,2107,Jiya Banerjee,34,28/12/2024,Female,Snapchat,327,180,147,55.05%,1,2,7.4,27,0.08256880734,3,7,6,Stressed,TRUE,TRUE,TRUE
588,2107,Jiya Banerjee,34,02/11/2024,Female,WhatsApp,358,90,268,25.14%,0,1,7.2,24,0.06703910615,2,6,6,Stressed,TRUE,TRUE,TRUE
3177,2108,Saanvi Gupta,14,06/10/2025,Female,Instagram,398,199,199,50.00%,1,3,7,20,0.05025125628,3,8,5,Stressed,FALSE,FALSE,FALSE
1077,2109,Saanvi Gupta,21,12/07/2025,Female,WhatsApp,452,113,339,25.00%,0,1,6.7,15,0.03318584071,2,7,6,Stressed,TRUE,FALSE,FALSE
4927,2109,Saanvi Gupta,22,25/07/2025,Male,TikTok,496,322,174,64.92%,2,3,6.5,10,0.02016129032,4,9,4,Stressed,TRUE,TRUE,TRUE
716,2110,Saanvi Gupta,27,03/09/2025,Female,WhatsApp,385,96,289,24.94%,0,1,7.1,22,0.05714285714,2,6,6,Stressed,TRUE,FALSE,FALSE
2166,2111,Saanvi Gupta,35,16/06/2024,Female,Twitter,386,154,232,39.90%,1,1,7.1,21,0.05440414508,2,7,6,Stressed,TRUE,FALSE,FALSE
590,2112,Saanvi Gupta,38,21/10/2024,Female,Facebook,258,90,168,34.88%,0,1,7.7,34,0.1317829457,2,6,6,Stressed,TRUE,FALSE,FALSE
1756,2113,Saanvi Gupta,44,19/03/2024,Female,YouTube,224,134,90,59.82%,1,2,7.9,38,0.1696428571,2,6,6,Stressed,TRUE,FALSE,FALSE
3820,2114,Payal Reddy,14,29/10/2024,Female,YouTube,392,235,157,59.95%,1,3,7,21,0.05357142857,3,8,5,Stressed,FALSE,FALSE,FALSE
2442,2115,Payal Reddy,18,15/01/2025,Female,Twitter,415,166,249,40.00%,1,1,6.9,18,0.04337349398,3,8,5,Stressed,TRUE,FALSE,FALSE
4912,2116,Payal Reddy,20,09/05/2024,Female,TikTok,492,320,172,65.04%,2,3,6.5,11,0.02235772358,4,9,4,Stressed,TRUE,FALSE,FALSE
2942,2117,Payal Reddy,22,16/11/2025,Female,Twitter,473,189,284,39.96%,1,2,6.6,13,0.02748414376,3,8,5,Stressed,TRUE,FALSE,FALSE
2652,2117,Payal Reddy,22,08/02/2024,Male,Facebook,506,177,329,34.98%,1,2,6.5,9,0.01778656126,3,8,5,Stressed,TRUE,TRUE,TRUE
3407,2118,Payal Reddy,30,09/02/2024,Female,TikTok,326,212,114,65.03%,1,2,7.4,27,0.08282208589,3,7,6,Stressed,TRUE,FALSE,FALSE
593,2119,Payal Reddy,47,03/05/2025,Male,Snapchat,163,90,73,55.21%,0,1,8.2,44,0.2699386503,2,6,6,Stressed,TRUE,FALSE,FALSE
1120,2120,Riya Kulkarni,18,06/07/2024,Male,WhatsApp,455,114,341,25.05%,0,1,6.7,14,0.03076923077,2,7,6,Stressed,FALSE,FALSE,FALSE
1007,2121,Riya Kulkarni,20,02/07/2024,Male,WhatsApp,445,111,334,24.94%,0,1,6.8,16,0.03595505618,2,7,6,Stressed,TRUE,FALSE,FALSE
1774,2122,Riya Kulkarni,27,15/07/2024,Female,Facebook,383,134,249,34.99%,1,1,7.1,22,0.05744125326,2,7,6,Stressed,TRUE,FALSE,FALSE
3098,2122,Riya Kulkarni,28,29/04/2025,Male,YouTube,326,196,130,60.12%,1,3,7.4,27,0.08282208589,3,7,6,Stressed,TRUE,TRUE,TRUE
595,2123,Riya Kulkarni,31,25/12/2024,Female,WhatsApp,359,90,269,25.07%,0,1,7.2,24,0.06685236769,2,6,6,Stressed,TRUE,FALSE,FALSE
1880,2124,Riya Kulkarni,40,04/11/2025,Male,YouTube,230,138,92,60.00%,1,2,7.8,37,0.1608695652,2,6,6,Stressed,TRUE,FALSE,FALSE
1770,2125,Riya Kulkarni,45,02/02/2024,Male,YouTube,224,134,90,59.82%,1,2,7.9,38,0.1696428571,2,6,6,Stressed,TRUE,FALSE,FALSE
1418,2126,Pooja Das,21,21/08/2024,Female,WhatsApp,492,123,369,25.00%,1,1,6.5,11,0.02235772358,2,7,6,Stressed,FALSE,FALSE,FALSE
2634,2127,Pooja Das,23,23/07/2025,Male,Twitter,441,176,265,39.91%,1,2,6.8,16,0.03628117914,3,8,5,Stressed,TRUE,FALSE,FALSE
2555,2128,Pooja Das,29,06/01/2025,Other,Instagram,344,172,172,50.00%,1,2,7.3,26,0.07558139535,3,7,6,Stressed,TRUE,FALSE,FALSE
1510,2128,Pooja Das,29,07/01/2025,Female,Facebook,359,126,233,35.10%,1,1,7.2,24,0.06685236769,2,7,6,Stressed,TRUE,TRUE,TRUE
677,2129,Pooja Das,33,22/02/2025,Male,WhatsApp,378,94,284,24.87%,0,1,7.1,22,0.0582010582,2,6,6,Stressed,TRUE,FALSE,FALSE
597,2129,Pooja Das,34,01/02/2025,Female,WhatsApp,358,90,268,25.14%,0,1,7.2,24,0.06703910615,2,6,6,Stressed,TRUE,TRUE,TRUE
1086,2130,Riya Saxena,16,05/03/2024,Male,WhatsApp,451,113,338,25.06%,0,1,6.7,15,0.0332594235,2,7,6,Stressed,FALSE,FALSE,FALSE
4846,2131,Riya Saxena,20,19/08/2024,Female,TikTok,476,309,167,64.92%,2,3,6.6,12,0.02521008403,4,9,4,Stressed,TRUE,FALSE,FALSE
4863,2131,Riya Saxena,20,20/10/2025,Female,TikTok,478,311,167,65.06%,2,3,6.6,12,0.02510460251,4,9,4,Stressed,TRUE,TRUE,TRUE
4153,2132,Riya Saxena,24,27/04/2024,Female,Instagram,507,254,253,50.10%,1,3,6.5,9,0.01775147929,3,8,5,Stressed,TRUE,FALSE,FALSE
2389,2133,Riya Saxena,28,18/10/2024,Female,Instagram,328,164,164,50.00%,1,2,7.4,27,0.08231707317,3,7,6,Stressed,TRUE,FALSE,FALSE
599,2134,Riya Saxena,39,06/06/2025,Female,Facebook,258,90,168,34.88%,0,1,7.7,34,0.1317829457,2,6,6,Stressed,TRUE,FALSE,FALSE
4370,2135,Isha Rathod,19,17/08/2024,Male,Snapchat,488,268,220,54.92%,1,2,6.6,11,0.02254098361,3,8,5,Stressed,FALSE,FALSE,FALSE
3094,2136,Isha Rathod,24,14/05/2025,Female,Twitter,490,196,294,40.00%,1,2,6.6,11,0.02244897959,3,8,5,Stressed,TRUE,FALSE,FALSE
3259,2136,Isha Rathod,25,11/12/2024,Female,Twitter,511,204,307,39.92%,1,2,6.4,9,0.01761252446,3,8,5,Stressed,TRUE,TRUE,TRUE
601,2137,Isha Rathod,28,19/04/2025,Male,WhatsApp,362,90,272,24.86%,0,1,7.2,24,0.06629834254,2,6,6,Stressed,TRUE,FALSE,FALSE
1671,2138,Isha Rathod,33,16/07/2025,Male,Twitter,326,130,196,39.88%,1,1,7.4,27,0.08282208589,2,7,6,Stressed,TRUE,FALSE,FALSE
4143,2139,Aadhya Deshmukh,16,04/09/2025,Male,TikTok,389,253,136,65.04%,2,2,7.1,21,0.05398457584,4,8,5,Stressed,FALSE,FALSE,FALSE
3692,2140,Aadhya Deshmukh,19,13/06/2025,Female,Instagram,455,228,227,50.11%,1,3,6.7,14,0.03076923077,3,8,5,Stressed,TRUE,FALSE,FALSE
4626,2141,Aadhya Deshmukh,21,17/10/2024,Male,TikTok,443,288,155,65.01%,2,3,6.8,16,0.03611738149,4,9,4,Stressed,TRUE,FALSE,FALSE
4839,2141,Aadhya Deshmukh,22,23/02/2024,Male,YouTube,513,308,205,60.04%,1,4,6.4,9,0.01754385965,3,8,5,Stressed,TRUE,TRUE,TRUE
3473,2142,Aadhya Deshmukh,30,31/08/2024,Female,Snapchat,393,216,177,54.96%,1,2,7,21,0.0534351145,3,8,5,Stressed,TRUE,FALSE,FALSE
1976,2143,Aadhya Deshmukh,42,23/04/2024,Male,YouTube,240,144,96,60.00%,1,2,7.8,36,0.15,2,6,6,Stressed,TRUE,FALSE,FALSE
605,2144,Aadhya Deshmukh,62,13/04/2024,Female,YouTube,150,90,60,60.00%,0,1,8.2,45,0.3,2,6,6,Stressed,TRUE,FALSE,FALSE
4217,2145,Kavya Rathod,13,16/03/2025,Male,TikTok,396,257,139,64.90%,2,2,7,20,0.05050505051,4,9,4,Stressed,FALSE,FALSE,FALSE
4959,2146,Kavya Rathod,19,21/04/2024,Female,TikTok,507,330,177,65.09%,2,3,6.5,9,0.01775147929,4,9,4,Stressed,TRUE,FALSE,FALSE
4755,2147,Kavya Rathod,24,14/10/2024,Male,TikTok,460,299,161,65.00%,2,3,6.7,14,0.03043478261,4,9,4,Stressed,TRUE,FALSE,FALSE
4504,2147,Kavya Rathod,24,11/11/2024,Male,Snapchat,505,278,227,55.05%,1,2,6.5,10,0.0198019802,3,8,5,Stressed,TRUE,TRUE,TRUE
3411,2148,Kavya Rathod,30,20/04/2024,Male,YouTube,354,212,142,59.89%,1,3,7.2,25,0.07062146893,3,7,6,Stressed,TRUE,FALSE,FALSE
1825,2149,Kavya Rathod,32,03/11/2024,Male,Twitter,340,136,204,40.00%,1,1,7.3,26,0.07647058824,2,7,6,Stressed,TRUE,FALSE,FALSE
3489,2150,Kavya Rathod,35,31/01/2024,Female,Snapchat,395,217,178,54.94%,1,2,7,20,0.05063291139,3,8,5,Stressed,TRUE,FALSE,FALSE
606,2151,Kavya Rathod,38,27/08/2024,Male,Facebook,257,90,167,35.02%,0,1,7.7,34,0.1322957198,2,6,6,Stressed,TRUE,FALSE,FALSE
1131,2152,Aarav Rathod,19,26/06/2024,Female,WhatsApp,456,114,342,25.00%,0,1,6.7,14,0.03070175439,2,7,6,Stressed,FALSE,FALSE,FALSE
2806,2153,Aarav Rathod,24,05/07/2024,Female,Facebook,519,182,337,35.07%,1,2,6.4,8,0.01541425819,3,8,5,Stressed,TRUE,FALSE,FALSE
1955,2154,Aarav Rathod,28,29/02/2024,Female,Twitter,355,142,213,40.00%,1,1,7.2,24,0.0676056338,2,7,6,Stressed,TRUE,FALSE,FALSE
1285,2154,Aarav Rathod,29,17/02/2025,Female,Facebook,341,119,222,34.90%,0,1,7.3,26,0.07624633431,2,6,6,Stressed,TRUE,TRUE,TRUE
1885,2154,Aarav Rathod,30,07/07/2024,Female,Twitter,348,139,209,39.94%,1,1,7.3,25,0.07183908046,2,7,6,Stressed,TRUE,TRUE,TRUE
4176,2155,Aarav Rathod,35,29/02/2024,Female,TikTok,392,255,137,65.05%,2,2,7,21,0.05357142857,4,8,5,Stressed,TRUE,FALSE,FALSE
610,2156,Aarav Rathod,54,17/11/2024,Female,Snapchat,165,91,74,55.15%,0,1,8.2,44,0.2666666667,2,6,6,Stressed,TRUE,FALSE,FALSE
2762,2157,Navya Iyer,24,08/01/2025,Male,Twitter,451,180,271,39.91%,1,2,6.7,15,0.0332594235,3,8,5,Stressed,FALSE,FALSE,FALSE
4883,2157,Navya Iyer,25,14/04/2024,Male,TikTok,483,314,169,65.01%,2,3,6.6,12,0.0248447205,4,9,4,Stressed,TRUE,TRUE,TRUE
4265,2157,Navya Iyer,25,07/12/2024,Female,Instagram,518,259,259,50.00%,1,3,6.4,8,0.01544401544,3,8,5,Stressed,TRUE,TRUE,TRUE
1678,2157,Navya Iyer,26,28/10/2025,Male,Facebook,373,131,242,35.12%,1,1,7.1,23,0.06166219839,2,7,6,Stressed,TRUE,TRUE,TRUE
611,2158,Navya Iyer,38,30/12/2024,Female,Facebook,261,91,170,34.87%,0,1,7.7,34,0.1302681992,2,6,6,Stressed,TRUE,FALSE,FALSE
2273,2159,Krishna Roy,15,08/02/2024,Female,Twitter,395,158,237,40.00%,1,1,7,20,0.05063291139,2,7,6,Stressed,FALSE,FALSE,FALSE
4210,2160,Krishna Roy,21,12/01/2024,Male,Instagram,511,256,255,50.10%,1,3,6.4,9,0.01761252446,3,8,5,Stressed,TRUE,FALSE,FALSE
3067,2161,Krishna Roy,24,13/03/2024,Female,Twitter,488,195,293,39.96%,1,2,6.6,11,0.02254098361,3,8,5,Stressed,TRUE,FALSE,FALSE
614,2162,Krishna Roy,29,12/03/2024,Male,WhatsApp,363,91,272,25.07%,0,1,7.2,24,0.06611570248,2,6,6,Stressed,TRUE,FALSE,FALSE
823,2163,Krishna Roy,50,12/04/2024,Male,YouTube,167,100,67,59.88%,0,1,8.2,43,0.2574850299,2,6,6,Stressed,TRUE,FALSE,FALSE
1876,2164,Krishna Roy,55,29/08/2025,Male,TikTok,212,138,74,65.09%,1,1,7.9,39,0.1839622642,2,6,6,Stressed,TRUE,FALSE,FALSE
4412,2165,Aarohi Ansari,15,13/04/2025,Male,TikTok,417,271,146,64.99%,2,2,6.9,18,0.04316546763,4,9,4,Stressed,FALSE,FALSE,FALSE
3550,2166,Aarohi Ansari,19,03/03/2025,Female,Instagram,442,221,221,50.00%,1,3,6.8,16,0.03619909502,3,8,5,Stressed,TRUE,FALSE,FALSE
3325,2167,Aarohi Ansari,33,11/12/2024,Female,Snapchat,377,207,170,54.91%,1,2,7.1,22,0.05835543767,3,7,6,Stressed,TRUE,FALSE,FALSE
2944,2168,Aarohi Ansari,35,24/06/2024,Male,Snapchat,344,189,155,54.94%,1,2,7.3,26,0.07558139535,3,7,6,Stressed,TRUE,FALSE,FALSE
616,2169,Aarohi Ansari,68,24/06/2025,Other,TikTok,140,91,49,65.00%,1,1,8.3,46,0.3285714286,2,6,6,Stressed,TRUE,FALSE,FALSE
3888,2170,Kavya Ghosh,14,24/10/2025,Male,YouTube,397,238,159,59.95%,1,3,7,20,0.05037783375,3,8,5,Stressed,FALSE,FALSE,FALSE
1361,2171,Kavya Ghosh,35,27/06/2024,Male,Facebook,346,121,225,34.97%,1,1,7.3,25,0.07225433526,2,7,6,Stressed,TRUE,FALSE,FALSE
1987,2172,Kavya Ghosh,44,11/01/2025,Female,Snapchat,261,144,117,55.17%,1,1,7.7,34,0.1302681992,2,6,6,Stressed,TRUE,FALSE,FALSE
617,2172,Kavya Ghosh,45,14/11/2025,Female,Facebook,261,91,170,34.87%,0,1,7.7,34,0.1302681992,2,6,6,Stressed,TRUE,TRUE,TRUE
2268,2173,Diya Naidu,20,15/04/2024,Female,Facebook,451,158,293,35.03%,1,1,6.7,15,0.0332594235,2,7,6,Stressed,FALSE,FALSE,FALSE
2670,2174,Diya Naidu,25,23/12/2024,Male,Facebook,506,177,329,34.98%,1,2,6.5,9,0.01778656126,3,8,5,Stressed,TRUE,FALSE,FALSE
2889,2175,Diya Naidu,30,08/03/2025,Male,Snapchat,336,185,151,55.06%,1,2,7.3,26,0.07738095238,3,7,6,Stressed,TRUE,FALSE,FALSE
2934,2176,Diya Naidu,35,16/09/2024,Female,Instagram,376,188,188,50.00%,1,3,7.1,22,0.0585106383,3,7,6,Stressed,TRUE,FALSE,FALSE
618,2177,Diya Naidu,38,29/06/2025,Male,Twitter,227,91,136,40.09%,1,1,7.9,37,0.1629955947,2,6,6,Stressed,TRUE,FALSE,FALSE
2314,2178,Diya Naidu,40,16/05/2025,Female,YouTube,266,160,106,60.15%,1,2,7.7,33,0.1240601504,2,6,6,Stressed,TRUE,FALSE,FALSE
664,2179,Diya Naidu,43,10/06/2024,Male,Facebook,270,94,176,34.81%,0,1,7.6,33,0.1222222222,2,6,6,Stressed,TRUE,FALSE,FALSE
903,2180,Diya Naidu,45,05/07/2024,Male,Instagram,212,106,106,50.00%,0,1,7.9,39,0.1839622642,2,6,6,Stressed,TRUE,FALSE,FALSE
934,2181,Navya Menon,18,13/09/2025,Female,WhatsApp,429,107,322,24.94%,0,1,6.9,17,0.03962703963,2,7,6,Stressed,FALSE,FALSE,FALSE
2315,2182,Navya Menon,22,25/08/2025,Male,Facebook,456,160,296,35.09%,1,1,6.7,14,0.03070175439,2,7,6,Stressed,TRUE,FALSE,FALSE
2749,2183,Navya Menon,24,25/11/2024,Male,Facebook,514,180,334,35.02%,1,2,6.4,9,0.01750972763,3,8,5,Stressed,TRUE,FALSE,FALSE
4233,2184,Navya Menon,27,22/09/2024,Male,TikTok,395,257,138,65.06%,2,2,7,20,0.05063291139,4,9,4,Stressed,TRUE,FALSE,FALSE
621,2185,Navya Menon,30,20/02/2024,Male,WhatsApp,366,92,274,25.14%,0,1,7.2,23,0.06284153005,2,6,6,Stressed,TRUE,FALSE,FALSE
3496,2186,Neha Yadav,15,21/08/2024,Female,Snapchat,394,217,177,55.08%,1,2,7,21,0.05329949239,3,8,5,Stressed,FALSE,FALSE,FALSE
3215,2187,Neha Yadav,19,30/12/2024,Male,Twitter,502,201,301,40.04%,1,2,6.5,10,0.01992031873,3,8,5,Stressed,TRUE,FALSE,FALSE
2757,2187,Neha Yadav,20,24/03/2025,Female,Twitter,449,180,269,40.09%,1,2,6.8,15,0.03340757238,3,8,5,Stressed,TRUE,TRUE,TRUE
2642,2187,Neha Yadav,21,21/04/2025,Female,Twitter,441,176,265,39.91%,1,2,6.8,16,0.03628117914,3,8,5,Stressed,TRUE,TRUE,TRUE
2770,2188,Neha Yadav,26,29/05/2024,Female,Snapchat,329,181,148,55.02%,1,2,7.4,27,0.0820668693,3,7,6,Stressed,TRUE,FALSE,FALSE
3645,2189,Neha Yadav,32,25/07/2024,Male,TikTok,347,226,121,65.13%,2,2,7.3,25,0.07204610951,3,8,5,Stressed,TRUE,FALSE,FALSE
958,2190,Neha Yadav,37,02/02/2025,Female,Instagram,216,108,108,50.00%,0,1,7.9,38,0.1759259259,2,6,6,Stressed,TRUE,FALSE,FALSE
2450,2191,Neha Yadav,43,02/08/2025,Female,YouTube,276,166,110,60.14%,1,2,7.6,32,0.115942029,3,7,6,Stressed,TRUE,FALSE,FALSE
622,2192,Neha Yadav,50,19/10/2025,Female,Snapchat,167,92,75,55.09%,0,1,8.2,43,0.2574850299,2,6,6,Stressed,TRUE,FALSE,FALSE
2643,2193,Avni Gupta,22,22/08/2025,Female,Facebook,502,176,326,35.06%,1,2,6.5,10,0.01992031873,3,8,5,Stressed,FALSE,FALSE,FALSE
4481,2193,Avni Gupta,22,20/01/2024,Female,Snapchat,502,276,226,54.98%,1,2,6.5,10,0.01992031873,3,8,5,Stressed,TRUE,TRUE,TRUE
2834,2194,Avni Gupta,25,25/12/2024,Female,Twitter,455,182,273,40.00%,1,2,6.7,14,0.03076923077,3,8,5,Stressed,TRUE,FALSE,FALSE
3690,2195,Avni Gupta,27,18/08/2024,Female,TikTok,350,228,122,65.14%,2,2,7.2,25,0.07142857143,3,8,5,Stressed,TRUE,FALSE,FALSE
624,2196,Avni Gupta,35,06/07/2025,Female,WhatsApp,366,92,274,25.14%,0,1,7.2,23,0.06284153005,2,6,6,Stressed,TRUE,FALSE,FALSE
1221,2197,Avni Gupta,48,05/07/2024,Female,YouTube,195,117,78,60.00%,0,2,8,40,0.2051282051,2,6,6,Stressed,TRUE,FALSE,FALSE
627,2198,Ananya Ghosh,38,22/01/2025,Female,Twitter,230,92,138,40.00%,1,1,7.8,37,0.1608695652,2,6,6,Stressed,FALSE,FALSE,FALSE
1864,2199,Ananya Ghosh,45,18/10/2025,Female,Snapchat,250,138,112,55.20%,1,1,7.8,35,0.14,2,6,6,Stressed,TRUE,FALSE,FALSE
1670,2200,Ishaan Yadav,24,12/12/2024,Female,WhatsApp,518,130,388,25.10%,1,1,6.4,8,0.01544401544,2,7,6,Stressed,FALSE,FALSE,FALSE
1544,2201,Ishaan Yadav,32,18/08/2025,Male,Facebook,364,127,237,34.89%,1,1,7.2,24,0.06593406593,2,7,6,Stressed,TRUE,FALSE,FALSE
628,2202,Ishaan Yadav,55,21/06/2024,Female,Instagram,185,92,93,49.73%,0,1,8.1,42,0.227027027,2,6,6,Stressed,TRUE,FALSE,FALSE
4403,2203,Shaurya Rawat,22,10/02/2024,Other,Snapchat,493,271,222,54.97%,1,2,6.5,11,0.02231237323,3,8,5,Stressed,FALSE,FALSE,FALSE
2494,2203,Shaurya Rawat,23,16/12/2024,Female,Facebook,482,169,313,35.06%,1,2,6.6,12,0.02489626556,3,8,5,Stressed,TRUE,TRUE,TRUE
4723,2204,Shaurya Rawat,25,28/03/2025,Male,YouTube,494,296,198,59.92%,1,4,6.5,11,0.02226720648,3,8,5,Stressed,TRUE,FALSE,FALSE
3461,2204,Shaurya Rawat,26,29/11/2024,Male,YouTube,359,215,144,59.89%,1,3,7.2,24,0.06685236769,3,7,6,Stressed,TRUE,TRUE,TRUE
631,2205,Shaurya Rawat,42,16/03/2025,Female,Twitter,231,92,139,39.83%,1,1,7.8,37,0.1601731602,2,6,6,Stressed,TRUE,FALSE,FALSE
1719,2206,Shaurya Rawat,45,19/07/2024,Male,YouTube,222,133,89,59.91%,1,2,7.9,38,0.1711711712,2,6,6,Stressed,TRUE,FALSE,FALSE
1037,2207,Aditya Ghosh,19,11/05/2025,Male,WhatsApp,450,112,338,24.89%,0,1,6.8,15,0.03333333333,2,7,6,Stressed,FALSE,FALSE,FALSE
3923,2208,Aditya Ghosh,23,05/05/2025,Female,Instagram,479,240,239,50.10%,1,3,6.6,12,0.02505219207,3,8,5,Stressed,TRUE,FALSE,FALSE
1153,2209,Aditya Ghosh,25,13/09/2025,Male,WhatsApp,460,115,345,25.00%,0,1,6.7,14,0.03043478261,2,7,6,Stressed,TRUE,FALSE,FALSE
3038,2210,Aditya Ghosh,32,28/06/2024,Female,Instagram,389,194,195,49.87%,1,3,7.1,21,0.05398457584,3,8,5,Stressed,TRUE,FALSE,FALSE
633,2211,Aditya Ghosh,48,03/07/2025,Male,TikTok,141,92,49,65.25%,1,1,8.3,46,0.3262411348,2,6,6,Stressed,TRUE,FALSE,FALSE
2347,2212,Sonal Roy,23,03/10/2025,Male,Facebook,461,161,300,34.92%,1,1,6.7,14,0.03036876356,2,7,6,Stressed,FALSE,FALSE,FALSE
3978,2213,Sonal Roy,25,14/10/2024,Male,Instagram,488,244,244,50.00%,1,3,6.6,11,0.02254098361,3,8,5,Stressed,TRUE,FALSE,FALSE
634,2214,Sonal Roy,31,22/07/2025,Female,WhatsApp,368,92,276,25.00%,0,1,7.2,23,0.0625,2,6,6,Stressed,TRUE,FALSE,FALSE
2142,2215,Avni Ghosh,19,29/07/2024,Male,Facebook,441,154,287,34.92%,1,1,6.8,16,0.03628117914,2,7,6,Stressed,FALSE,FALSE,FALSE
1457,2216,Avni Ghosh,23,30/04/2024,Male,WhatsApp,495,124,371,25.05%,1,1,6.5,10,0.0202020202,2,7,6,Stressed,TRUE,FALSE,FALSE
1054,2217,Avni Ghosh,25,03/05/2025,Female,WhatsApp,449,112,337,24.94%,0,1,6.8,15,0.03340757238,2,7,6,Stressed,TRUE,FALSE,FALSE
4794,2217,Avni Ghosh,25,08/10/2024,Male,YouTube,507,304,203,59.96%,1,4,6.5,9,0.01775147929,3,8,5,Stressed,TRUE,TRUE,TRUE
635,2218,Avni Ghosh,34,20/08/2024,Female,WhatsApp,366,92,274,25.14%,0,1,7.2,23,0.06284153005,2,6,6,Stressed,TRUE,FALSE,FALSE
1268,2219,Avni Ghosh,46,15/12/2024,Other,Snapchat,215,118,97,54.88%,0,1,7.9,38,0.176744186,2,6,6,Stressed,TRUE,FALSE,FALSE
3921,2220,Saanvi Verma,20,20/05/2024,Other,Instagram,481,240,241,49.90%,1,3,6.6,12,0.02494802495,3,8,5,Stressed,FALSE,FALSE,FALSE
4857,2221,Saanvi Verma,25,13/07/2025,Female,TikTok,477,310,167,64.99%,2,3,6.6,12,0.0251572327,4,9,4,Stressed,TRUE,FALSE,FALSE
3548,2222,Saanvi Verma,27,08/06/2024,Male,YouTube,366,220,146,60.11%,1,3,7.2,23,0.06284153005,3,7,6,Stressed,TRUE,FALSE,FALSE
1813,2223,Saanvi Verma,31,05/05/2025,Male,Twitter,340,136,204,40.00%,1,1,7.3,26,0.07647058824,2,7,6,Stressed,TRUE,FALSE,FALSE
3445,2224,Saanvi Verma,34,05/11/2024,Female,YouTube,356,214,142,60.11%,1,3,7.2,24,0.06741573034,3,7,6,Stressed,TRUE,FALSE,FALSE
637,2225,Saanvi Verma,64,17/10/2024,Male,Snapchat,167,92,75,55.09%,0,1,8.2,43,0.2574850299,2,6,6,Stressed,TRUE,FALSE,FALSE
2299,2226,Jiya Gupta,21,11/09/2025,Male,Facebook,458,160,298,34.93%,1,1,6.7,14,0.03056768559,2,7,6,Stressed,FALSE,FALSE,FALSE
4224,2226,Jiya Gupta,22,12/03/2025,Female,Snapchat,468,257,211,54.91%,1,2,6.7,13,0.02777777778,3,8,5,Stressed,TRUE,TRUE,TRUE
1211,2227,Jiya Gupta,25,29/03/2025,Male,WhatsApp,462,116,346,25.11%,0,1,6.7,14,0.0303030303,2,7,6,Stressed,TRUE,FALSE,FALSE
3419,2228,Jiya Gupta,35,11/01/2024,Female,TikTok,328,213,115,64.94%,1,2,7.4,27,0.08231707317,3,7,6,Stressed,TRUE,FALSE,FALSE
638,2229,Jiya Gupta,42,15/04/2025,Male,Facebook,263,92,171,34.98%,0,1,7.7,34,0.1292775665,2,6,6,Stressed,TRUE,FALSE,FALSE
2581,2230,Meera Sharma,21,30/05/2024,Female,Facebook,497,174,323,35.01%,1,2,6.5,10,0.02012072435,3,8,5,Stressed,FALSE,FALSE,FALSE
4548,2231,Meera Sharma,24,13/08/2024,Male,YouTube,471,283,188,60.08%,1,4,6.6,13,0.02760084926,3,8,5,Stressed,TRUE,FALSE,FALSE
640,2232,Meera Sharma,39,21/01/2024,Male,Twitter,230,92,138,40.00%,1,1,7.8,37,0.1608695652,2,6,6,Stressed,TRUE,FALSE,FALSE
966,2232,Meera Sharma,40,21/05/2024,Female,Instagram,218,109,109,50.00%,0,1,7.9,38,0.1743119266,2,6,6,Stressed,TRUE,TRUE,TRUE
4550,2233,Arjun Chauhan,22,25/10/2025,Male,Snapchat,514,283,231,55.06%,1,3,6.4,9,0.01750972763,3,8,5,Stressed,FALSE,FALSE,FALSE
1635,2234,Arjun Chauhan,29,02/08/2024,Male,Facebook,368,129,239,35.05%,1,1,7.2,23,0.0625,2,7,6,Stressed,TRUE,FALSE,FALSE
2688,2234,Arjun Chauhan,30,18/05/2024,Male,Instagram,355,178,177,50.14%,1,2,7.2,24,0.0676056338,3,7,6,Stressed,TRUE,TRUE,TRUE
648,2235,Arjun Chauhan,64,19/06/2024,Male,Snapchat,169,93,76,55.03%,0,1,8.2,43,0.2544378698,2,6,6,Stressed,TRUE,FALSE,FALSE
959,2236,Reyansh Sharma,16,22/10/2025,Female,WhatsApp,434,108,326,24.88%,0,1,6.8,17,0.03917050691,2,7,6,Stressed,FALSE,FALSE,FALSE
4930,2237,Reyansh Sharma,20,11/08/2024,Female,TikTok,498,324,174,65.06%,2,3,6.5,10,0.02008032129,4,9,4,Stressed,TRUE,FALSE,FALSE
649,2238,Reyansh Sharma,28,14/08/2024,Male,WhatsApp,371,93,278,25.07%,0,1,7.1,23,0.06199460916,2,6,6,Stressed,TRUE,FALSE,FALSE
1566,2239,Reyansh Sharma,31,25/11/2024,Female,Facebook,365,128,237,35.07%,1,1,7.2,24,0.06575342466,2,7,6,Stressed,TRUE,FALSE,FALSE
3797,2240,Aarav Saxena,23,01/08/2025,Female,Instagram,467,234,233,50.11%,1,3,6.7,13,0.0278372591,3,8,5,Stressed,FALSE,FALSE,FALSE
651,2241,Aarav Saxena,31,30/09/2025,Male,WhatsApp,371,93,278,25.07%,0,1,7.1,23,0.06199460916,2,6,6,Stressed,TRUE,FALSE,FALSE
3429,2242,Aarav Saxena,35,02/01/2025,Male,TikTok,327,213,114,65.14%,1,2,7.4,27,0.08256880734,3,7,6,Stressed,TRUE,FALSE,FALSE
4170,2243,Krishna Shinde,17,24/05/2025,Male,YouTube,424,254,170,59.91%,1,3,6.9,18,0.04245283019,3,8,5,Stressed,FALSE,FALSE,FALSE
1552,2244,Krishna Shinde,23,11/05/2024,Female,WhatsApp,508,127,381,25.00%,1,1,6.5,9,0.01771653543,2,7,6,Stressed,TRUE,FALSE,FALSE
4091,2244,Krishna Shinde,24,06/01/2024,Male,Snapchat,454,250,204,55.07%,1,2,6.7,15,0.03303964758,3,8,5,Stressed,TRUE,TRUE,TRUE
1612,2245,Krishna Shinde,33,08/05/2024,Male,Twitter,323,129,194,39.94%,1,1,7.4,28,0.0866873065,2,7,6,Stressed,TRUE,FALSE,FALSE
653,2245,Krishna Shinde,33,22/05/2024,Male,WhatsApp,372,93,279,25.00%,0,1,7.1,23,0.06182795699,2,6,6,Stressed,TRUE,TRUE,TRUE
4282,2245,Krishna Shinde,33,02/11/2025,Female,TikTok,400,260,140,65.00%,2,2,7,20,0.05,4,9,4,Stressed,TRUE,TRUE,TRUE
2384,2245,Krishna Shinde,34,26/01/2024,Female,Instagram,329,164,165,49.85%,1,2,7.4,27,0.0820668693,3,7,6,Stressed,TRUE,TRUE,TRUE
1933,2246,Aditya Deshmukh,18,28/04/2025,Male,Facebook,404,141,263,34.90%,1,1,7,20,0.0495049505,2,7,6,Stressed,FALSE,FALSE,FALSE
1496,2247,Aditya Deshmukh,20,25/08/2024,Male,WhatsApp,504,126,378,25.00%,1,1,6.5,10,0.01984126984,2,7,6,Stressed,TRUE,FALSE,FALSE
4896,2247,Aditya Deshmukh,21,07/10/2024,Female,TikTok,488,317,171,64.96%,2,3,6.6,11,0.02254098361,4,9,4,Stressed,TRUE,TRUE,TRUE
4357,2247,Aditya Deshmukh,22,24/07/2024,Male,Snapchat,485,267,218,55.05%,1,2,6.6,12,0.02474226804,3,8,5,Stressed,TRUE,TRUE,TRUE
2395,2248,Aditya Deshmukh,31,26/07/2024,Male,Instagram,329,164,165,49.85%,1,2,7.4,27,0.0820668693,3,7,6,Stressed,TRUE,FALSE,FALSE
654,2249,Aditya Deshmukh,33,14/01/2025,Male,WhatsApp,373,93,280,24.93%,0,1,7.1,23,0.06166219839,2,6,6,Stressed,TRUE,FALSE,FALSE
1983,2250,Aditya Deshmukh,35,15/11/2024,Female,Twitter,359,144,215,40.11%,1,1,7.2,24,0.06685236769,2,7,6,Stressed,TRUE,FALSE,FALSE
4484,2251,Myra Roy,23,17/01/2024,Male,YouTube,462,277,185,59.96%,1,4,6.7,14,0.0303030303,3,8,5,Stressed,FALSE,FALSE,FALSE
2503,2251,Myra Roy,24,02/09/2024,Male,Facebook,486,170,316,34.98%,1,2,6.6,11,0.02263374486,3,8,5,Stressed,TRUE,TRUE,TRUE
655,2252,Myra Roy,26,13/02/2024,Female,WhatsApp,371,93,278,25.07%,0,1,7.1,23,0.06199460916,2,6,6,Stressed,TRUE,FALSE,FALSE
2222,2253,Aditi Roy,13,02/12/2024,Male,Facebook,449,157,292,34.97%,1,1,6.8,15,0.03340757238,2,7,6,Stressed,FALSE,FALSE,FALSE
2829,2254,Aditi Roy,22,26/02/2024,Male,Facebook,520,182,338,35.00%,1,2,6.4,8,0.01538461538,3,8,5,Stressed,TRUE,FALSE,FALSE
4973,2255,Aditi Roy,25,07/07/2024,Male,TikTok,511,332,179,64.97%,2,3,6.4,9,0.01761252446,4,9,4,Stressed,TRUE,FALSE,FALSE
4172,2256,Aditi Roy,28,22/01/2024,Female,TikTok,393,255,138,64.89%,2,2,7,21,0.0534351145,4,8,5,Stressed,TRUE,FALSE,FALSE
3058,2257,Aditi Roy,32,12/08/2024,Male,Instagram,389,194,195,49.87%,1,3,7.1,21,0.05398457584,3,8,5,Stressed,TRUE,FALSE,FALSE
657,2258,Aditi Roy,60,04/05/2025,Female,Snapchat,169,93,76,55.03%,0,1,8.2,43,0.2544378698,2,6,6,Stressed,TRUE,FALSE,FALSE
912,2259,Navya Naidu,15,12/11/2024,Male,WhatsApp,425,106,319,24.94%,0,1,6.9,18,0.04235294118,2,7,6,Stressed,FALSE,FALSE,FALSE
658,2260,Navya Naidu,50,12/11/2024,Male,Instagram,186,93,93,50.00%,0,1,8.1,41,0.2204301075,2,6,6,Stressed,TRUE,FALSE,FALSE
3695,2261,Diya Khan,14,21/06/2025,Female,Snapchat,415,228,187,54.94%,1,2,6.9,18,0.04337349398,3,8,5,Stressed,FALSE,FALSE,FALSE
910,2261,Diya Khan,15,05/10/2024,Female,WhatsApp,426,106,320,24.88%,0,1,6.9,17,0.03990610329,2,7,6,Stressed,TRUE,TRUE,TRUE
4442,2262,Diya Khan,22,16/01/2024,Female,YouTube,456,274,182,60.09%,1,4,6.7,14,0.03070175439,3,8,5,Stressed,TRUE,FALSE,FALSE
3952,2263,Diya Khan,24,21/07/2025,Female,Instagram,483,242,241,50.10%,1,3,6.6,12,0.0248447205,3,8,5,Stressed,TRUE,FALSE,FALSE
660,2264,Diya Khan,46,02/06/2024,Other,TikTok,143,93,50,65.03%,1,1,8.3,46,0.3216783217,2,6,6,Stressed,TRUE,FALSE,FALSE
4312,2265,Suhani Khan,16,09/10/2025,Female,TikTok,405,263,142,64.94%,2,2,7,20,0.04938271605,4,9,4,Stressed,FALSE,FALSE,FALSE
2403,2265,Suhani Khan,17,23/07/2025,Female,Twitter,410,164,246,40.00%,1,1,7,19,0.04634146341,3,8,5,Stressed,TRUE,TRUE,TRUE
4590,2265,Suhani Khan,17,03/04/2025,Male,TikTok,439,285,154,64.92%,2,3,6.8,16,0.03644646925,4,9,4,Stressed,TRUE,TRUE,TRUE
3588,2266,Suhani Khan,27,03/12/2024,Male,YouTube,371,223,148,60.11%,1,3,7.1,23,0.06199460916,3,7,6,Stressed,TRUE,FALSE,FALSE
662,2267,Suhani Khan,42,29/09/2024,Female,Twitter,233,93,140,39.91%,1,1,7.8,37,0.1587982833,2,6,6,Stressed,TRUE,FALSE,FALSE
678,2267,Suhani Khan,42,08/12/2024,Male,Twitter,236,94,142,39.83%,1,1,7.8,36,0.1525423729,2,6,6,Stressed,TRUE,TRUE,TRUE
3745,2268,Reyansh Roy,19,29/04/2025,Male,Instagram,461,230,231,49.89%,1,3,6.7,14,0.03036876356,3,8,5,Stressed,FALSE,FALSE,FALSE
1315,2269,Reyansh Roy,26,04/03/2024,Female,Facebook,343,120,223,34.99%,0,1,7.3,26,0.07580174927,2,6,6,Stressed,TRUE,FALSE,FALSE
665,2269,Reyansh Roy,26,31/07/2024,Male,WhatsApp,375,94,281,25.07%,0,1,7.1,22,0.05866666667,2,6,6,Stressed,TRUE,TRUE,TRUE
3246,2269,Reyansh Roy,27,25/05/2024,Male,Snapchat,369,203,166,55.01%,1,2,7.2,23,0.06233062331,3,7,6,Stressed,TRUE,TRUE,TRUE
2264,2270,Reyansh Roy,32,13/07/2025,Female,Twitter,395,158,237,40.00%,1,1,7,20,0.05063291139,2,7,6,Stressed,TRUE,FALSE,FALSE
1196,2271,Reyansh Roy,38,09/09/2024,Male,Instagram,232,116,116,50.00%,0,2,7.8,37,0.1594827586,2,6,6,Stressed,TRUE,FALSE,FALSE
971,2272,Reyansh Roy,43,04/05/2025,Female,Twitter,272,109,163,40.07%,1,1,7.6,33,0.1213235294,2,6,6,Stressed,TRUE,FALSE,FALSE
1810,2273,Reyansh Roy,45,29/01/2024,Male,Instagram,273,136,137,49.82%,1,2,7.6,33,0.1208791209,2,6,6,Stressed,TRUE,FALSE,FALSE
4480,2274,Shaurya Verma,15,16/03/2025,Female,TikTok,425,276,149,64.94%,2,2,6.9,18,0.04235294118,4,9,4,Stressed,FALSE,FALSE,FALSE
4627,2275,Shaurya Verma,22,11/09/2025,Female,TikTok,444,289,155,65.09%,2,3,6.8,16,0.03603603604,4,9,4,Stressed,TRUE,FALSE,FALSE
1281,2275,Shaurya Verma,22,03/06/2025,Female,WhatsApp,476,119,357,25.00%,0,1,6.6,12,0.02521008403,2,7,6,Stressed,TRUE,TRUE,TRUE
3034,2275,Shaurya Verma,23,25/07/2025,Male,Twitter,482,193,289,40.04%,1,2,6.6,12,0.02489626556,3,8,5,Stressed,TRUE,TRUE,TRUE
2809,2276,Shaurya Verma,28,14/12/2024,Female,Snapchat,331,182,149,54.98%,1,2,7.3,27,0.08157099698,3,7,6,Stressed,TRUE,FALSE,FALSE
1256,2277,Shaurya Verma,47,27/09/2024,Female,TikTok,181,118,63,65.19%,1,1,8.1,42,0.2320441989,2,6,6,Stressed,TRUE,FALSE,FALSE
1169,2278,Shaurya Verma,62,11/01/2024,Female,TikTok,177,115,62,64.97%,1,1,8.1,42,0.2372881356,2,6,6,Stressed,TRUE,FALSE,FALSE
666,2279,Shaurya Verma,65,10/06/2025,Female,YouTube,157,94,63,59.87%,0,1,8.2,44,0.2802547771,2,6,6,Stressed,TRUE,FALSE,FALSE
913,2280,Riya Yadav,18,04/06/2024,Female,WhatsApp,422,106,316,25.12%,0,1,6.9,18,0.04265402844,2,7,6,Stressed,FALSE,FALSE,FALSE
778,2281,Riya Yadav,26,13/08/2024,Female,WhatsApp,394,98,296,24.87%,0,1,7,21,0.05329949239,2,6,6,Stressed,TRUE,FALSE,FALSE
3590,2282,Riya Yadav,30,08/08/2024,Female,TikTok,343,223,120,65.01%,1,2,7.3,26,0.07580174927,3,7,6,Stressed,TRUE,FALSE,FALSE
669,2283,Riya Yadav,32,07/09/2024,Male,WhatsApp,374,94,280,25.13%,0,1,7.1,23,0.0614973262,2,6,6,Stressed,TRUE,FALSE,FALSE
2367,2284,Riya Yadav,44,09/03/2025,Male,TikTok,250,162,88,64.80%,1,1,7.8,35,0.14,2,6,6,Stressed,TRUE,FALSE,FALSE
4594,2285,Anika Mishra,22,25/09/2025,Male,TikTok,440,286,154,65.00%,2,3,6.8,16,0.03636363636,4,9,4,Stressed,FALSE,FALSE,FALSE
4352,2285,Anika Mishra,23,27/08/2024,Female,YouTube,444,266,178,59.91%,1,4,6.8,16,0.03603603604,3,8,5,Stressed,TRUE,TRUE,TRUE
2463,2286,Anika Mishra,30,19/01/2024,Female,Instagram,334,167,167,50.00%,1,2,7.3,27,0.08083832335,3,7,6,Stressed,TRUE,FALSE,FALSE
2599,2287,Anika Mishra,36,13/06/2025,Female,TikTok,268,174,94,64.93%,1,2,7.7,33,0.1231343284,3,7,6,Stressed,TRUE,FALSE,FALSE
672,2288,Anika Mishra,55,07/10/2025,Male,Instagram,187,94,93,50.27%,0,1,8.1,41,0.2192513369,2,6,6,Stressed,TRUE,FALSE,FALSE
3792,2289,Riya Roy,16,23/10/2024,Male,Snapchat,425,234,191,55.06%,1,2,6.9,18,0.04235294118,3,8,5,Stressed,FALSE,FALSE,FALSE
4520,2290,Riya Roy,19,03/01/2025,Female,YouTube,466,280,186,60.09%,1,4,6.7,13,0.02789699571,3,8,5,Stressed,TRUE,FALSE,FALSE
4445,2291,Riya Roy,22,29/03/2025,Male,Snapchat,499,274,225,54.91%,1,2,6.5,10,0.02004008016,3,8,5,Stressed,TRUE,FALSE,FALSE
4503,2291,Riya Roy,23,24/04/2024,Female,YouTube,463,278,185,60.04%,1,4,6.7,14,0.03023758099,3,8,5,Stressed,TRUE,TRUE,TRUE
673,2292,Riya Roy,48,23/05/2025,Male,Instagram,187,94,93,50.27%,0,1,8.1,41,0.2192513369,2,6,6,Stressed,TRUE,FALSE,FALSE
4127,2293,Suhani Rawat,15,22/10/2024,Female,YouTube,420,252,168,60.00%,1,3,6.9,18,0.04285714286,3,8,5,Stressed,FALSE,FALSE,FALSE
4322,2294,Suhani Rawat,17,26/10/2025,Male,TikTok,407,265,142,65.11%,2,2,7,19,0.04668304668,4,9,4,Stressed,TRUE,FALSE,FALSE
1428,2295,Suhani Rawat,20,24/08/2024,Male,WhatsApp,498,124,374,24.90%,1,1,6.5,10,0.02008032129,2,7,6,Stressed,TRUE,FALSE,FALSE
2278,2296,Suhani Rawat,23,16/09/2024,Female,Facebook,453,159,294,35.10%,1,1,6.7,15,0.03311258278,2,7,6,Stressed,TRUE,FALSE,FALSE
1322,2296,Suhani Rawat,24,17/09/2024,Male,WhatsApp,478,120,358,25.10%,0,1,6.6,12,0.02510460251,2,7,6,Stressed,TRUE,TRUE,TRUE
4446,2296,Suhani Rawat,25,16/04/2024,Male,YouTube,456,274,182,60.09%,1,4,6.7,14,0.03070175439,3,8,5,Stressed,TRUE,TRUE,TRUE
3467,2297,Suhani Rawat,32,13/05/2024,Female,TikTok,332,216,116,65.06%,1,2,7.3,27,0.0813253012,3,7,6,Stressed,TRUE,FALSE,FALSE
674,2298,Suhani Rawat,34,07/12/2024,Male,WhatsApp,374,94,280,25.13%,0,1,7.1,23,0.0614973262,2,6,6,Stressed,TRUE,FALSE,FALSE
1437,2299,Suhani Rawat,37,06/01/2025,Male,Instagram,247,124,123,50.20%,1,2,7.8,35,0.1417004049,2,6,6,Stressed,TRUE,FALSE,FALSE
1603,2300,Suhani Rawat,39,07/05/2024,Female,YouTube,213,128,85,60.09%,1,2,7.9,39,0.1830985915,2,6,6,Stressed,TRUE,FALSE,FALSE
1183,2301,Suhani Rawat,62,13/05/2025,Female,YouTube,194,116,78,59.79%,0,2,8,41,0.2113402062,2,6,6,Stressed,TRUE,FALSE,FALSE
1896,2302,Vivaan Patil,17,25/04/2024,Male,Facebook,398,139,259,34.92%,1,1,7,20,0.05025125628,2,7,6,Stressed,FALSE,FALSE,FALSE
3472,2302,Vivaan Patil,18,14/02/2025,Male,Instagram,432,216,216,50.00%,1,3,6.8,17,0.03935185185,3,8,5,Stressed,TRUE,TRUE,TRUE
2830,2302,Vivaan Patil,18,17/02/2025,Female,Twitter,454,182,272,40.09%,1,2,6.7,15,0.03303964758,3,8,5,Stressed,TRUE,TRUE,TRUE
1210,2303,Vivaan Patil,20,13/04/2024,Female,WhatsApp,464,116,348,25.00%,0,1,6.7,14,0.03017241379,2,7,6,Stressed,TRUE,FALSE,FALSE
4575,2303,Vivaan Patil,21,16/05/2024,Male,Snapchat,517,284,233,54.93%,1,3,6.4,8,0.01547388781,3,8,5,Stressed,TRUE,TRUE,TRUE
1707,2304,Vivaan Patil,36,10/02/2025,Male,Instagram,263,132,131,50.19%,1,2,7.7,34,0.1292775665,2,6,6,Stressed,TRUE,FALSE,FALSE
821,2305,Vivaan Patil,43,06/08/2025,Male,Twitter,249,100,149,40.16%,1,1,7.8,35,0.140562249,2,6,6,Stressed,TRUE,FALSE,FALSE
675,2306,Vivaan Patil,50,27/09/2025,Female,Snapchat,170,94,76,55.29%,0,1,8.2,43,0.2529411765,2,6,6,Stressed,TRUE,FALSE,FALSE
676,2307,Vihaan Shetty,50,22/04/2024,Male,Instagram,189,94,95,49.74%,0,1,8.1,41,0.2169312169,2,6,6,Stressed,FALSE,TRUE,FALSE
962,2308,Vihaan Shetty,63,13/08/2025,Male,Snapchat,199,109,90,54.77%,0,1,8,40,0.2010050251,2,6,6,Stressed,TRUE,FALSE,FALSE
3578,2309,Neha Mishra,23,16/09/2024,Female,Instagram,444,222,222,50.00%,1,3,6.8,16,0.03603603604,3,8,5,Stressed,FALSE,FALSE,FALSE
681,2310,Neha Mishra,34,23/09/2025,Male,WhatsApp,376,94,282,25.00%,0,1,7.1,22,0.0585106383,2,6,6,Stressed,TRUE,FALSE,FALSE
1953,2311,Neha Mishra,42,15/08/2025,Male,YouTube,237,142,95,59.92%,1,2,7.8,36,0.1518987342,2,6,6,Stressed,TRUE,FALSE,FALSE
4441,2312,Aarav Das,19,26/10/2025,Male,Snapchat,497,273,224,54.93%,1,2,6.5,10,0.02012072435,3,8,5,Stressed,FALSE,FALSE,FALSE
1048,2313,Aarav Das,23,02/09/2025,Female,WhatsApp,447,112,335,25.06%,0,1,6.8,15,0.03355704698,2,7,6,Stressed,TRUE,FALSE,FALSE
3167,2314,Aarav Das,27,30/04/2024,Female,YouTube,332,199,133,59.94%,1,3,7.3,27,0.0813253012,3,7,6,Stressed,TRUE,FALSE,FALSE
3871,2315,Aarav Das,31,25/12/2024,Male,YouTube,397,238,159,59.95%,1,3,7,20,0.05037783375,3,8,5,Stressed,TRUE,FALSE,FALSE
682,2316,Aarav Das,35,05/09/2024,Female,WhatsApp,374,94,280,25.13%,0,1,7.1,23,0.0614973262,2,6,6,Stressed,TRUE,FALSE,FALSE
1720,2317,Aarav Das,43,04/08/2025,Female,TikTok,205,133,72,64.88%,1,1,8,40,0.1951219512,2,6,6,Stressed,TRUE,FALSE,FALSE
4588,2318,Arjun Nair,18,02/01/2025,Female,TikTok,439,285,154,64.92%,2,3,6.8,16,0.03644646925,4,9,4,Stressed,FALSE,FALSE,FALSE
4729,2319,Arjun Nair,21,23/03/2025,Female,TikTok,457,297,160,64.99%,2,3,6.7,14,0.0306345733,4,9,4,Stressed,TRUE,FALSE,FALSE
4662,2320,Arjun Nair,25,13/07/2025,Male,TikTok,448,291,157,64.96%,2,3,6.8,15,0.03348214286,4,9,4,Stressed,TRUE,FALSE,FALSE
1586,2320,Arjun Nair,26,10/10/2025,Female,Facebook,365,128,237,35.07%,1,1,7.2,24,0.06575342466,2,7,6,Stressed,TRUE,TRUE,TRUE
3070,2321,Arjun Nair,29,19/09/2024,Female,Snapchat,355,195,160,54.93%,1,2,7.2,24,0.0676056338,3,7,6,Stressed,TRUE,FALSE,FALSE
1942,2322,Arjun Nair,31,24/10/2024,Male,Twitter,356,142,214,39.89%,1,1,7.2,24,0.06741573034,2,7,6,Stressed,TRUE,FALSE,FALSE
2914,2323,Arjun Nair,35,24/08/2025,Female,Snapchat,340,187,153,55.00%,1,2,7.3,26,0.07647058824,3,7,6,Stressed,TRUE,FALSE,FALSE
1538,2323,Arjun Nair,35,26/06/2025,Male,Facebook,363,127,236,34.99%,1,1,7.2,24,0.06611570248,2,7,6,Stressed,TRUE,TRUE,TRUE
683,2324,Arjun Nair,47,30/05/2025,Female,Instagram,188,94,94,50.00%,0,1,8.1,41,0.2180851064,2,6,6,Stressed,TRUE,FALSE,FALSE
2455,2325,Kavya Chauhan,19,09/05/2024,Male,Facebook,477,167,310,35.01%,1,1,6.6,12,0.0251572327,3,8,5,Stressed,FALSE,FALSE,FALSE
2703,2325,Kavya Chauhan,19,24/10/2024,Female,Facebook,510,178,332,34.90%,1,2,6.4,9,0.01764705882,3,8,5,Stressed,TRUE,TRUE,TRUE
4180,2326,Kavya Chauhan,21,10/08/2024,Male,Snapchat,464,255,209,54.96%,1,2,6.7,14,0.03017241379,3,8,5,Stressed,TRUE,FALSE,FALSE
4274,2327,Kavya Chauhan,24,04/10/2025,Female,Snapchat,471,259,212,54.99%,1,2,6.6,13,0.02760084926,3,8,5,Stressed,TRUE,FALSE,FALSE
4134,2328,Kavya Chauhan,28,07/08/2025,Female,TikTok,389,253,136,65.04%,2,2,7.1,21,0.05398457584,4,8,5,Stressed,TRUE,FALSE,FALSE
3759,2329,Kavya Chauhan,31,22/03/2024,Female,YouTube,385,231,154,60.00%,1,3,7.1,22,0.05714285714,3,7,6,Stressed,TRUE,FALSE,FALSE
684,2330,Kavya Chauhan,45,25/07/2025,Male,Facebook,270,94,176,34.81%,0,1,7.6,33,0.1222222222,2,6,6,Stressed,TRUE,FALSE,FALSE
4866,2331,Aditi Rathod,21,19/01/2025,Male,TikTok,478,311,167,65.06%,2,3,6.6,12,0.02510460251,4,9,4,Stressed,FALSE,FALSE,FALSE
4098,2331,Aditi Rathod,22,07/09/2024,Female,Snapchat,456,251,205,55.04%,1,2,6.7,14,0.03070175439,3,8,5,Stressed,TRUE,TRUE,TRUE
1494,2332,Aditi Rathod,26,17/10/2024,Female,Facebook,360,126,234,35.00%,1,1,7.2,24,0.06666666667,2,7,6,Stressed,TRUE,FALSE,FALSE
3127,2333,Aditi Rathod,34,20/09/2024,Male,Instagram,394,197,197,50.00%,1,3,7,21,0.05329949239,3,8,5,Stressed,TRUE,FALSE,FALSE
686,2333,Aditi Rathod,35,15/05/2024,Male,WhatsApp,377,94,283,24.93%,0,1,7.1,22,0.05835543767,2,6,6,Stressed,TRUE,TRUE,TRUE
866,2334,Aditi Rathod,67,14/11/2024,Male,TikTok,158,103,55,65.19%,1,1,8.2,44,0.2784810127,2,6,6,Stressed,TRUE,FALSE,FALSE
4047,2335,Avni Nair,16,27/02/2024,Female,YouTube,413,248,165,60.05%,1,3,6.9,19,0.04600484262,3,8,5,Stressed,FALSE,FALSE,FALSE
2192,2336,Avni Nair,20,22/05/2025,Male,Facebook,444,155,289,34.91%,1,1,6.8,16,0.03603603604,2,7,6,Stressed,TRUE,FALSE,FALSE
2984,2336,Avni Nair,20,04/06/2025,Male,Twitter,481,192,289,39.92%,1,2,6.6,12,0.02494802495,3,8,5,Stressed,TRUE,TRUE,TRUE
2750,2336,Avni Nair,21,23/02/2025,Male,Twitter,451,180,271,39.91%,1,2,6.7,15,0.0332594235,3,8,5,Stressed,TRUE,TRUE,TRUE
1101,2336,Avni Nair,22,26/08/2025,Female,WhatsApp,452,113,339,25.00%,0,1,6.7,15,0.03318584071,2,7,6,Stressed,TRUE,TRUE,TRUE
2424,2337,Avni Nair,24,05/08/2024,Female,Facebook,471,165,306,35.03%,1,1,6.6,13,0.02760084926,3,8,5,Stressed,TRUE,FALSE,FALSE
2489,2338,Avni Nair,27,05/01/2024,Female,Instagram,338,169,169,50.00%,1,2,7.3,26,0.07692307692,3,7,6,Stressed,TRUE,FALSE,FALSE
3361,2338,Avni Nair,27,06/05/2025,Female,YouTube,350,210,140,60.00%,1,3,7.2,25,0.07142857143,3,7,6,Stressed,TRUE,TRUE,TRUE
3232,2339,Avni Nair,29,01/03/2024,Female,YouTube,336,202,134,60.12%,1,3,7.3,26,0.07738095238,3,7,6,Stressed,TRUE,FALSE,FALSE
1480,2339,Avni Nair,30,15/09/2025,Male,Facebook,356,125,231,35.11%,1,1,7.2,24,0.06741573034,2,7,6,Stressed,TRUE,TRUE,TRUE
3538,2340,Avni Nair,32,10/09/2025,Female,Snapchat,400,220,180,55.00%,1,2,7,20,0.05,3,8,5,Stressed,TRUE,FALSE,FALSE
1866,2341,Avni Nair,55,08/06/2025,Male,TikTok,213,138,75,64.79%,1,1,7.9,39,0.1830985915,2,6,6,Stressed,TRUE,FALSE,FALSE
687,2342,Avni Nair,67,03/04/2024,Male,Snapchat,171,94,77,54.97%,0,1,8.1,43,0.2514619883,2,6,6,Stressed,TRUE,FALSE,FALSE
3309,2343,Riya Khan,18,18/07/2025,Female,Instagram,411,206,205,50.12%,1,3,6.9,19,0.04622871046,3,8,5,Stressed,FALSE,FALSE,FALSE
3200,2344,Riya Khan,23,16/03/2025,Male,Twitter,500,200,300,40.00%,1,2,6.5,10,0.02,3,8,5,Stressed,TRUE,FALSE,FALSE
4198,2345,Riya Khan,25,13/01/2025,Female,Instagram,511,256,255,50.10%,1,3,6.4,9,0.01761252446,3,8,5,Stressed,TRUE,FALSE,FALSE
688,2346,Riya Khan,28,14/12/2024,Male,WhatsApp,375,94,281,25.07%,0,1,7.1,22,0.05866666667,2,6,6,Stressed,TRUE,FALSE,FALSE
1336,2346,Riya Khan,29,27/09/2024,Female,Facebook,346,121,225,34.97%,1,1,7.3,25,0.07225433526,2,7,6,Stressed,TRUE,TRUE,TRUE
3299,2347,Riya Khan,34,03/04/2024,Male,Snapchat,374,206,168,55.08%,1,2,7.1,23,0.0614973262,3,7,6,Stressed,TRUE,FALSE,FALSE
2158,2348,Diya Verma,16,29/07/2024,Female,Facebook,439,154,285,35.08%,1,1,6.8,16,0.03644646925,2,7,6,Stressed,FALSE,FALSE,FALSE
3607,2349,Diya Verma,20,03/06/2024,Female,Instagram,448,224,224,50.00%,1,3,6.8,15,0.03348214286,3,8,5,Stressed,TRUE,FALSE,FALSE
3131,2350,Diya Verma,23,30/06/2024,Female,Twitter,496,198,298,39.92%,1,2,6.5,10,0.02016129032,3,8,5,Stressed,TRUE,FALSE,FALSE
1155,2350,Diya Verma,24,21/10/2025,Male,WhatsApp,459,115,344,25.05%,0,1,6.7,14,0.03050108932,2,7,6,Stressed,TRUE,TRUE,TRUE
4490,2350,Diya Verma,24,27/01/2024,Male,Snapchat,503,277,226,55.07%,1,2,6.5,10,0.01988071571,3,8,5,Stressed,TRUE,TRUE,TRUE
2898,2351,Diya Verma,29,07/11/2025,Female,Instagram,371,186,185,50.13%,1,2,7.1,23,0.06199460916,3,7,6,Stressed,TRUE,FALSE,FALSE
691,2352,Diya Verma,42,02/05/2024,Male,Twitter,237,95,142,40.08%,1,1,7.8,36,0.1518987342,2,6,6,Stressed,TRUE,FALSE,FALSE
1292,2352,Diya Verma,43,29/07/2024,Female,Snapchat,217,119,98,54.84%,0,1,7.9,38,0.1751152074,2,6,6,Stressed,TRUE,TRUE,TRUE
2554,2353,Jiya Verma,15,12/05/2024,Male,Twitter,430,172,258,40.00%,1,2,6.8,17,0.03953488372,3,8,5,Stressed,FALSE,FALSE,FALSE
3265,2354,Jiya Verma,18,23/09/2024,Male,Instagram,408,204,204,50.00%,1,3,7,19,0.04656862745,3,8,5,Stressed,TRUE,FALSE,FALSE
4477,2354,Jiya Verma,19,17/08/2024,Female,YouTube,460,276,184,60.00%,1,4,6.7,14,0.03043478261,3,8,5,Stressed,TRUE,TRUE,TRUE
3887,2354,Jiya Verma,19,03/06/2025,Male,Instagram,477,238,239,49.90%,1,3,6.6,12,0.0251572327,3,8,5,Stressed,TRUE,TRUE,TRUE
4432,2355,Jiya Verma,24,14/08/2024,Female,YouTube,454,272,182,59.91%,1,4,6.7,15,0.03303964758,3,8,5,Stressed,TRUE,FALSE,FALSE
3783,2356,Jiya Verma,31,23/04/2024,Male,YouTube,389,233,156,59.90%,1,3,7.1,21,0.05398457584,3,8,5,Stressed,TRUE,FALSE,FALSE
692,2357,Jiya Verma,66,10/02/2025,Male,TikTok,146,95,51,65.07%,1,1,8.3,45,0.3082191781,2,6,6,Stressed,TRUE,FALSE,FALSE
3732,2358,Aditya Ansari,21,22/04/2025,Female,Instagram,460,230,230,50.00%,1,3,6.7,14,0.03043478261,3,8,5,Stressed,FALSE,FALSE,FALSE
3096,2358,Aditya Ansari,21,05/11/2025,Female,Twitter,489,196,293,40.08%,1,2,6.6,11,0.02249488753,3,8,5,Stressed,TRUE,TRUE,TRUE
3970,2358,Aditya Ansari,22,30/08/2025,Male,Instagram,488,244,244,50.00%,1,3,6.6,11,0.02254098361,3,8,5,Stressed,TRUE,TRUE,TRUE
1199,2359,Aditya Ansari,25,13/01/2024,Male,WhatsApp,464,116,348,25.00%,0,1,6.7,14,0.03017241379,2,7,6,Stressed,TRUE,FALSE,FALSE
693,2360,Aditya Ansari,27,17/07/2025,Male,WhatsApp,379,95,284,25.07%,0,1,7.1,22,0.0580474934,2,6,6,Stressed,TRUE,FALSE,FALSE
1988,2361,Aditya Ansari,29,11/12/2024,Female,Twitter,362,145,217,40.06%,1,1,7.2,24,0.06629834254,2,7,6,Stressed,TRUE,FALSE,FALSE
3073,2362,Aditya Ansari,35,05/11/2025,Female,Snapchat,355,195,160,54.93%,1,2,7.2,24,0.0676056338,3,7,6,Stressed,TRUE,FALSE,FALSE
1589,2363,Aditya Ansari,37,16/12/2024,Female,Instagram,256,128,128,50.00%,1,2,7.7,34,0.1328125,2,6,6,Stressed,TRUE,FALSE,FALSE
696,2364,Sai Choudhary,15,07/01/2025,Female,WhatsApp,380,95,285,25.00%,0,1,7.1,22,0.05789473684,2,6,6,Stressed,FALSE,FALSE,FALSE
722,2365,Sai Choudhary,17,23/10/2025,Female,WhatsApp,382,96,286,25.13%,0,1,7.1,22,0.05759162304,2,6,6,Stressed,TRUE,FALSE,FALSE
1163,2366,Sai Choudhary,19,27/10/2024,Female,WhatsApp,460,115,345,25.00%,0,1,6.7,14,0.03043478261,2,7,6,Stressed,TRUE,FALSE,FALSE
4834,2366,Sai Choudhary,19,04/08/2024,Female,TikTok,474,308,166,64.98%,2,3,6.6,13,0.02742616034,4,9,4,Stressed,TRUE,TRUE,TRUE
1547,2367,Sai Choudhary,26,03/04/2025,Male,Facebook,364,127,237,34.89%,1,1,7.2,24,0.06593406593,2,7,6,Stressed,TRUE,FALSE,FALSE
3581,2368,Sai Choudhary,28,29/10/2024,Male,TikTok,342,222,120,64.91%,1,2,7.3,26,0.07602339181,3,7,6,Stressed,TRUE,FALSE,FALSE
2537,2368,Sai Choudhary,29,22/11/2024,Male,Instagram,344,172,172,50.00%,1,2,7.3,26,0.07558139535,3,7,6,Stressed,TRUE,TRUE,TRUE
3466,2369,Sai Choudhary,34,23/11/2024,Female,Snapchat,392,216,176,55.10%,1,2,7,21,0.05357142857,3,8,5,Stressed,TRUE,FALSE,FALSE
2308,2370,Aarohi Reddy,19,09/01/2025,Male,Facebook,456,160,296,35.09%,1,1,6.7,14,0.03070175439,2,7,6,Stressed,FALSE,FALSE,FALSE
4096,2371,Aarohi Reddy,21,18/06/2024,Female,Instagram,502,251,251,50.00%,1,3,6.5,10,0.01992031873,3,8,5,Stressed,TRUE,FALSE,FALSE
4726,2371,Aarohi Reddy,22,27/06/2025,Male,YouTube,494,296,198,59.92%,1,4,6.5,11,0.02226720648,3,8,5,Stressed,TRUE,TRUE,TRUE
703,2372,Aarohi Reddy,28,02/08/2025,Female,WhatsApp,381,95,286,24.93%,0,1,7.1,22,0.05774278215,2,6,6,Stressed,TRUE,FALSE,FALSE
3706,2373,Aarohi Reddy,31,27/10/2025,Male,TikTok,353,229,124,64.87%,2,2,7.2,25,0.07082152975,3,8,5,Stressed,TRUE,FALSE,FALSE
828,2374,Aarohi Reddy,63,13/10/2024,Male,TikTok,154,100,54,64.94%,1,1,8.2,45,0.2922077922,2,6,6,Stressed,TRUE,FALSE,FALSE
4565,2375,Riya Reddy,24,27/12/2024,Female,YouTube,471,283,188,60.08%,1,4,6.6,13,0.02760084926,3,8,5,Stressed,FALSE,FALSE,FALSE
3416,2376,Riya Reddy,35,07/09/2025,Female,Snapchat,388,213,175,54.90%,1,2,7.1,21,0.05412371134,3,8,5,Stressed,TRUE,FALSE,FALSE
2187,2376,Riya Reddy,36,28/04/2025,Other,TikTok,239,155,84,64.85%,1,1,7.8,36,0.1506276151,2,6,6,Stressed,TRUE,TRUE,TRUE
706,2377,Riya Reddy,48,27/03/2025,Female,TikTok,146,95,51,65.07%,1,1,8.3,45,0.3082191781,2,6,6,Stressed,TRUE,FALSE,FALSE
2905,2378,Vivaan Reddy,19,04/09/2024,Female,Twitter,464,186,278,40.09%,1,2,6.7,14,0.03017241379,3,8,5,Stressed,FALSE,FALSE,FALSE
4281,2379,Vivaan Reddy,23,17/03/2025,Female,Instagram,519,260,259,50.10%,1,3,6.4,8,0.01541425819,3,8,5,Stressed,TRUE,FALSE,FALSE
3011,2380,Vivaan Reddy,29,19/03/2025,Female,Snapchat,349,192,157,55.01%,1,2,7.3,25,0.07163323782,3,7,6,Stressed,TRUE,FALSE,FALSE
2817,2381,Vivaan Reddy,32,30/07/2025,Male,Snapchat,331,182,149,54.98%,1,2,7.3,27,0.08157099698,3,7,6,Stressed,TRUE,FALSE,FALSE
1822,2382,Vivaan Reddy,41,21/10/2024,Female,Instagram,272,136,136,50.00%,1,2,7.6,33,0.1213235294,2,6,6,Stressed,TRUE,FALSE,FALSE
707,2383,Vivaan Reddy,56,05/03/2025,Female,Snapchat,173,95,78,54.91%,0,1,8.1,43,0.2485549133,2,6,6,Stressed,TRUE,FALSE,FALSE
4998,2384,Aarohi Joshi,25,02/03/2025,Female,TikTok,518,337,181,65.06%,2,3,6.4,8,0.01544401544,4,9,4,Stressed,FALSE,FALSE,FALSE
2172,2384,Aarohi Joshi,26,25/09/2024,Female,Twitter,387,155,232,40.05%,1,1,7.1,21,0.05426356589,2,7,6,Stressed,TRUE,TRUE,TRUE
710,2385,Aarohi Joshi,38,15/09/2024,Female,Twitter,237,95,142,40.08%,1,1,7.8,36,0.1518987342,2,6,6,Stressed,TRUE,FALSE,FALSE
4830,2386,Jiya Nair,19,07/02/2025,Female,YouTube,511,307,204,60.08%,1,4,6.4,9,0.01761252446,3,8,5,Stressed,FALSE,FALSE,FALSE
711,2387,Jiya Nair,31,26/03/2024,Male,WhatsApp,382,96,286,25.13%,0,1,7.1,22,0.05759162304,2,6,6,Stressed,TRUE,FALSE,FALSE
3977,2388,Ananya Shetty,24,27/08/2025,Male,Snapchat,443,244,199,55.08%,1,2,6.8,16,0.03611738149,3,8,5,Stressed,FALSE,FALSE,FALSE
1409,2388,Ananya Shetty,25,31/05/2025,Female,WhatsApp,493,123,370,24.95%,1,1,6.5,11,0.02231237323,2,7,6,Stressed,TRUE,TRUE,TRUE
712,2389,Ananya Shetty,39,17/11/2024,Female,Twitter,239,96,143,40.17%,1,1,7.8,36,0.1506276151,2,6,6,Stressed,TRUE,FALSE,FALSE
881,2390,Payal Shinde,16,15/02/2025,Female,WhatsApp,414,104,310,25.12%,0,1,6.9,19,0.04589371981,2,7,6,Stressed,FALSE,FALSE,FALSE
3190,2391,Payal Shinde,29,14/09/2024,Male,Instagram,399,200,199,50.13%,1,3,7,20,0.05012531328,3,8,5,Stressed,TRUE,FALSE,FALSE
1997,2392,Payal Shinde,32,25/04/2024,Other,Twitter,362,145,217,40.06%,1,1,7.2,24,0.06629834254,2,7,6,Stressed,TRUE,FALSE,FALSE
3264,2393,Payal Shinde,34,02/03/2024,Female,Snapchat,370,204,166,55.14%,1,2,7.2,23,0.06216216216,3,7,6,Stressed,TRUE,FALSE,FALSE
713,2394,Payal Shinde,59,21/12/2024,Female,Snapchat,175,96,79,54.86%,0,1,8.1,42,0.24,2,6,6,Stressed,TRUE,FALSE,FALSE
1022,2395,Neha Pawar,25,16/08/2025,Male,WhatsApp,445,111,334,24.94%,0,1,6.8,16,0.03595505618,2,7,6,Stressed,FALSE,FALSE,FALSE
1182,2396,Neha Pawar,32,17/04/2025,Female,Facebook,331,116,215,35.05%,0,1,7.3,27,0.08157099698,2,6,6,Stressed,TRUE,FALSE,FALSE
2580,2397,Neha Pawar,34,16/02/2024,Female,Instagram,349,174,175,49.86%,1,2,7.3,25,0.07163323782,3,7,6,Stressed,TRUE,FALSE,FALSE
714,2398,Neha Pawar,44,03/07/2024,Male,Twitter,239,96,143,40.17%,1,1,7.8,36,0.1506276151,2,6,6,Stressed,TRUE,FALSE,FALSE
869,2399,Neha Pawar,64,28/06/2024,Female,YouTube,171,103,68,60.23%,0,1,8.1,43,0.2514619883,2,6,6,Stressed,TRUE,FALSE,FALSE
2324,2400,Riya Patil,20,02/06/2025,Male,Facebook,457,160,297,35.01%,1,1,6.7,14,0.0306345733,2,7,6,Stressed,FALSE,FALSE,FALSE
1200,2400,Riya Patil,21,30/07/2024,Male,WhatsApp,466,116,350,24.89%,0,1,6.7,13,0.02789699571,2,7,6,Stressed,TRUE,TRUE,TRUE
1904,2401,Riya Patil,26,31/07/2024,Male,Twitter,351,140,211,39.89%,1,1,7.2,25,0.07122507123,2,7,6,Stressed,TRUE,FALSE,FALSE
1514,2401,Riya Patil,27,08/04/2024,Male,Facebook,359,126,233,35.10%,1,1,7.2,24,0.06685236769,2,7,6,Stressed,TRUE,TRUE,TRUE
718,2401,Riya Patil,28,11/10/2025,Female,WhatsApp,384,96,288,25.00%,0,1,7.1,22,0.05729166667,2,6,6,Stressed,TRUE,TRUE,TRUE
3089,2402,Riya Patil,31,13/09/2024,Male,YouTube,326,196,130,60.12%,1,3,7.4,27,0.08282208589,3,7,6,Stressed,TRUE,FALSE,FALSE
3463,2403,Riya Patil,33,23/05/2025,Female,YouTube,358,215,143,60.06%,1,3,7.2,24,0.06703910615,3,7,6,Stressed,TRUE,FALSE,FALSE
2046,2404,Riya Patil,35,11/02/2024,Female,Twitter,370,148,222,40.00%,1,1,7.2,23,0.06216216216,2,7,6,Stressed,TRUE,FALSE,FALSE
3126,2405,Navya Banerjee,19,06/03/2024,Female,Twitter,493,197,296,39.96%,1,2,6.5,11,0.02231237323,3,8,5,Stressed,FALSE,FALSE,FALSE
1365,2405,Navya Banerjee,20,30/07/2025,Female,WhatsApp,489,122,367,24.95%,1,1,6.6,11,0.02249488753,2,7,6,Stressed,TRUE,TRUE,TRUE
2912,2406,Navya Banerjee,22,29/12/2024,Male,Twitter,467,187,280,40.04%,1,2,6.7,13,0.0278372591,3,8,5,Stressed,TRUE,FALSE,FALSE
4877,2407,Navya Banerjee,24,29/12/2024,Female,TikTok,481,313,168,65.07%,2,3,6.6,12,0.02494802495,4,9,4,Stressed,TRUE,FALSE,FALSE
3152,2408,Navya Banerjee,34,28/02/2025,Female,YouTube,330,198,132,60.00%,1,3,7.4,27,0.08181818182,3,7,6,Stressed,TRUE,FALSE,FALSE
719,2409,Navya Banerjee,49,04/02/2024,Female,Snapchat,175,96,79,54.86%,0,1,8.1,42,0.24,2,6,6,Stressed,TRUE,FALSE,FALSE
896,2410,Aarav Pawar,13,26/03/2024,Female,WhatsApp,419,105,314,25.06%,0,1,6.9,18,0.04295942721,2,7,6,Stressed,FALSE,FALSE,FALSE
3182,2411,Aarav Pawar,24,31/01/2024,Male,Twitter,500,200,300,40.00%,1,2,6.5,10,0.02,3,8,5,Stressed,TRUE,FALSE,FALSE
4786,2411,Aarav Pawar,25,30/12/2024,Male,TikTok,464,302,162,65.09%,2,3,6.7,14,0.03017241379,4,9,4,Stressed,TRUE,TRUE,TRUE
3060,2412,Aarav Pawar,27,28/07/2025,Female,Instagram,387,194,193,50.13%,1,3,7.1,21,0.05426356589,3,8,5,Stressed,TRUE,FALSE,FALSE
723,2413,Aarav Pawar,44,11/04/2024,Male,Facebook,274,96,178,35.04%,0,1,7.6,33,0.1204379562,2,6,6,Stressed,TRUE,FALSE,FALSE
1956,2414,Aarav Pawar,67,01/06/2025,Female,TikTok,218,142,76,65.14%,1,1,7.9,38,0.1743119266,2,6,6,Stressed,TRUE,FALSE,FALSE
4406,2415,Reyansh Choudhary,13,12/01/2025,Male,TikTok,417,271,146,64.99%,2,2,6.9,18,0.04316546763,4,9,4,Stressed,FALSE,FALSE,FALSE
1141,2416,Reyansh Choudhary,23,09/02/2025,Female,WhatsApp,456,114,342,25.00%,0,1,6.7,14,0.03070175439,2,7,6,Stressed,TRUE,FALSE,FALSE
2910,2417,Reyansh Choudhary,26,25/05/2024,Male,Snapchat,340,187,153,55.00%,1,2,7.3,26,0.07647058824,3,7,6,Stressed,TRUE,FALSE,FALSE
724,2418,Reyansh Choudhary,31,25/06/2024,Male,WhatsApp,382,96,286,25.13%,0,1,7.1,22,0.05759162304,2,6,6,Stressed,TRUE,FALSE,FALSE
2007,2419,Reyansh Choudhary,36,20/02/2025,Female,Snapchat,266,146,120,54.89%,1,1,7.7,33,0.1240601504,2,6,6,Stressed,TRUE,FALSE,FALSE
2091,2420,Reyansh Choudhary,42,02/09/2024,Other,TikTok,232,151,81,65.09%,1,1,7.8,37,0.1594827586,2,6,6,Stressed,TRUE,FALSE,FALSE
3592,2421,Aarohi Rathod,13,11/10/2025,Female,Snapchat,406,223,183,54.93%,1,2,7,19,0.04679802956,3,8,5,Stressed,FALSE,FALSE,FALSE
3707,2422,Aarohi Rathod,16,12/02/2025,Female,Snapchat,416,229,187,55.05%,1,2,6.9,18,0.04326923077,3,8,5,Stressed,TRUE,FALSE,FALSE
996,2423,Aarohi Rathod,21,31/05/2025,Male,WhatsApp,441,110,331,24.94%,0,1,6.8,16,0.03628117914,2,7,6,Stressed,TRUE,FALSE,FALSE
728,2424,Aarohi Rathod,37,03/06/2024,Female,Facebook,275,96,179,34.91%,0,1,7.6,32,0.1163636364,2,6,6,Stressed,TRUE,FALSE,FALSE
3752,2425,Ishaan Patil,19,07/11/2025,Female,Instagram,462,231,231,50.00%,1,3,6.7,14,0.0303030303,3,8,5,Stressed,FALSE,FALSE,FALSE
2375,2425,Ishaan Patil,19,13/11/2025,Female,Facebook,466,163,303,34.98%,1,1,6.7,13,0.02789699571,3,8,5,Stressed,TRUE,TRUE,TRUE
4156,2426,Ishaan Patil,21,24/01/2024,Male,Snapchat,462,254,208,54.98%,1,2,6.7,14,0.0303030303,3,8,5,Stressed,TRUE,FALSE,FALSE
4200,2427,Ishaan Patil,23,17/02/2024,Female,Snapchat,465,256,209,55.05%,1,2,6.7,14,0.03010752688,3,8,5,Stressed,TRUE,FALSE,FALSE
4990,2428,Ishaan Patil,25,06/02/2025,Female,TikTok,515,335,180,65.05%,2,3,6.4,8,0.01553398058,4,9,4,Stressed,TRUE,FALSE,FALSE
729,2429,Ishaan Patil,30,17/08/2024,Female,WhatsApp,383,96,287,25.07%,0,1,7.1,22,0.05744125326,2,6,6,Stressed,TRUE,FALSE,FALSE
1028,2430,Ishaan Patil,61,01/02/2025,Female,YouTube,187,112,75,59.89%,0,1,8.1,41,0.2192513369,2,6,6,Stressed,TRUE,FALSE,FALSE
747,2431,Aditi Mishra,15,08/10/2024,Female,WhatsApp,386,96,290,24.87%,0,1,7.1,21,0.05440414508,2,6,6,Stressed,FALSE,FALSE,FALSE
4669,2432,Aditi Mishra,17,28/04/2024,Male,TikTok,448,291,157,64.96%,2,3,6.8,15,0.03348214286,4,9,4,Stressed,TRUE,FALSE,FALSE
2348,2433,Aditi Mishra,19,02/04/2025,Female,Facebook,461,161,300,34.92%,1,1,6.7,14,0.03036876356,2,7,6,Stressed,TRUE,FALSE,FALSE
1217,2433,Aditi Mishra,19,31/12/2024,Male,WhatsApp,468,117,351,25.00%,0,1,6.7,13,0.02777777778,2,7,6,Stressed,TRUE,TRUE,TRUE
1055,2434,Aditi Mishra,23,23/09/2024,Male,WhatsApp,450,112,338,24.89%,0,1,6.8,15,0.03333333333,2,7,6,Stressed,TRUE,FALSE,FALSE
4606,2434,Aditi Mishra,23,12/02/2025,Male,YouTube,477,286,191,59.96%,1,4,6.6,12,0.0251572327,3,8,5,Stressed,TRUE,TRUE,TRUE
2706,2435,Aditi Mishra,27,17/01/2025,Male,Instagram,357,178,179,49.86%,1,2,7.2,24,0.06722689076,3,7,6,Stressed,TRUE,FALSE,FALSE
3899,2435,Aditi Mishra,28,11/10/2025,Male,YouTube,399,239,160,59.90%,1,3,7,20,0.05012531328,3,8,5,Stressed,TRUE,TRUE,TRUE
2612,2435,Aditi Mishra,29,09/04/2024,Female,Instagram,350,175,175,50.00%,1,2,7.2,25,0.07142857143,3,7,6,Stressed,TRUE,TRUE,TRUE
3511,2435,Aditi Mishra,29,23/02/2024,Female,YouTube,364,218,146,59.89%,1,3,7.2,24,0.06593406593,3,7,6,Stressed,TRUE,TRUE,TRUE
2004,2436,Aditi Mishra,36,21/02/2024,Male,Snapchat,266,146,120,54.89%,1,1,7.7,33,0.1240601504,2,6,6,Stressed,TRUE,FALSE,FALSE
731,2437,Aditi Mishra,51,16/11/2024,Male,YouTube,160,96,64,60.00%,0,1,8.2,44,0.275,2,6,6,Stressed,TRUE,FALSE,FALSE
732,2438,Sai Saxena,27,04/03/2025,Female,WhatsApp,385,96,289,24.94%,0,1,7.1,22,0.05714285714,2,6,6,Stressed,FALSE,FALSE,FALSE
4598,2439,Vihaan Reddy,25,16/05/2025,Male,YouTube,477,286,191,59.96%,1,4,6.6,12,0.0251572327,3,8,5,Stressed,FALSE,FALSE,FALSE
735,2440,Vihaan Reddy,31,02/04/2024,Male,WhatsApp,383,96,287,25.07%,0,1,7.1,22,0.05744125326,2,6,6,Stressed,TRUE,FALSE,FALSE
880,2441,Vihaan Reddy,42,23/06/2024,Other,Twitter,261,104,157,39.85%,1,1,7.7,34,0.1302681992,2,6,6,Stressed,TRUE,FALSE,FALSE
3339,2442,Isha Choudhary,23,21/08/2024,Female,Twitter,520,208,312,40.00%,1,2,6.4,8,0.01538461538,3,8,5,Stressed,FALSE,FALSE,FALSE
4401,2442,Isha Choudhary,24,13/01/2024,Male,YouTube,450,270,180,60.00%,1,4,6.8,15,0.03333333333,3,8,5,Stressed,TRUE,TRUE,TRUE
1323,2443,Isha Choudhary,26,27/10/2025,Female,Facebook,344,120,224,34.88%,0,1,7.3,26,0.07558139535,2,6,6,Stressed,TRUE,FALSE,FALSE
2656,2444,Isha Choudhary,35,19/05/2024,Male,Snapchat,322,177,145,54.97%,1,2,7.4,28,0.08695652174,3,7,6,Stressed,TRUE,FALSE,FALSE
736,2445,Isha Choudhary,44,11/07/2024,Male,Facebook,274,96,178,35.04%,0,1,7.6,33,0.1204379562,2,6,6,Stressed,TRUE,FALSE,FALSE
826,2446,Isha Choudhary,50,10/10/2025,Male,Instagram,199,100,99,50.25%,0,1,8,40,0.2010050251,2,6,6,Stressed,TRUE,FALSE,FALSE
4219,2447,Riya Das,19,11/12/2024,Female,Snapchat,468,257,211,54.91%,1,2,6.7,13,0.02777777778,3,8,5,Stressed,FALSE,FALSE,FALSE
2061,2448,Riya Das,35,29/05/2025,Male,Twitter,372,149,223,40.05%,1,1,7.1,23,0.06182795699,2,7,6,Stressed,TRUE,FALSE,FALSE
737,2449,Riya Das,69,10/01/2025,Female,TikTok,148,96,52,64.86%,1,1,8.3,45,0.3040540541,2,6,6,Stressed,TRUE,FALSE,FALSE
738,2450,Isha Chauhan,15,09/04/2025,Male,WhatsApp,386,96,290,24.87%,0,1,7.1,21,0.05440414508,2,6,6,Stressed,FALSE,FALSE,FALSE
4510,2451,Isha Chauhan,20,07/06/2025,Male,Snapchat,508,279,229,54.92%,1,2,6.5,9,0.01771653543,3,8,5,Stressed,TRUE,FALSE,FALSE
4790,2452,Isha Chauhan,25,17/10/2024,Male,TikTok,466,303,163,65.02%,2,3,6.7,13,0.02789699571,4,9,4,Stressed,TRUE,FALSE,FALSE
2247,2453,Isha Chauhan,27,19/02/2025,Male,Twitter,394,158,236,40.10%,1,1,7,21,0.05329949239,2,7,6,Stressed,TRUE,FALSE,FALSE
764,2454,Isha Chauhan,35,29/04/2025,Female,WhatsApp,392,98,294,25.00%,0,1,7,21,0.05357142857,2,6,6,Stressed,TRUE,FALSE,FALSE
927,2455,Isha Chauhan,41,25/09/2025,Male,Twitter,267,107,160,40.07%,1,1,7.7,33,0.1235955056,2,6,6,Stressed,TRUE,FALSE,FALSE
810,2456,Isha Chauhan,53,15/03/2025,Female,Snapchat,180,99,81,55.00%,0,1,8.1,42,0.2333333333,2,6,6,Stressed,TRUE,FALSE,FALSE
3359,2457,Payal Nair,13,01/02/2025,Female,Snapchat,380,209,171,55.00%,1,2,7.1,22,0.05789473684,3,7,6,Stressed,FALSE,FALSE,FALSE
3738,2458,Payal Nair,21,28/01/2025,Male,Instagram,461,230,231,49.89%,1,3,6.7,14,0.03036876356,3,8,5,Stressed,TRUE,FALSE,FALSE
2738,2458,Payal Nair,22,02/10/2025,Female,Twitter,450,180,270,40.00%,1,2,6.8,15,0.03333333333,3,8,5,Stressed,TRUE,TRUE,TRUE
3340,2458,Payal Nair,22,19/02/2024,Male,Twitter,520,208,312,40.00%,1,2,6.4,8,0.01538461538,3,8,5,Stressed,TRUE,TRUE,TRUE
1848,2459,Payal Nair,29,26/06/2025,Male,Facebook,392,137,255,34.95%,1,1,7,21,0.05357142857,2,7,6,Stressed,TRUE,FALSE,FALSE
2911,2460,Payal Nair,31,17/10/2025,Male,Instagram,374,187,187,50.00%,1,2,7.1,23,0.0614973262,3,7,6,Stressed,TRUE,FALSE,FALSE
2826,2461,Payal Nair,35,28/04/2024,Male,Snapchat,331,182,149,54.98%,1,2,7.3,27,0.08157099698,3,7,6,Stressed,TRUE,FALSE,FALSE
3598,2461,Payal Nair,35,27/09/2024,Male,YouTube,374,224,150,59.89%,1,3,7.1,23,0.0614973262,3,7,6,Stressed,TRUE,TRUE,TRUE
740,2462,Payal Nair,39,18/10/2025,Female,Facebook,275,96,179,34.91%,0,1,7.6,32,0.1163636364,2,6,6,Stressed,TRUE,FALSE,FALSE
1528,2463,Payal Nair,45,16/04/2024,Female,Instagram,254,127,127,50.00%,1,2,7.7,35,0.1377952756,2,6,6,Stressed,TRUE,FALSE,FALSE
1799,2464,Aditya Shinde,15,31/07/2025,Female,Facebook,387,135,252,34.88%,1,1,7.1,21,0.05426356589,2,7,6,Stressed,FALSE,FALSE,FALSE
2376,2465,Aditya Shinde,19,20/06/2024,Female,Facebook,465,163,302,35.05%,1,1,6.7,14,0.03010752688,3,8,5,Stressed,TRUE,FALSE,FALSE
3770,2466,Aditya Shinde,21,15/08/2025,Female,Instagram,463,232,231,50.11%,1,3,6.7,14,0.03023758099,3,8,5,Stressed,TRUE,FALSE,FALSE
3057,2466,Aditya Shinde,21,25/02/2024,Female,Twitter,486,194,292,39.92%,1,2,6.6,11,0.02263374486,3,8,5,Stressed,TRUE,TRUE,TRUE
741,2467,Aditya Shinde,26,02/04/2025,Female,WhatsApp,383,96,287,25.07%,0,1,7.1,22,0.05744125326,2,6,6,Stressed,TRUE,FALSE,FALSE
2072,2468,Aditya Shinde,29,15/05/2024,Female,Twitter,376,150,226,39.89%,1,1,7.1,22,0.0585106383,2,7,6,Stressed,TRUE,FALSE,FALSE
1952,2469,Aditya Shinde,49,23/01/2025,Female,TikTok,219,142,77,64.84%,1,1,7.9,38,0.1735159817,2,6,6,Stressed,TRUE,FALSE,FALSE
1969,2470,Reyansh Yadav,17,05/03/2025,Female,Facebook,409,143,266,34.96%,1,1,7,19,0.04645476773,2,7,6,Stressed,FALSE,FALSE,FALSE
3330,2471,Reyansh Yadav,22,19/12/2024,Female,Twitter,518,207,311,39.96%,1,2,6.4,8,0.01544401544,3,8,5,Stressed,TRUE,FALSE,FALSE
4347,2471,Reyansh Yadav,23,28/05/2024,Female,YouTube,444,266,178,59.91%,1,4,6.8,16,0.03603603604,3,8,5,Stressed,TRUE,TRUE,TRUE
4779,2471,Reyansh Yadav,24,15/02/2024,Female,TikTok,464,302,162,65.09%,2,3,6.7,14,0.03017241379,4,9,4,Stressed,TRUE,TRUE,TRUE
4795,2471,Reyansh Yadav,25,24/05/2024,Female,YouTube,507,304,203,59.96%,1,4,6.5,9,0.01775147929,3,8,5,Stressed,TRUE,TRUE,TRUE
2060,2471,Reyansh Yadav,26,13/10/2025,Female,Twitter,372,149,223,40.05%,1,1,7.1,23,0.06182795699,2,7,6,Stressed,TRUE,TRUE,TRUE
2147,2472,Reyansh Yadav,33,10/09/2025,Male,Twitter,385,154,231,40.00%,1,1,7.1,22,0.05714285714,2,7,6,Stressed,TRUE,FALSE,FALSE
3698,2472,Reyansh Yadav,34,28/06/2024,Female,YouTube,380,228,152,60.00%,1,3,7.1,22,0.05789473684,3,7,6,Stressed,TRUE,TRUE,TRUE
743,2473,Reyansh Yadav,48,08/07/2024,Male,Instagram,193,96,97,49.74%,0,1,8,41,0.2124352332,2,6,6,Stressed,TRUE,FALSE,FALSE
2452,2474,Riya Rawat,20,29/08/2024,Male,Facebook,474,166,308,35.02%,1,1,6.6,13,0.02742616034,3,8,5,Stressed,FALSE,FALSE,FALSE
1698,2475,Riya Rawat,27,12/08/2024,Male,Facebook,375,131,244,34.93%,1,1,7.1,22,0.05866666667,2,7,6,Stressed,TRUE,FALSE,FALSE
1359,2476,Riya Rawat,33,04/01/2024,Female,Facebook,347,121,226,34.87%,1,1,7.3,25,0.07204610951,2,7,6,Stressed,TRUE,FALSE,FALSE
2735,2476,Riya Rawat,34,13/05/2024,Female,Instagram,360,180,180,50.00%,1,2,7.2,24,0.06666666667,3,7,6,Stressed,TRUE,TRUE,TRUE
745,2476,Riya Rawat,34,02/07/2024,Female,WhatsApp,383,96,287,25.07%,0,1,7.1,22,0.05744125326,2,6,6,Stressed,TRUE,TRUE,TRUE
1929,2477,Riya Rawat,52,23/02/2025,Female,TikTok,217,141,76,64.98%,1,1,7.9,38,0.1751152074,2,6,6,Stressed,TRUE,FALSE,FALSE
3744,2478,Reyansh Saxena,19,14/04/2025,Male,Instagram,459,230,229,50.11%,1,3,6.7,14,0.03050108932,3,8,5,Stressed,FALSE,FALSE,FALSE
4903,2478,Reyansh Saxena,19,29/02/2024,Female,TikTok,489,318,171,65.03%,2,3,6.6,11,0.02249488753,4,9,4,Stressed,TRUE,TRUE,TRUE
3036,2479,Reyansh Saxena,28,13/07/2024,Male,Snapchat,352,194,158,55.11%,1,2,7.2,25,0.07102272727,3,7,6,Stressed,TRUE,FALSE,FALSE
746,2480,Reyansh Saxena,44,03/04/2025,Female,Facebook,273,96,177,35.16%,0,1,7.6,33,0.1208791209,2,6,6,Stressed,TRUE,FALSE,FALSE
4182,2481,Sai Patel,14,13/11/2025,Female,TikTok,392,255,137,65.05%,2,2,7,21,0.05357142857,4,8,5,Stressed,FALSE,FALSE,FALSE
750,2482,Sai Patel,18,17/09/2024,Female,WhatsApp,389,97,292,24.94%,0,1,7.1,21,0.05398457584,2,6,6,Stressed,TRUE,FALSE,FALSE
4081,2482,Sai Patel,19,11/07/2025,Male,Instagram,499,250,249,50.10%,1,3,6.5,10,0.02004008016,3,8,5,Stressed,TRUE,TRUE,TRUE
2354,2482,Sai Patel,20,11/10/2024,Female,Facebook,462,162,300,35.06%,1,1,6.7,14,0.0303030303,2,7,6,Stressed,TRUE,TRUE,TRUE
2488,2483,Sai Patel,41,12/10/2025,Male,TikTok,260,169,91,65.00%,1,2,7.7,34,0.1307692308,3,7,6,Stressed,TRUE,FALSE,FALSE
4792,2484,Aditi Shetty,20,21/09/2024,Female,YouTube,505,303,202,60.00%,1,4,6.5,10,0.0198019802,3,8,5,Stressed,FALSE,FALSE,FALSE
1489,2484,Aditi Shetty,21,17/06/2025,Female,WhatsApp,501,125,376,24.95%,1,1,6.5,10,0.01996007984,2,7,6,Stressed,TRUE,TRUE,TRUE
4102,2485,Aditi Shetty,23,15/06/2024,Male,Snapchat,457,251,206,54.92%,1,2,6.7,14,0.0306345733,3,8,5,Stressed,TRUE,FALSE,FALSE
3351,2486,Aditi Shetty,28,03/04/2025,Female,TikTok,321,209,112,65.11%,1,2,7.4,28,0.08722741433,3,7,6,Stressed,TRUE,FALSE,FALSE
2526,2487,Aditi Shetty,32,23/06/2025,Male,Instagram,342,171,171,50.00%,1,2,7.3,26,0.07602339181,3,7,6,Stressed,TRUE,FALSE,FALSE
752,2488,Aditi Shetty,37,19/09/2025,Female,Facebook,277,97,180,35.02%,0,1,7.6,32,0.1155234657,2,6,6,Stressed,TRUE,FALSE,FALSE
3118,2489,Arjun Ansari,13,21/04/2025,Female,Instagram,394,197,197,50.00%,1,3,7,21,0.05329949239,3,8,5,Stressed,FALSE,FALSE,FALSE
1307,2490,Arjun Ansari,23,20/05/2025,Male,WhatsApp,480,120,360,25.00%,0,1,6.6,12,0.025,2,7,6,Stressed,TRUE,FALSE,FALSE
1453,2491,Arjun Ansari,32,14/10/2024,Female,Facebook,354,124,230,35.03%,1,1,7.2,25,0.07062146893,2,7,6,Stressed,TRUE,FALSE,FALSE
753,2492,Arjun Ansari,38,11/11/2024,Female,Facebook,278,97,181,34.89%,0,1,7.6,32,0.1151079137,2,6,6,Stressed,TRUE,FALSE,FALSE
1147,2493,Sonal Joshi,25,22/07/2025,Female,WhatsApp,459,115,344,25.05%,0,1,6.7,14,0.03050108932,2,7,6,Stressed,FALSE,FALSE,FALSE
755,2494,Sonal Joshi,31,19/03/2024,Female,WhatsApp,387,97,290,25.06%,0,1,7.1,21,0.05426356589,2,6,6,Stressed,TRUE,FALSE,FALSE
1298,2495,Sonal Joshi,39,28/10/2025,Female,YouTube,200,120,80,60.00%,0,2,8,40,0.2,2,6,6,Stressed,TRUE,FALSE,FALSE
4513,2496,Myra Kulkarni,17,01/08/2024,Female,TikTok,431,280,151,64.97%,2,2,6.8,17,0.03944315545,4,9,4,Stressed,FALSE,FALSE,FALSE
3125,2497,Myra Kulkarni,26,05/02/2024,Male,Instagram,394,197,197,50.00%,1,3,7,21,0.05329949239,3,8,5,Stressed,TRUE,FALSE,FALSE
3716,2498,Myra Kulkarni,29,18/04/2024,Male,TikTok,352,229,123,65.06%,2,2,7.2,25,0.07102272727,3,8,5,Stressed,TRUE,FALSE,FALSE
3326,2499,Myra Kulkarni,31,18/01/2025,Female,Snapchat,376,207,169,55.05%,1,2,7.1,22,0.0585106383,3,7,6,Stressed,TRUE,FALSE,FALSE
3294,2500,Myra Kulkarni,34,09/04/2024,Male,YouTube,341,205,136,60.12%,1,3,7.3,26,0.07624633431,3,7,6,Stressed,TRUE,FALSE,FALSE
758,2501,Myra Kulkarni,56,08/01/2025,Male,YouTube,161,97,64,60.25%,0,1,8.2,44,0.2732919255,2,6,6,Stressed,TRUE,FALSE,FALSE
3712,2502,Avni Roy,18,21/08/2025,Female,Snapchat,417,229,188,54.92%,1,2,6.9,18,0.04316546763,3,8,5,Stressed,FALSE,FALSE,FALSE
3926,2503,Avni Roy,24,28/05/2024,Female,Instagram,482,241,241,50.00%,1,3,6.6,12,0.02489626556,3,8,5,Stressed,TRUE,FALSE,FALSE
1259,2504,Avni Roy,44,31/05/2025,Male,Snapchat,215,118,97,54.88%,0,1,7.9,38,0.176744186,2,6,6,Stressed,TRUE,FALSE,FALSE
759,2505,Avni Roy,49,06/07/2025,Female,Snapchat,177,97,80,54.80%,0,1,8.1,42,0.2372881356,2,6,6,Stressed,TRUE,FALSE,FALSE
2784,2506,Aarohi Menon,24,26/04/2025,Female,Facebook,516,181,335,35.08%,1,2,6.4,8,0.01550387597,3,8,5,Stressed,FALSE,FALSE,FALSE
3279,2507,Aarohi Menon,30,19/07/2025,Female,YouTube,342,205,137,59.94%,1,3,7.3,26,0.07602339181,3,7,6,Stressed,TRUE,FALSE,FALSE
864,2508,Aarohi Menon,49,25/06/2025,Other,Snapchat,187,103,84,55.08%,0,1,8.1,41,0.2192513369,2,6,6,Stressed,TRUE,FALSE,FALSE
760,2509,Aarohi Menon,52,18/01/2024,Male,TikTok,149,97,52,65.10%,1,1,8.3,45,0.3020134228,2,6,6,Stressed,TRUE,FALSE,FALSE
3651,2510,Pooja Choudhary,16,12/10/2024,Male,Instagram,451,226,225,50.11%,1,3,6.7,15,0.0332594235,3,8,5,Stressed,FALSE,FALSE,FALSE
1107,2511,Pooja Choudhary,18,28/09/2024,Female,WhatsApp,454,114,340,25.11%,0,1,6.7,15,0.03303964758,2,7,6,Stressed,TRUE,FALSE,FALSE
3964,2512,Pooja Choudhary,22,28/06/2024,Female,Instagram,486,243,243,50.00%,1,3,6.6,11,0.02263374486,3,8,5,Stressed,TRUE,FALSE,FALSE
761,2513,Pooja Choudhary,35,10/08/2024,Female,WhatsApp,388,97,291,25.00%,0,1,7.1,21,0.05412371134,2,6,6,Stressed,TRUE,FALSE,FALSE
1205,2514,Pooja Choudhary,59,21/06/2025,Male,Snapchat,210,116,94,55.24%,0,1,8,39,0.1857142857,2,6,6,Stressed,TRUE,FALSE,FALSE
4634,2515,Aadhya Roy,15,20/05/2024,Female,TikTok,445,289,156,64.94%,2,3,6.8,16,0.03595505618,4,9,4,Stressed,FALSE,FALSE,FALSE
2963,2516,Aadhya Roy,22,23/05/2024,Female,Twitter,474,190,284,40.08%,1,2,6.6,13,0.02742616034,3,8,5,Stressed,TRUE,FALSE,FALSE
4545,2517,Aadhya Roy,24,16/04/2025,Female,Snapchat,513,282,231,54.97%,1,3,6.4,9,0.01754385965,3,8,5,Stressed,TRUE,FALSE,FALSE
1549,2517,Aadhya Roy,25,03/04/2024,Female,WhatsApp,509,127,382,24.95%,1,1,6.5,9,0.01768172888,2,7,6,Stressed,TRUE,TRUE,TRUE
3390,2518,Aadhya Roy,33,30/03/2024,Male,Snapchat,385,212,173,55.06%,1,2,7.1,22,0.05714285714,3,7,6,Stressed,TRUE,FALSE,FALSE
763,2519,Aadhya Roy,47,25/04/2025,Female,Instagram,195,98,97,50.26%,0,1,8,40,0.2051282051,2,6,6,Stressed,TRUE,FALSE,FALSE
921,2520,Aadhya Roy,52,23/06/2024,Female,TikTok,163,106,57,65.03%,1,1,8.2,44,0.2699386503,2,6,6,Stressed,TRUE,FALSE,FALSE
3039,2521,Jiya Iyer,22,18/02/2024,Female,Twitter,485,194,291,40.00%,1,2,6.6,12,0.02474226804,3,8,5,Stressed,FALSE,FALSE,FALSE
765,2522,Jiya Iyer,29,28/05/2024,Male,WhatsApp,390,98,292,25.13%,0,1,7,21,0.05384615385,2,6,6,Stressed,TRUE,FALSE,FALSE
3979,2523,Jiya Iyer,31,16/01/2025,Male,TikTok,375,244,131,65.07%,2,2,7.1,22,0.05866666667,4,8,5,Stressed,TRUE,FALSE,FALSE
3195,2523,Jiya Iyer,32,23/12/2024,Male,Instagram,400,200,200,50.00%,1,3,7,20,0.05,3,8,5,Stressed,TRUE,TRUE,TRUE
2312,2524,Jiya Iyer,35,01/07/2024,Male,Instagram,320,160,160,50.00%,1,2,7.4,28,0.0875,2,7,6,Stressed,TRUE,FALSE,FALSE
4239,2525,Suhani Iyer,22,12/11/2025,Male,Snapchat,470,258,212,54.89%,1,2,6.6,13,0.02765957447,3,8,5,Stressed,FALSE,FALSE,FALSE
2431,2525,Suhani Iyer,23,29/11/2024,Female,Facebook,474,166,308,35.02%,1,1,6.6,13,0.02742616034,3,8,5,Stressed,TRUE,TRUE,TRUE
769,2526,Suhani Iyer,49,08/03/2025,Male,Snapchat,179,98,81,54.75%,0,1,8.1,42,0.2346368715,2,6,6,Stressed,TRUE,FALSE,FALSE
4448,2527,Krishna Menon,13,06/10/2024,Male,TikTok,422,274,148,64.93%,2,2,6.9,18,0.04265402844,4,9,4,Stressed,FALSE,FALSE,FALSE
822,2527,Krishna Menon,14,27/02/2024,Female,WhatsApp,398,100,298,25.13%,0,1,7,20,0.05025125628,2,7,6,Stressed,TRUE,TRUE,TRUE
4386,2528,Krishna Menon,19,08/07/2025,Male,YouTube,449,269,180,59.91%,1,4,6.8,15,0.03340757238,3,8,5,Stressed,TRUE,FALSE,FALSE
4686,2529,Krishna Menon,23,02/01/2024,Female,YouTube,489,293,196,59.92%,1,4,6.6,11,0.02249488753,3,8,5,Stressed,TRUE,FALSE,FALSE
868,2530,Krishna Menon,36,08/10/2025,Female,Twitter,257,103,154,40.08%,1,1,7.7,34,0.1322957198,2,6,6,Stressed,TRUE,FALSE,FALSE
770,2531,Krishna Menon,52,30/08/2025,Male,Snapchat,178,98,80,55.06%,0,1,8.1,42,0.2359550562,2,6,6,Stressed,TRUE,FALSE,FALSE
4020,2532,Shaurya Joshi,13,06/07/2024,Female,YouTube,412,247,165,59.95%,1,3,6.9,19,0.04611650485,3,8,5,Stressed,FALSE,FALSE,FALSE
2741,2533,Shaurya Joshi,22,10/07/2024,Male,Twitter,451,180,271,39.91%,1,2,6.7,15,0.0332594235,3,8,5,Stressed,TRUE,FALSE,FALSE
771,2534,Shaurya Joshi,38,27/03/2024,Male,Twitter,244,98,146,40.16%,1,1,7.8,36,0.1475409836,2,6,6,Stressed,TRUE,FALSE,FALSE
774,2535,Kavya Pawar,17,03/09/2024,Male,WhatsApp,393,98,295,24.94%,0,1,7,21,0.0534351145,2,6,6,Stressed,FALSE,FALSE,FALSE
2519,2536,Kavya Pawar,25,19/12/2024,Male,Facebook,488,171,317,35.04%,1,2,6.6,11,0.02254098361,3,8,5,Stressed,TRUE,FALSE,FALSE
1537,2537,Kavya Pawar,34,02/01/2025,Male,Facebook,364,127,237,34.89%,1,1,7.2,24,0.06593406593,2,7,6,Stressed,TRUE,FALSE,FALSE
4889,2538,Navya Saxena,20,14/03/2024,Female,TikTok,485,315,170,64.95%,2,3,6.6,12,0.02474226804,4,9,4,Stressed,FALSE,FALSE,FALSE
775,2539,Navya Saxena,27,28/12/2024,Female,WhatsApp,394,98,296,24.87%,0,1,7,21,0.05329949239,2,6,6,Stressed,TRUE,FALSE,FALSE
2118,2540,Navya Saxena,31,15/02/2024,Female,Twitter,382,153,229,40.05%,1,1,7.1,22,0.05759162304,2,7,6,Stressed,TRUE,FALSE,FALSE
2005,2541,Navya Saxena,41,25/08/2025,Female,TikTok,225,146,79,64.89%,1,1,7.9,38,0.1688888889,2,6,6,Stressed,TRUE,FALSE,FALSE
4021,2542,Avni Ansari,13,29/01/2024,Female,Snapchat,449,247,202,55.01%,1,2,6.8,15,0.03340757238,3,8,5,Stressed,FALSE,FALSE,FALSE
782,2543,Avni Ansari,17,03/12/2024,Male,WhatsApp,393,98,295,24.94%,0,1,7,21,0.0534351145,2,6,6,Stressed,TRUE,FALSE,FALSE
4241,2544,Avni Ansari,23,08/07/2024,Female,Instagram,516,258,258,50.00%,1,3,6.4,8,0.01550387597,3,8,5,Stressed,TRUE,FALSE,FALSE
3108,2545,Avni Ansari,26,14/03/2025,Male,YouTube,326,196,130,60.12%,1,3,7.4,27,0.08282208589,3,7,6,Stressed,TRUE,FALSE,FALSE
3446,2546,Avni Ansari,32,14/12/2024,Male,Snapchat,389,214,175,55.01%,1,2,7.1,21,0.05398457584,3,8,5,Stressed,TRUE,FALSE,FALSE
1860,2547,Avni Ansari,36,30/03/2025,Female,TikTok,212,138,74,65.09%,1,1,7.9,39,0.1839622642,2,6,6,Stressed,TRUE,FALSE,FALSE
1732,2548,Avni Ansari,44,29/09/2025,Female,Snapchat,242,133,109,54.96%,1,1,7.8,36,0.1487603306,2,6,6,Stressed,TRUE,FALSE,FALSE
2026,2548,Avni Ansari,45,02/09/2025,Female,YouTube,245,147,98,60.00%,1,2,7.8,36,0.1469387755,2,6,6,Stressed,TRUE,TRUE,TRUE
3680,2549,Kavya Reddy,23,20/10/2025,Male,Instagram,454,227,227,50.00%,1,3,6.7,15,0.03303964758,3,8,5,Stressed,FALSE,FALSE,FALSE
784,2550,Kavya Reddy,32,04/06/2024,Male,WhatsApp,391,98,293,25.06%,0,1,7,21,0.0537084399,2,6,6,Stressed,TRUE,FALSE,FALSE
891,2551,Pooja Kale,16,11/11/2025,Female,WhatsApp,419,105,314,25.06%,0,1,6.9,18,0.04295942721,2,7,6,Stressed,FALSE,FALSE,FALSE
2150,2552,Pooja Kale,25,13/06/2024,Male,Facebook,441,154,287,34.92%,1,1,6.8,16,0.03628117914,2,7,6,Stressed,TRUE,FALSE,FALSE
2819,2552,Pooja Kale,25,29/05/2025,Female,Facebook,520,182,338,35.00%,1,2,6.4,8,0.01538461538,3,8,5,Stressed,TRUE,TRUE,TRUE
4207,2553,Pooja Kale,33,29/01/2024,Female,TikTok,394,256,138,64.97%,2,2,7,21,0.05329949239,4,8,5,Stressed,TRUE,FALSE,FALSE
785,2554,Pooja Kale,39,28/08/2025,Male,Facebook,280,98,182,35.00%,0,1,7.6,32,0.1142857143,2,6,6,Stressed,TRUE,FALSE,FALSE
2595,2555,Pooja Kale,43,28/01/2024,Female,TikTok,268,174,94,64.93%,1,2,7.7,33,0.1231343284,3,7,6,Stressed,TRUE,FALSE,FALSE
4363,2556,Neha Roy,20,15/12/2024,Male,Snapchat,486,267,219,54.94%,1,2,6.6,11,0.02263374486,3,8,5,Stressed,FALSE,FALSE,FALSE
3001,2557,Neha Roy,22,10/07/2024,Male,Twitter,480,192,288,40.00%,1,2,6.6,12,0.025,3,8,5,Stressed,TRUE,FALSE,FALSE
2155,2558,Neha Roy,25,19/01/2024,Female,Facebook,440,154,286,35.00%,1,1,6.8,16,0.03636363636,2,7,6,Stressed,TRUE,FALSE,FALSE
789,2559,Neha Roy,32,19/10/2025,Male,WhatsApp,391,98,293,25.06%,0,1,7,21,0.0537084399,2,6,6,Stressed,TRUE,FALSE,FALSE
4254,2560,Neha Roy,34,22/02/2024,Female,TikTok,397,258,139,64.99%,2,2,7,20,0.05037783375,4,9,4,Stressed,TRUE,FALSE,FALSE
2099,2561,Neha Roy,36,18/06/2025,Male,TikTok,234,152,82,64.96%,1,1,7.8,37,0.1581196581,2,6,6,Stressed,TRUE,FALSE,FALSE
920,2562,Neha Roy,68,07/11/2024,Female,TikTok,163,106,57,65.03%,1,1,8.2,44,0.2699386503,2,6,6,Stressed,TRUE,FALSE,FALSE
4843,2563,Anika Joshi,19,04/01/2024,Male,TikTok,476,309,167,64.92%,2,3,6.6,12,0.02521008403,4,9,4,Stressed,FALSE,FALSE,FALSE
2467,2563,Anika Joshi,19,17/10/2025,Male,Facebook,480,168,312,35.00%,1,1,6.6,12,0.025,3,8,5,Stressed,TRUE,TRUE,TRUE
2151,2564,Anika Joshi,21,05/12/2024,Male,Facebook,440,154,286,35.00%,1,1,6.8,16,0.03636363636,2,7,6,Stressed,TRUE,FALSE,FALSE
3699,2564,Anika Joshi,22,21/03/2025,Male,Instagram,456,228,228,50.00%,1,3,6.7,14,0.03070175439,3,8,5,Stressed,TRUE,TRUE,TRUE
4922,2565,Anika Joshi,25,03/03/2025,Female,TikTok,495,322,173,65.05%,2,3,6.5,10,0.0202020202,4,9,4,Stressed,TRUE,FALSE,FALSE
790,2565,Anika Joshi,26,12/11/2025,Male,WhatsApp,394,98,296,24.87%,0,1,7,21,0.05329949239,2,6,6,Stressed,TRUE,TRUE,TRUE
2623,2566,Anika Joshi,28,18/09/2024,Male,Snapchat,320,176,144,55.00%,1,2,7.4,28,0.0875,3,7,6,Stressed,TRUE,FALSE,FALSE
1753,2567,Anika Joshi,41,03/08/2024,Male,YouTube,224,134,90,59.82%,1,2,7.9,38,0.1696428571,2,6,6,Stressed,TRUE,FALSE,FALSE
4292,2568,Sai Rathod,16,05/04/2024,Female,YouTube,435,261,174,60.00%,1,3,6.8,16,0.0367816092,3,8,5,Stressed,FALSE,FALSE,FALSE
4888,2569,Sai Rathod,19,21/01/2024,Male,TikTok,484,315,169,65.08%,2,3,6.6,12,0.02479338843,4,9,4,Stressed,TRUE,FALSE,FALSE
1600,2569,Sai Rathod,20,05/08/2025,Male,WhatsApp,513,128,385,24.95%,1,1,6.4,9,0.01754385965,2,7,6,Stressed,TRUE,TRUE,TRUE
4066,2570,Sai Rathod,35,05/05/2025,Female,TikTok,383,249,134,65.01%,2,2,7.1,22,0.05744125326,4,8,5,Stressed,TRUE,FALSE,FALSE
792,2571,Sai Rathod,52,30/01/2024,Female,Instagram,196,98,98,50.00%,0,1,8,40,0.2040816327,2,6,6,Stressed,TRUE,FALSE,FALSE
1515,2572,Aadhya Rawat,26,24/10/2024,Other,Facebook,361,126,235,34.90%,1,1,7.2,24,0.06648199446,2,7,6,Stressed,FALSE,FALSE,FALSE
1366,2573,Aadhya Rawat,43,20/04/2024,Female,Instagram,243,122,121,50.21%,1,2,7.8,36,0.1481481481,2,6,6,Stressed,TRUE,FALSE,FALSE
798,2574,Aadhya Rawat,49,06/10/2024,Male,TikTok,153,99,54,64.71%,1,1,8.2,45,0.2941176471,2,6,6,Stressed,TRUE,FALSE,FALSE
801,2575,Jiya Reddy,13,19/06/2024,Female,WhatsApp,395,99,296,25.06%,0,1,7,20,0.05063291139,2,7,6,Stressed,FALSE,FALSE,FALSE
961,2576,Jiya Reddy,16,06/07/2024,Male,WhatsApp,432,108,324,25.00%,0,1,6.8,17,0.03935185185,2,7,6,Stressed,TRUE,FALSE,FALSE
4397,2577,Jiya Reddy,20,10/09/2025,Male,Snapchat,491,270,221,54.99%,1,2,6.5,11,0.02240325866,3,8,5,Stressed,TRUE,FALSE,FALSE
3302,2577,Jiya Reddy,20,05/10/2025,Female,Twitter,514,206,308,40.08%,1,2,6.4,9,0.01750972763,3,8,5,Stressed,TRUE,TRUE,TRUE
2501,2577,Jiya Reddy,21,26/07/2024,Male,Facebook,487,170,317,34.91%,1,2,6.6,11,0.02258726899,3,8,5,Stressed,TRUE,TRUE,TRUE
4002,2577,Jiya Reddy,22,15/11/2025,Male,Instagram,492,246,246,50.00%,1,3,6.5,11,0.02235772358,3,8,5,Stressed,TRUE,TRUE,TRUE
2945,2577,Jiya Reddy,23,30/12/2024,Female,Twitter,473,189,284,39.96%,1,2,6.6,13,0.02748414376,3,8,5,Stressed,TRUE,TRUE,TRUE
4554,2578,Jiya Reddy,25,05/01/2024,Female,YouTube,472,283,189,59.96%,1,4,6.6,13,0.02754237288,3,8,5,Stressed,TRUE,FALSE,FALSE
1758,2579,Jiya Reddy,69,27/02/2025,Male,TikTok,206,134,72,65.05%,1,1,8,39,0.1893203883,2,6,6,Stressed,TRUE,FALSE,FALSE
804,2580,Diya Gupta,14,04/11/2025,Male,WhatsApp,395,99,296,25.06%,0,1,7,20,0.05063291139,2,7,6,Stressed,FALSE,FALSE,FALSE
3267,2581,Diya Gupta,25,25/08/2025,Male,Twitter,509,204,305,40.08%,1,2,6.5,9,0.01768172888,3,8,5,Stressed,TRUE,FALSE,FALSE
4267,2582,Diya Gupta,28,01/09/2025,Female,TikTok,398,259,139,65.08%,2,2,7,20,0.05025125628,4,9,4,Stressed,TRUE,FALSE,FALSE
2449,2583,Diya Gupta,30,12/05/2025,Female,Instagram,331,166,165,50.15%,1,2,7.3,27,0.08157099698,3,7,6,Stressed,TRUE,FALSE,FALSE
1597,2584,Diya Gupta,33,09/07/2024,Male,Facebook,365,128,237,35.07%,1,1,7.2,24,0.06575342466,2,7,6,Stressed,TRUE,FALSE,FALSE
3856,2585,Diya Gupta,35,15/06/2025,Male,TikTok,365,237,128,64.93%,2,2,7.2,24,0.06575342466,4,8,5,Stressed,TRUE,FALSE,FALSE
1642,2586,Aadhya Banerjee,27,29/05/2025,Other,Facebook,371,130,241,35.04%,1,1,7.1,23,0.06199460916,2,7,6,Stressed,FALSE,FALSE,FALSE
1766,2587,Aadhya Banerjee,35,07/10/2024,Male,Facebook,382,134,248,35.08%,1,1,7.1,22,0.05759162304,2,7,6,Stressed,TRUE,FALSE,FALSE
807,2588,Aadhya Banerjee,45,26/01/2025,Female,Twitter,248,99,149,39.92%,1,1,7.8,35,0.1411290323,2,6,6,Stressed,TRUE,FALSE,FALSE
1569,2589,Vivaan Khan,20,12/10/2025,Male,WhatsApp,510,128,382,25.10%,1,1,6.4,9,0.01764705882,2,7,6,Stressed,FALSE,FALSE,FALSE
4525,2589,Vivaan Khan,21,06/11/2025,Female,Snapchat,510,280,230,54.90%,1,2,6.4,9,0.01764705882,3,8,5,Stressed,TRUE,TRUE,TRUE
812,2590,Vivaan Khan,31,22/07/2025,Male,WhatsApp,397,99,298,24.94%,0,1,7,20,0.05037783375,2,7,6,Stressed,TRUE,FALSE,FALSE
2011,2591,Vivaan Khan,35,19/05/2024,Male,Twitter,365,146,219,40.00%,1,1,7.2,24,0.06575342466,2,7,6,Stressed,TRUE,FALSE,FALSE
888,2592,Vivaan Khan,45,03/02/2025,Female,Instagram,210,105,105,50.00%,0,1,8,39,0.1857142857,2,6,6,Stressed,TRUE,FALSE,FALSE
3334,2593,Ishaan Kale,14,19/08/2025,Female,Instagram,415,208,207,50.12%,1,3,6.9,18,0.04337349398,3,8,5,Stressed,FALSE,FALSE,FALSE
2317,2594,Ishaan Kale,19,10/04/2025,Female,Facebook,456,160,296,35.09%,1,1,6.7,14,0.03070175439,2,7,6,Stressed,TRUE,FALSE,FALSE
4007,2594,Ishaan Kale,20,19/02/2025,Male,Snapchat,448,246,202,54.91%,1,2,6.8,15,0.03348214286,3,8,5,Stressed,TRUE,TRUE,TRUE
1174,2594,Ishaan Kale,21,05/03/2025,Male,WhatsApp,459,115,344,25.05%,0,1,6.7,14,0.03050108932,2,7,6,Stressed,TRUE,TRUE,TRUE
2332,2595,Ishaan Kale,23,12/05/2025,Female,Facebook,460,161,299,35.00%,1,1,6.7,14,0.03043478261,2,7,6,Stressed,TRUE,FALSE,FALSE
4596,2596,Ishaan Kale,25,26/10/2025,Female,Snapchat,520,286,234,55.00%,1,3,6.4,8,0.01538461538,3,8,5,Stressed,TRUE,FALSE,FALSE
813,2597,Ishaan Kale,51,16/08/2024,Male,Instagram,198,99,99,50.00%,0,1,8,40,0.202020202,2,6,6,Stressed,TRUE,FALSE,FALSE
1460,2597,Ishaan Kale,52,30/01/2025,Female,TikTok,191,124,67,64.92%,1,1,8,41,0.2146596859,2,6,6,Stressed,TRUE,TRUE,TRUE
2676,2598,Anika Saxena,22,15/09/2025,Male,Facebook,505,177,328,35.05%,1,2,6.5,10,0.0198019802,3,8,5,Stressed,FALSE,FALSE,FALSE
2045,2599,Anika Saxena,27,06/07/2025,Male,Twitter,371,148,223,39.89%,1,1,7.1,23,0.06199460916,2,7,6,Stressed,TRUE,FALSE,FALSE
3088,2599,Anika Saxena,27,13/07/2024,Male,Instagram,391,196,195,50.13%,1,3,7,21,0.0537084399,3,8,5,Stressed,TRUE,TRUE,TRUE
814,2600,Anika Saxena,33,30/04/2024,Female,WhatsApp,398,100,298,25.13%,0,1,7,20,0.05025125628,2,7,6,Stressed,TRUE,FALSE,FALSE
1214,2601,Anika Saxena,54,29/12/2024,Female,Snapchat,211,116,95,54.98%,0,1,7.9,39,0.1848341232,2,6,6,Stressed,TRUE,FALSE,FALSE
945,2602,Anika Saxena,62,27/07/2024,Male,Snapchat,197,108,89,54.82%,0,1,8,40,0.2030456853,2,6,6,Stressed,TRUE,FALSE,FALSE
843,2603,Shaurya Reddy,15,20/11/2024,Female,WhatsApp,403,101,302,25.06%,0,1,7,20,0.04962779156,2,7,6,Stressed,FALSE,FALSE,FALSE
1706,2604,Shaurya Reddy,27,07/03/2024,Male,Facebook,378,132,246,34.92%,1,1,7.1,22,0.0582010582,2,7,6,Stressed,TRUE,FALSE,FALSE
3123,2605,Shaurya Reddy,30,07/06/2025,Female,Snapchat,359,197,162,54.87%,1,2,7.2,24,0.06685236769,3,7,6,Stressed,TRUE,FALSE,FALSE
2894,2605,Shaurya Reddy,31,08/04/2024,Male,Instagram,373,186,187,49.87%,1,2,7.1,23,0.06166219839,3,7,6,Stressed,TRUE,TRUE,TRUE
3941,2605,Shaurya Reddy,32,18/05/2025,Female,TikTok,373,242,131,64.88%,2,2,7.1,23,0.06166219839,4,8,5,Stressed,TRUE,TRUE,TRUE
820,2606,Shaurya Reddy,41,12/02/2025,Male,Twitter,250,100,150,40.00%,1,1,7.8,35,0.14,2,6,6,Stressed,TRUE,FALSE,FALSE
1464,2607,Shaurya Reddy,50,16/04/2024,Male,YouTube,208,125,83,60.10%,1,2,8,39,0.1875,2,6,6,Stressed,TRUE,FALSE,FALSE
3391,2608,Vihaan Patil,16,19/09/2024,Male,Snapchat,386,212,174,54.92%,1,2,7.1,21,0.05440414508,3,8,5,Stressed,FALSE,FALSE,FALSE
1414,2609,Vihaan Patil,21,13/11/2025,Female,WhatsApp,491,123,368,25.05%,1,1,6.5,11,0.02240325866,2,7,6,Stressed,TRUE,FALSE,FALSE
2972,2610,Vihaan Patil,26,27/04/2025,Male,Snapchat,348,191,157,54.89%,1,2,7.3,25,0.07183908046,3,7,6,Stressed,TRUE,FALSE,FALSE
1666,2610,Vihaan Patil,27,14/01/2024,Male,Twitter,326,130,196,39.88%,1,1,7.4,27,0.08282208589,2,7,6,Stressed,TRUE,TRUE,TRUE
3093,2611,Vihaan Patil,31,29/04/2024,Male,Instagram,393,196,197,49.87%,1,3,7,21,0.0534351145,3,8,5,Stressed,TRUE,FALSE,FALSE
824,2612,Vihaan Patil,35,30/07/2024,Male,WhatsApp,398,100,298,25.13%,0,1,7,20,0.05025125628,2,7,6,Stressed,TRUE,FALSE,FALSE
1674,2613,Vihaan Patil,57,24/09/2024,Female,YouTube,217,130,87,59.91%,1,2,7.9,38,0.1751152074,2,6,6,Stressed,TRUE,FALSE,FALSE
3819,2614,Ishaan Shinde,14,17/05/2025,Male,Snapchat,428,235,193,54.91%,1,2,6.9,17,0.03971962617,3,8,5,Stressed,FALSE,FALSE,FALSE
4487,2615,Ishaan Shinde,21,11/07/2025,Male,YouTube,461,277,184,60.09%,1,4,6.7,14,0.03036876356,3,8,5,Stressed,TRUE,FALSE,FALSE
4014,2616,Ishaan Shinde,23,12/11/2025,Male,Snapchat,447,246,201,55.03%,1,2,6.8,15,0.03355704698,3,8,5,Stressed,TRUE,FALSE,FALSE
3786,2617,Ishaan Shinde,30,08/03/2024,Male,YouTube,389,233,156,59.90%,1,3,7.1,21,0.05398457584,3,8,5,Stressed,TRUE,FALSE,FALSE
825,2618,Ishaan Shinde,43,20/11/2024,Female,Twitter,251,100,151,39.84%,1,1,7.7,35,0.1394422311,2,6,6,Stressed,TRUE,FALSE,FALSE
4644,2619,Ananya Saxena,20,09/04/2024,Male,YouTube,484,290,194,59.92%,1,4,6.6,12,0.02479338843,3,8,5,Stressed,FALSE,FALSE,FALSE
1535,2620,Ananya Saxena,22,04/11/2025,Male,WhatsApp,507,127,380,25.05%,1,1,6.5,9,0.01775147929,2,7,6,Stressed,TRUE,FALSE,FALSE
827,2621,Ananya Saxena,26,12/09/2024,Male,WhatsApp,398,100,298,25.13%,0,1,7,20,0.05025125628,2,7,6,Stressed,TRUE,FALSE,FALSE
1963,2622,Ananya Saxena,29,17/09/2025,Male,Twitter,357,143,214,40.06%,1,1,7.2,24,0.06722689076,2,7,6,Stressed,TRUE,FALSE,FALSE
907,2623,Ananya Saxena,42,03/08/2025,Female,Twitter,266,106,160,39.85%,1,1,7.7,33,0.1240601504,2,6,6,Stressed,TRUE,FALSE,FALSE
3975,2624,Navya Khan,14,21/12/2024,Female,Snapchat,444,244,200,54.95%,1,2,6.8,16,0.03603603604,3,8,5,Stressed,FALSE,FALSE,FALSE
3045,2625,Navya Khan,18,04/03/2025,Female,Instagram,388,194,194,50.00%,1,3,7.1,21,0.05412371134,3,8,5,Stressed,TRUE,FALSE,FALSE
3266,2626,Navya Khan,21,12/03/2025,Female,Twitter,511,204,307,39.92%,1,2,6.4,9,0.01761252446,3,8,5,Stressed,TRUE,FALSE,FALSE
3577,2627,Navya Khan,24,25/03/2024,Female,Instagram,445,222,223,49.89%,1,3,6.8,16,0.03595505618,3,8,5,Stressed,TRUE,FALSE,FALSE
829,2628,Navya Khan,46,02/12/2024,Female,Instagram,200,100,100,50.00%,0,1,8,40,0.2,2,6,6,Stressed,TRUE,FALSE,FALSE
890,2629,Arjun Patel,13,11/05/2024,Male,WhatsApp,419,105,314,25.06%,0,1,6.9,18,0.04295942721,2,7,6,Stressed,FALSE,FALSE,FALSE
3843,2630,Arjun Patel,22,10/08/2025,Female,Instagram,474,237,237,50.00%,1,3,6.6,13,0.02742616034,3,8,5,Stressed,TRUE,FALSE,FALSE
830,2631,Arjun Patel,29,07/05/2025,Male,WhatsApp,399,100,299,25.06%,0,1,7,20,0.05012531328,2,7,6,Stressed,TRUE,FALSE,FALSE
1759,2632,Arjun Patel,33,03/10/2025,Female,Twitter,336,134,202,39.88%,1,1,7.3,26,0.07738095238,2,7,6,Stressed,TRUE,FALSE,FALSE
832,2633,Diya Pawar,15,27/04/2024,Female,WhatsApp,400,100,300,25.00%,0,1,7,20,0.05,2,7,6,Stressed,FALSE,FALSE,FALSE
4154,2634,Diya Pawar,18,28/04/2024,Female,TikTok,390,254,136,65.13%,2,2,7,21,0.05384615385,4,8,5,Stressed,TRUE,FALSE,FALSE
1088,2635,Diya Pawar,25,02/10/2024,Female,WhatsApp,451,113,338,25.06%,0,1,6.7,15,0.0332594235,2,7,6,Stressed,TRUE,FALSE,FALSE
2863,2636,Diya Pawar,29,23/08/2025,Other,Snapchat,334,184,150,55.09%,1,2,7.3,27,0.08083832335,3,7,6,Stressed,TRUE,FALSE,FALSE
3766,2637,Diya Pawar,33,28/08/2025,Female,TikTok,357,232,125,64.99%,2,2,7.2,24,0.06722689076,3,8,5,Stressed,TRUE,FALSE,FALSE
835,2638,Shaurya Choudhary,15,08/07/2025,Female,WhatsApp,403,101,302,25.06%,0,1,7,20,0.04962779156,2,7,6,Stressed,FALSE,FALSE,FALSE
1126,2639,Shaurya Choudhary,18,05/10/2024,Female,WhatsApp,455,114,341,25.05%,0,1,6.7,14,0.03076923077,2,7,6,Stressed,TRUE,FALSE,FALSE
1714,2640,Shaurya Choudhary,26,28/05/2024,Female,Facebook,377,132,245,35.01%,1,1,7.1,22,0.05835543767,2,7,6,Stressed,TRUE,FALSE,FALSE
1797,2641,Shaurya Choudhary,31,02/09/2024,Female,Twitter,338,135,203,39.94%,1,1,7.3,26,0.07692307692,2,7,6,Stressed,TRUE,FALSE,FALSE
1840,2642,Shaurya Choudhary,33,29/05/2024,Male,Twitter,343,137,206,39.94%,1,1,7.3,26,0.07580174927,2,7,6,Stressed,TRUE,FALSE,FALSE
2120,2643,Shaurya Choudhary,39,27/06/2024,Male,TikTok,235,153,82,65.11%,1,1,7.8,36,0.1531914894,2,6,6,Stressed,TRUE,FALSE,FALSE
960,2643,Shaurya Choudhary,40,26/10/2025,Female,Twitter,271,108,163,39.85%,1,1,7.6,33,0.1217712177,2,6,6,Stressed,TRUE,TRUE,TRUE
2078,2644,Krishna Yadav,17,12/05/2025,Female,Facebook,429,150,279,34.97%,1,1,6.9,17,0.03962703963,2,7,6,Stressed,FALSE,FALSE,FALSE
4587,2644,Krishna Yadav,18,10/05/2024,Male,TikTok,438,285,153,65.07%,2,3,6.8,16,0.03652968037,4,9,4,Stressed,TRUE,TRUE,TRUE
2566,2644,Krishna Yadav,19,21/03/2024,Male,Facebook,494,173,321,35.02%,1,2,6.5,11,0.02226720648,3,8,5,Stressed,TRUE,TRUE,TRUE
2465,2645,Krishna Yadav,22,25/04/2024,Female,Facebook,481,168,313,34.93%,1,1,6.6,12,0.02494802495,3,8,5,Stressed,TRUE,FALSE,FALSE
4515,2645,Krishna Yadav,23,08/11/2025,Female,Snapchat,510,280,230,54.90%,1,2,6.4,9,0.01764705882,3,8,5,Stressed,TRUE,TRUE,TRUE
4947,2645,Krishna Yadav,24,29/06/2025,Male,TikTok,504,328,176,65.08%,2,3,6.5,10,0.01984126984,4,9,4,Stressed,TRUE,TRUE,TRUE
836,2646,Krishna Yadav,41,16/01/2024,Female,Instagram,202,101,101,50.00%,0,1,8,40,0.198019802,2,6,6,Stressed,TRUE,FALSE,FALSE
4875,2647,Sonal Mishra,23,21/11/2024,Other,TikTok,482,313,169,64.94%,2,3,6.6,12,0.02489626556,4,9,4,Stressed,FALSE,FALSE,FALSE
2777,2648,Sonal Mishra,25,27/10/2025,Female,Facebook,516,181,335,35.08%,1,2,6.4,8,0.01550387597,3,8,5,Stressed,TRUE,FALSE,FALSE
3528,2649,Sonal Mishra,29,12/03/2025,Female,Snapchat,400,220,180,55.00%,1,2,7,20,0.05,3,8,5,Stressed,TRUE,FALSE,FALSE
3905,2650,Sonal Mishra,35,02/04/2024,Female,YouTube,398,239,159,60.05%,1,3,7,20,0.05025125628,3,8,5,Stressed,TRUE,FALSE,FALSE
838,2651,Sonal Mishra,58,21/01/2024,Male,TikTok,155,101,54,65.16%,1,1,8.2,44,0.2838709677,2,6,6,Stressed,TRUE,FALSE,FALSE
2211,2652,Sonal Patel,13,09/10/2024,Male,Twitter,391,156,235,39.90%,1,1,7,21,0.0537084399,2,7,6,Stressed,FALSE,FALSE,FALSE
840,2653,Sonal Patel,16,15/04/2025,Male,WhatsApp,404,101,303,25.00%,0,1,7,20,0.0495049505,2,7,6,Stressed,TRUE,FALSE,FALSE
2534,2654,Sonal Patel,25,20/05/2025,Male,Facebook,490,172,318,35.10%,1,2,6.6,11,0.02244897959,3,8,5,Stressed,TRUE,FALSE,FALSE
3154,2655,Isha Gupta,17,28/04/2025,Female,Instagram,395,198,197,50.13%,1,3,7,20,0.05063291139,3,8,5,Stressed,FALSE,FALSE,FALSE
2849,2656,Isha Gupta,21,04/06/2025,Male,Twitter,458,183,275,39.96%,1,2,6.7,14,0.03056768559,3,8,5,Stressed,TRUE,FALSE,FALSE
4854,2656,Isha Gupta,21,27/06/2025,Female,YouTube,517,310,207,59.96%,1,4,6.4,8,0.01547388781,3,8,5,Stressed,TRUE,TRUE,TRUE
844,2657,Isha Gupta,67,07/07/2024,Male,Snapchat,183,101,82,55.19%,0,1,8.1,42,0.2295081967,2,6,6,Stressed,TRUE,FALSE,FALSE
2101,2658,Sonal Iyer,29,07/02/2024,Female,Twitter,381,152,229,39.90%,1,1,7.1,22,0.05774278215,2,7,6,Stressed,FALSE,FALSE,FALSE
3005,2659,Sonal Iyer,33,10/01/2025,Female,Instagram,385,192,193,49.87%,1,3,7.1,22,0.05714285714,3,7,6,Stressed,TRUE,FALSE,FALSE
845,2660,Sonal Iyer,57,23/08/2025,Female,Snapchat,183,101,82,55.19%,0,1,8.1,42,0.2295081967,2,6,6,Stressed,TRUE,FALSE,FALSE
847,2661,Ananya Nair,13,06/09/2025,Male,WhatsApp,405,101,304,24.94%,0,1,7,20,0.04938271605,2,7,6,Stressed,FALSE,FALSE,FALSE
3735,2662,Ananya Nair,19,22/07/2024,Male,Instagram,460,230,230,50.00%,1,3,6.7,14,0.03043478261,3,8,5,Stressed,TRUE,FALSE,FALSE
4954,2662,Ananya Nair,19,12/05/2024,Female,TikTok,504,328,176,65.08%,2,3,6.5,10,0.01984126984,4,9,4,Stressed,TRUE,TRUE,TRUE
2318,2662,Ananya Nair,20,22/02/2025,Male,Facebook,456,160,296,35.09%,1,1,6.7,14,0.03070175439,2,7,6,Stressed,TRUE,TRUE,TRUE
4655,2663,Ananya Nair,25,13/04/2025,Female,TikTok,448,291,157,64.96%,2,3,6.8,15,0.03348214286,4,9,4,Stressed,TRUE,FALSE,FALSE
1772,2664,Ananya Nair,27,22/01/2024,Female,Facebook,384,134,250,34.90%,1,1,7.1,22,0.05729166667,2,7,6,Stressed,TRUE,FALSE,FALSE
1040,2665,Vivaan Rawat,13,11/06/2024,Female,WhatsApp,446,112,334,25.11%,0,1,6.8,15,0.033632287,2,7,6,Stressed,FALSE,FALSE,FALSE
2997,2666,Vivaan Rawat,18,09/12/2024,Male,Instagram,383,192,191,50.13%,1,3,7.1,22,0.05744125326,3,7,6,Stressed,TRUE,FALSE,FALSE
4321,2667,Vivaan Rawat,20,20/12/2024,Male,YouTube,441,265,176,60.09%,1,4,6.8,16,0.03628117914,3,8,5,Stressed,TRUE,FALSE,FALSE
4540,2668,Vivaan Rawat,23,20/09/2024,Male,YouTube,470,282,188,60.00%,1,4,6.6,13,0.02765957447,3,8,5,Stressed,TRUE,FALSE,FALSE
4902,2669,Vivaan Rawat,25,22/01/2024,Female,TikTok,490,318,172,64.90%,2,3,6.6,11,0.02244897959,4,9,4,Stressed,TRUE,FALSE,FALSE
3894,2670,Vivaan Rawat,28,08/07/2024,Male,TikTok,368,239,129,64.95%,2,2,7.2,23,0.0625,4,8,5,Stressed,TRUE,FALSE,FALSE
2600,2671,Vivaan Rawat,33,23/03/2024,Female,Instagram,348,174,174,50.00%,1,2,7.3,25,0.07183908046,3,7,6,Stressed,TRUE,FALSE,FALSE
852,2672,Vivaan Rawat,36,14/09/2025,Male,Twitter,254,102,152,40.16%,1,1,7.7,35,0.1377952756,2,6,6,Stressed,TRUE,FALSE,FALSE
1991,2673,Vivaan Rawat,43,25/03/2025,Female,YouTube,242,145,97,59.92%,1,2,7.8,36,0.1487603306,2,6,6,Stressed,TRUE,FALSE,FALSE
4306,2674,Pooja Saxena,24,21/10/2024,Female,Snapchat,479,263,216,54.91%,1,2,6.6,12,0.02505219207,3,8,5,Stressed,FALSE,FALSE,FALSE
857,2675,Pooja Saxena,43,28/01/2024,Female,Twitter,254,102,152,40.16%,1,1,7.7,35,0.1377952756,2,6,6,Stressed,TRUE,FALSE,FALSE
1990,2676,Ananya Choudhary,16,16/10/2025,Female,Facebook,414,145,269,35.02%,1,1,6.9,19,0.04589371981,2,7,6,Stressed,FALSE,FALSE,FALSE
4526,2676,Ananya Choudhary,17,01/01/2024,Female,TikTok,433,281,152,64.90%,2,2,6.8,17,0.03926096998,4,9,4,Stressed,TRUE,TRUE,TRUE
3068,2677,Ananya Choudhary,25,13/03/2025,Female,Twitter,488,195,293,39.96%,1,2,6.6,11,0.02254098361,3,8,5,Stressed,TRUE,FALSE,FALSE
3047,2678,Ananya Choudhary,32,13/05/2024,Male,Instagram,389,194,195,49.87%,1,3,7.1,21,0.05398457584,3,8,5,Stressed,TRUE,FALSE,FALSE
859,2679,Ananya Choudhary,36,31/01/2025,Male,Instagram,204,102,102,50.00%,0,1,8,40,0.1960784314,2,6,6,Stressed,TRUE,FALSE,FALSE
2860,2680,Aarav Shinde,18,06/10/2025,Male,Twitter,460,184,276,40.00%,1,2,6.7,14,0.03043478261,3,8,5,Stressed,FALSE,FALSE,FALSE
1977,2681,Aarav Shinde,37,08/12/2024,Female,TikTok,221,144,77,65.16%,1,1,7.9,38,0.1719457014,2,6,6,Stressed,TRUE,FALSE,FALSE
2320,2682,Aarav Shinde,44,06/01/2024,Male,YouTube,267,160,107,59.93%,1,2,7.7,33,0.1235955056,2,6,6,Stressed,TRUE,FALSE,FALSE
860,2683,Aarav Shinde,48,04/07/2025,Female,Instagram,204,102,102,50.00%,0,1,8,40,0.1960784314,2,6,6,Stressed,TRUE,FALSE,FALSE
1712,2684,Meera Shetty,30,24/09/2025,Female,Twitter,329,132,197,40.12%,1,1,7.4,27,0.0820668693,2,7,6,Stressed,FALSE,FALSE,FALSE
2798,2685,Meera Shetty,35,11/01/2024,Female,Snapchat,329,181,148,55.02%,1,2,7.4,27,0.0820668693,3,7,6,Stressed,TRUE,FALSE,FALSE
863,2686,Meera Shetty,39,13/11/2024,Female,Twitter,256,102,154,39.84%,1,1,7.7,34,0.1328125,2,6,6,Stressed,TRUE,FALSE,FALSE
1686,2687,Meera Shetty,68,04/04/2025,Female,YouTube,218,131,87,60.09%,1,2,7.9,38,0.1743119266,2,6,6,Stressed,TRUE,FALSE,FALSE
1935,2688,Arjun Ghosh,14,05/06/2025,Female,Facebook,403,141,262,34.99%,1,1,7,20,0.04962779156,2,7,6,Stressed,FALSE,FALSE,FALSE
4110,2689,Arjun Ghosh,23,11/11/2024,Male,Instagram,503,252,251,50.10%,1,3,6.5,10,0.01988071571,3,8,5,Stressed,TRUE,FALSE,FALSE
4658,2690,Arjun Ghosh,25,19/08/2025,Female,TikTok,447,291,156,65.10%,2,3,6.8,15,0.03355704698,4,9,4,Stressed,TRUE,FALSE,FALSE
3659,2690,Arjun Ghosh,25,26/09/2025,Female,Instagram,451,226,225,50.11%,1,3,6.7,15,0.0332594235,3,8,5,Stressed,TRUE,TRUE,TRUE
2989,2690,Arjun Ghosh,25,03/07/2025,Female,Twitter,479,192,287,40.08%,1,2,6.6,12,0.02505219207,3,8,5,Stressed,TRUE,TRUE,TRUE
4080,2690,Arjun Ghosh,25,17/01/2025,Male,Instagram,500,250,250,50.00%,1,3,6.5,10,0.02,3,8,5,Stressed,TRUE,TRUE,TRUE
3525,2691,Arjun Ghosh,28,17/10/2025,Male,YouTube,365,219,146,60.00%,1,3,7.2,24,0.06575342466,3,7,6,Stressed,TRUE,FALSE,FALSE
2604,2692,Arjun Ghosh,37,20/10/2024,Male,TikTok,267,174,93,65.17%,1,2,7.7,33,0.1235955056,3,7,6,Stressed,TRUE,FALSE,FALSE
865,2693,Arjun Ghosh,63,29/03/2024,Female,YouTube,171,103,68,60.23%,0,1,8.1,43,0.2514619883,2,6,6,Stressed,TRUE,FALSE,FALSE
1607,2694,Sonal Sharma,34,19/09/2025,Female,Facebook,368,129,239,35.05%,1,1,7.2,23,0.0625,2,7,6,Stressed,FALSE,FALSE,FALSE
867,2695,Sonal Sharma,37,31/08/2025,Male,Twitter,258,103,155,39.92%,1,1,7.7,34,0.1317829457,2,6,6,Stressed,TRUE,FALSE,FALSE
3175,2696,Ananya Roy,16,05/04/2024,Male,Instagram,398,199,199,50.00%,1,3,7,20,0.05025125628,3,8,5,Stressed,FALSE,FALSE,FALSE
4986,2697,Ananya Roy,24,24/03/2024,Female,TikTok,515,335,180,65.05%,2,3,6.4,8,0.01553398058,4,9,4,Stressed,TRUE,FALSE,FALSE
3546,2698,Ananya Roy,29,01/11/2025,Female,YouTube,367,220,147,59.95%,1,3,7.2,23,0.06267029973,3,7,6,Stressed,TRUE,FALSE,FALSE
3139,2699,Ananya Roy,32,30/08/2024,Female,YouTube,330,198,132,60.00%,1,3,7.4,27,0.08181818182,3,7,6,Stressed,TRUE,FALSE,FALSE
871,2700,Ananya Roy,60,15/05/2025,Female,TikTok,158,103,55,65.19%,1,1,8.2,44,0.2784810127,2,6,6,Stressed,TRUE,FALSE,FALSE
3288,2701,Saanvi Chauhan,20,19/06/2024,Female,Twitter,512,205,307,40.04%,1,2,6.4,9,0.017578125,3,8,5,Stressed,FALSE,FALSE,FALSE
873,2702,Saanvi Chauhan,42,04/03/2024,Female,Instagram,208,104,104,50.00%,0,1,8,39,0.1875,2,6,6,Stressed,TRUE,FALSE,FALSE
1114,2702,Saanvi Chauhan,42,06/07/2024,Male,Snapchat,208,114,94,54.81%,0,1,8,39,0.1875,2,6,6,Stressed,TRUE,TRUE,TRUE
874,2703,Aarav Naidu,14,10/09/2024,Male,WhatsApp,417,104,313,24.94%,0,1,6.9,18,0.04316546763,2,7,6,Stressed,FALSE,FALSE,FALSE
1006,2704,Aarav Naidu,22,01/11/2025,Female,WhatsApp,443,111,332,25.06%,0,1,6.8,16,0.03611738149,2,7,6,Stressed,TRUE,FALSE,FALSE
4855,2704,Aarav Naidu,23,17/09/2024,Male,YouTube,516,310,206,60.08%,1,4,6.4,8,0.01550387597,3,8,5,Stressed,TRUE,TRUE,TRUE
3491,2705,Aarav Naidu,31,14/09/2024,Male,YouTube,361,217,144,60.11%,1,3,7.2,24,0.06648199446,3,7,6,Stressed,TRUE,FALSE,FALSE
1559,2706,Aarav Naidu,35,13/01/2025,Female,Twitter,320,128,192,40.00%,1,1,7.4,28,0.0875,2,7,6,Stressed,TRUE,FALSE,FALSE
3841,2707,Payal Chauhan,13,19/07/2025,Male,Snapchat,430,237,193,55.12%,1,2,6.8,17,0.03953488372,3,8,5,Stressed,FALSE,FALSE,FALSE
4088,2707,Payal Chauhan,13,09/03/2025,Female,Snapchat,454,250,204,55.07%,1,2,6.7,15,0.03303964758,3,8,5,Stressed,TRUE,TRUE,TRUE
875,2708,Payal Chauhan,15,02/04/2024,Female,WhatsApp,414,104,310,25.12%,0,1,6.9,19,0.04589371981,2,7,6,Stressed,TRUE,FALSE,FALSE
3497,2708,Payal Chauhan,16,06/04/2024,Female,Snapchat,394,217,177,55.08%,1,2,7,21,0.05329949239,3,8,5,Stressed,TRUE,TRUE,TRUE
2198,2709,Payal Chauhan,18,02/05/2025,Female,Facebook,445,156,289,35.06%,1,1,6.8,16,0.03595505618,2,7,6,Stressed,TRUE,FALSE,FALSE
1634,2710,Payal Chauhan,22,27/02/2024,Male,WhatsApp,516,129,387,25.00%,1,1,6.4,8,0.01550387597,2,7,6,Stressed,TRUE,FALSE,FALSE
1937,2711,Payal Chauhan,27,30/06/2024,Female,Twitter,353,141,212,39.94%,1,1,7.2,25,0.07082152975,2,7,6,Stressed,TRUE,FALSE,FALSE
2144,2712,Payal Chauhan,29,01/09/2024,Male,Twitter,384,154,230,40.10%,1,1,7.1,22,0.05729166667,2,7,6,Stressed,TRUE,FALSE,FALSE
1475,2713,Payal Chauhan,33,16/06/2025,Male,Facebook,356,125,231,35.11%,1,1,7.2,24,0.06741573034,2,7,6,Stressed,TRUE,FALSE,FALSE
3570,2714,Sai Naidu,14,19/08/2024,Male,Instagram,444,222,222,50.00%,1,3,6.8,16,0.03603603604,3,8,5,Stressed,FALSE,FALSE,FALSE
3159,2715,Sai Naidu,20,05/08/2025,Male,Twitter,495,198,297,40.00%,1,2,6.5,10,0.0202020202,3,8,5,Stressed,TRUE,FALSE,FALSE
4439,2716,Sai Naidu,23,10/06/2024,Female,Snapchat,497,273,224,54.93%,1,2,6.5,10,0.02012072435,3,8,5,Stressed,TRUE,FALSE,FALSE
1465,2716,Sai Naidu,24,17/09/2024,Male,WhatsApp,501,125,376,24.95%,1,1,6.5,10,0.01996007984,2,7,6,Stressed,TRUE,TRUE,TRUE
1854,2717,Sai Naidu,33,18/02/2024,Male,Twitter,342,137,205,40.06%,1,1,7.3,26,0.07602339181,2,7,6,Stressed,TRUE,FALSE,FALSE
2188,2717,Sai Naidu,33,10/08/2025,Female,Twitter,387,155,232,40.05%,1,1,7.1,21,0.05426356589,2,7,6,Stressed,TRUE,TRUE,TRUE
882,2718,Sai Naidu,38,22/09/2024,Female,Twitter,261,104,157,39.85%,1,1,7.7,34,0.1302681992,2,6,6,Stressed,TRUE,FALSE,FALSE
4621,2719,Kavya Verma,13,11/09/2025,Female,TikTok,442,287,155,64.93%,2,3,6.8,16,0.03619909502,4,9,4,Stressed,FALSE,FALSE,FALSE
4400,2720,Kavya Verma,18,12/05/2024,Female,TikTok,415,270,145,65.06%,2,2,6.9,18,0.04337349398,4,9,4,Stressed,TRUE,FALSE,FALSE
2743,2720,Kavya Verma,19,25/06/2025,Female,Twitter,449,180,269,40.09%,1,2,6.8,15,0.03340757238,3,8,5,Stressed,TRUE,TRUE,TRUE
4701,2721,Kavya Verma,22,28/09/2025,Female,TikTok,452,294,158,65.04%,2,3,6.7,15,0.03318584071,4,9,4,Stressed,TRUE,FALSE,FALSE
884,2722,Kavya Verma,36,10/10/2025,Male,Instagram,207,104,103,50.24%,0,1,8,39,0.1884057971,2,6,6,Stressed,TRUE,FALSE,FALSE
2134,2723,Kavya Verma,38,04/10/2025,Female,YouTube,255,153,102,60.00%,1,2,7.7,34,0.1333333333,2,6,6,Stressed,TRUE,FALSE,FALSE
935,2724,Kavya Verma,55,15/08/2024,Male,TikTok,164,107,57,65.24%,1,1,8.2,44,0.2682926829,2,6,6,Stressed,TRUE,FALSE,FALSE
3434,2725,Neha Das,16,15/04/2025,Male,Instagram,428,214,214,50.00%,1,3,6.9,17,0.03971962617,3,8,5,Stressed,FALSE,FALSE,FALSE
2194,2726,Neha Das,19,20/06/2024,Female,Facebook,442,155,287,35.07%,1,1,6.8,16,0.03619909502,2,7,6,Stressed,TRUE,FALSE,FALSE
3568,2727,Neha Das,22,09/09/2024,Male,Instagram,443,222,221,50.11%,1,3,6.8,16,0.03611738149,3,8,5,Stressed,TRUE,FALSE,FALSE
1166,2728,Neha Das,24,27/01/2024,Male,WhatsApp,460,115,345,25.00%,0,1,6.7,14,0.03043478261,2,7,6,Stressed,TRUE,FALSE,FALSE
1959,2729,Neha Das,26,11/05/2025,Male,Twitter,358,143,215,39.94%,1,1,7.2,24,0.06703910615,2,7,6,Stressed,TRUE,FALSE,FALSE
1327,2730,Neha Das,28,18/01/2024,Female,Facebook,343,120,223,34.99%,0,1,7.3,26,0.07580174927,2,6,6,Stressed,TRUE,FALSE,FALSE
3629,2731,Neha Das,32,19/05/2024,Male,YouTube,375,225,150,60.00%,1,3,7.1,22,0.05866666667,3,7,6,Stressed,TRUE,FALSE,FALSE
2104,2732,Neha Das,37,19/09/2025,Male,YouTube,253,152,101,60.08%,1,2,7.7,35,0.1383399209,2,6,6,Stressed,TRUE,FALSE,FALSE
885,2733,Neha Das,66,17/01/2024,Female,Snapchat,190,105,85,55.26%,0,1,8,41,0.2157894737,2,6,6,Stressed,TRUE,FALSE,FALSE
4802,2734,Shaurya Kale,23,15/08/2025,Male,YouTube,506,304,202,60.08%,1,4,6.5,9,0.01778656126,3,8,5,Stressed,FALSE,FALSE,FALSE
3202,2735,Shaurya Kale,35,15/03/2024,Male,Instagram,399,200,199,50.13%,1,3,7,20,0.05012531328,3,8,5,Stressed,TRUE,FALSE,FALSE
886,2736,Shaurya Kale,39,20/06/2025,Female,Instagram,210,105,105,50.00%,0,1,8,39,0.1857142857,2,6,6,Stressed,TRUE,FALSE,FALSE
4324,2737,Payal Joshi,20,15/11/2025,Female,Snapchat,482,265,217,54.98%,1,2,6.6,12,0.02489626556,3,8,5,Stressed,FALSE,FALSE,FALSE
3972,2738,Payal Joshi,22,07/06/2024,Male,Instagram,489,244,245,49.90%,1,3,6.6,11,0.02249488753,3,8,5,Stressed,TRUE,FALSE,FALSE
3549,2739,Payal Joshi,27,26/07/2025,Female,Snapchat,400,220,180,55.00%,1,2,7,20,0.05,3,8,5,Stressed,TRUE,FALSE,FALSE
889,2740,Payal Joshi,60,16/06/2024,Male,TikTok,162,105,57,64.81%,1,1,8.2,44,0.2716049383,2,6,6,Stressed,TRUE,FALSE,FALSE
919,2741,Kavya Shetty,13,18/02/2024,Male,WhatsApp,426,106,320,24.88%,0,1,6.9,17,0.03990610329,2,7,6,Stressed,FALSE,FALSE,FALSE
1913,2742,Kavya Shetty,16,25/06/2024,Male,Facebook,400,140,260,35.00%,1,1,7,20,0.05,2,7,6,Stressed,TRUE,FALSE,FALSE
4680,2743,Kavya Shetty,19,01/05/2024,Male,YouTube,487,292,195,59.96%,1,4,6.6,11,0.02258726899,3,8,5,Stressed,TRUE,FALSE,FALSE
4246,2744,Kavya Shetty,23,15/04/2024,Male,Instagram,517,258,259,49.90%,1,3,6.4,8,0.01547388781,3,8,5,Stressed,TRUE,FALSE,FALSE
4058,2744,Kavya Shetty,24,06/11/2024,Female,Snapchat,452,249,203,55.09%,1,2,6.7,15,0.03318584071,3,8,5,Stressed,TRUE,TRUE,TRUE
1213,2745,Kavya Shetty,42,04/09/2024,Female,Snapchat,210,116,94,55.24%,0,1,8,39,0.1857142857,2,6,6,Stressed,TRUE,FALSE,FALSE
892,2746,Kavya Shetty,46,28/01/2025,Male,YouTube,175,105,70,60.00%,0,1,8.1,42,0.24,2,6,6,Stressed,TRUE,FALSE,FALSE
1693,2747,Kavya Shetty,54,26/01/2025,Male,TikTok,202,131,71,64.85%,1,1,8,40,0.198019802,2,6,6,Stressed,TRUE,FALSE,FALSE
987,2748,Kavya Shetty,65,04/01/2025,Female,Snapchat,200,110,90,55.00%,0,1,8,40,0.2,2,6,6,Stressed,TRUE,FALSE,FALSE
3061,2749,Kavya Rawat,19,03/04/2024,Male,Twitter,485,194,291,40.00%,1,2,6.6,12,0.02474226804,3,8,5,Stressed,FALSE,FALSE,FALSE
2228,2750,Kavya Rawat,21,07/11/2024,Male,Facebook,448,157,291,35.04%,1,1,6.8,15,0.03348214286,2,7,6,Stressed,TRUE,FALSE,FALSE
2556,2751,Kavya Rawat,23,06/05/2024,Female,Facebook,494,173,321,35.02%,1,2,6.5,11,0.02226720648,3,8,5,Stressed,TRUE,FALSE,FALSE
4733,2751,Kavya Rawat,24,12/10/2024,Male,YouTube,496,298,198,60.08%,1,4,6.5,10,0.02016129032,3,8,5,Stressed,TRUE,TRUE,TRUE
2982,2752,Kavya Rawat,29,10/03/2024,Female,Snapchat,348,191,157,54.89%,1,2,7.3,25,0.07183908046,3,7,6,Stressed,TRUE,FALSE,FALSE
4270,2753,Kavya Rawat,33,01/12/2024,Male,TikTok,398,259,139,65.08%,2,2,7,20,0.05025125628,4,9,4,Stressed,TRUE,FALSE,FALSE
2025,2754,Kavya Rawat,40,07/09/2024,Male,Snapchat,268,147,121,54.85%,1,1,7.7,33,0.1231343284,2,6,6,Stressed,TRUE,FALSE,FALSE
902,2755,Kavya Rawat,47,04/10/2024,Female,Instagram,210,105,105,50.00%,0,1,8,39,0.1857142857,2,6,6,Stressed,TRUE,FALSE,FALSE
1094,2756,Kavya Rawat,57,28/09/2024,Male,Snapchat,205,113,92,55.12%,0,1,8,40,0.1951219512,2,6,6,Stressed,TRUE,FALSE,FALSE
904,2757,Vihaan Gupta,13,04/02/2025,Male,WhatsApp,424,106,318,25.00%,0,1,6.9,18,0.04245283019,2,7,6,Stressed,FALSE,FALSE,FALSE
4665,2758,Vihaan Gupta,25,11/04/2024,Male,TikTok,448,291,157,64.96%,2,3,6.8,15,0.03348214286,4,9,4,Stressed,TRUE,FALSE,FALSE
2484,2759,Vihaan Gupta,32,07/04/2025,Male,Instagram,338,169,169,50.00%,1,2,7.3,26,0.07692307692,3,7,6,Stressed,TRUE,FALSE,FALSE
1334,2760,Vihaan Gupta,37,28/06/2024,Male,YouTube,202,121,81,59.90%,1,2,8,40,0.198019802,2,6,6,Stressed,TRUE,FALSE,FALSE
1578,2761,Vihaan Gupta,55,02/09/2025,Male,YouTube,214,128,86,59.81%,1,2,7.9,39,0.1822429907,2,6,6,Stressed,TRUE,FALSE,FALSE
3611,2762,Ishaan Rathod,22,03/06/2025,Female,Instagram,448,224,224,50.00%,1,3,6.8,15,0.03348214286,3,8,5,Stressed,FALSE,FALSE,FALSE
1555,2763,Ishaan Rathod,32,03/07/2025,Female,Facebook,364,127,237,34.89%,1,1,7.2,24,0.06593406593,2,7,6,Stressed,TRUE,FALSE,FALSE
2444,2764,Ishaan Rathod,41,10/03/2024,Female,TikTok,256,166,90,64.84%,1,1,7.7,34,0.1328125,3,7,5,Stressed,TRUE,FALSE,FALSE
1940,2765,Ishaan Rathod,43,06/11/2025,Female,TikTok,217,141,76,64.98%,1,1,7.9,38,0.1751152074,2,6,6,Stressed,TRUE,FALSE,FALSE
969,2766,Ishaan Rathod,60,02/11/2025,Male,TikTok,168,109,59,64.88%,1,1,8.2,43,0.255952381,2,6,6,Stressed,TRUE,FALSE,FALSE
915,2767,Ishaan Rathod,62,18/06/2025,Male,Snapchat,192,106,86,55.21%,0,1,8,41,0.2135416667,2,6,6,Stressed,TRUE,FALSE,FALSE
2550,2768,Sai Das,21,04/09/2025,Male,Facebook,492,172,320,34.96%,1,2,6.5,11,0.02235772358,3,8,5,Stressed,FALSE,FALSE,FALSE
1583,2768,Sai Das,21,29/03/2025,Female,WhatsApp,514,128,386,24.90%,1,1,6.4,9,0.01750972763,2,7,6,Stressed,TRUE,TRUE,TRUE
3133,2769,Sai Das,25,07/08/2024,Male,Twitter,495,198,297,40.00%,1,2,6.5,10,0.0202020202,3,8,5,Stressed,TRUE,FALSE,FALSE
3393,2770,Sai Das,31,28/02/2025,Female,YouTube,353,212,141,60.06%,1,3,7.2,25,0.07082152975,3,7,6,Stressed,TRUE,FALSE,FALSE
1121,2771,Sai Das,41,24/06/2024,Female,Instagram,228,114,114,50.00%,0,2,7.9,37,0.1622807018,2,6,6,Stressed,TRUE,FALSE,FALSE
916,2772,Sai Das,45,11/11/2025,Male,Instagram,211,106,105,50.24%,0,1,7.9,39,0.1848341232,2,6,6,Stressed,TRUE,FALSE,FALSE
917,2773,Aarohi Shetty,15,11/02/2025,Female,WhatsApp,425,106,319,24.94%,0,1,6.9,18,0.04235294118,2,7,6,Stressed,FALSE,FALSE,FALSE
3729,2774,Aarohi Shetty,17,01/08/2025,Male,Instagram,459,230,229,50.11%,1,3,6.7,14,0.03050108932,3,8,5,Stressed,TRUE,FALSE,FALSE
2948,2775,Aarohi Shetty,22,14/11/2024,Male,Twitter,473,189,284,39.96%,1,2,6.6,13,0.02748414376,3,8,5,Stressed,TRUE,FALSE,FALSE
2371,2776,Aarohi Shetty,24,18/10/2025,Male,Facebook,463,162,301,34.99%,1,1,6.7,14,0.03023758099,2,7,6,Stressed,TRUE,FALSE,FALSE
1887,2777,Aarohi Shetty,45,11/05/2024,Male,Snapchat,253,139,114,54.94%,1,1,7.7,35,0.1383399209,2,6,6,Stressed,TRUE,FALSE,FALSE
4132,2778,Meera Saxena,21,11/08/2025,Male,Instagram,503,252,251,50.10%,1,3,6.5,10,0.01988071571,3,8,5,Stressed,FALSE,FALSE,FALSE
1149,2779,Meera Saxena,31,09/10/2025,Female,Facebook,330,115,215,34.85%,0,1,7.4,27,0.08181818182,2,6,6,Stressed,TRUE,FALSE,FALSE
1818,2779,Meera Saxena,32,04/08/2024,Male,Twitter,340,136,204,40.00%,1,1,7.3,26,0.07647058824,2,7,6,Stressed,TRUE,TRUE,TRUE
2923,2780,Meera Saxena,34,01/11/2024,Male,Instagram,376,188,188,50.00%,1,3,7.1,22,0.0585106383,3,7,6,Stressed,TRUE,FALSE,FALSE
1782,2780,Meera Saxena,35,28/02/2025,Female,Facebook,383,134,249,34.99%,1,1,7.1,22,0.05744125326,2,7,6,Stressed,TRUE,TRUE,TRUE
1960,2780,Meera Saxena,36,16/10/2025,Male,TikTok,220,143,77,65.00%,1,1,7.9,38,0.1727272727,2,6,6,Stressed,TRUE,TRUE,TRUE
928,2780,Meera Saxena,36,11/05/2025,Female,Twitter,267,107,160,40.07%,1,1,7.7,33,0.1235955056,2,6,6,Stressed,TRUE,TRUE,TRUE
931,2781,Aadhya Naidu,14,20/01/2024,Male,WhatsApp,428,107,321,25.00%,0,1,6.9,17,0.03971962617,2,7,6,Stressed,FALSE,FALSE,FALSE
3205,2782,Aadhya Naidu,20,23/04/2025,Male,Twitter,499,200,299,40.08%,1,2,6.5,10,0.02004008016,3,8,5,Stressed,TRUE,FALSE,FALSE
3949,2783,Aadhya Naidu,22,02/11/2025,Female,Snapchat,440,242,198,55.00%,1,2,6.8,16,0.03636363636,3,8,5,Stressed,TRUE,FALSE,FALSE
3115,2784,Aadhya Naidu,29,21/02/2025,Male,YouTube,329,197,132,59.88%,1,3,7.4,27,0.0820668693,3,7,6,Stressed,TRUE,FALSE,FALSE
3908,2784,Aadhya Naidu,29,04/06/2024,Female,YouTube,400,240,160,60.00%,1,3,7,20,0.05,3,8,5,Stressed,TRUE,TRUE,TRUE
2193,2785,Aadhya Naidu,34,09/11/2025,Male,Twitter,387,155,232,40.05%,1,1,7.1,21,0.05426356589,2,7,6,Stressed,TRUE,FALSE,FALSE
2085,2786,Aadhya Naidu,41,24/04/2024,Male,Snapchat,274,151,123,55.11%,1,1,7.6,33,0.1204379562,2,6,6,Stressed,TRUE,FALSE,FALSE
3015,2787,Aadhya Ghosh,13,04/07/2025,Female,Instagram,386,193,193,50.00%,1,3,7.1,21,0.05440414508,3,8,5,Stressed,FALSE,FALSE,FALSE
2269,2788,Aadhya Ghosh,21,07/10/2024,Male,Facebook,450,158,292,35.11%,1,1,6.8,15,0.03333333333,2,7,6,Stressed,TRUE,FALSE,FALSE
1571,2789,Aadhya Ghosh,25,20/07/2024,Male,WhatsApp,511,128,383,25.05%,1,1,6.4,9,0.01761252446,2,7,6,Stressed,TRUE,FALSE,FALSE
2597,2790,Aadhya Ghosh,37,21/07/2024,Male,TikTok,267,174,93,65.17%,1,2,7.7,33,0.1235955056,3,7,6,Stressed,TRUE,FALSE,FALSE
932,2791,Aadhya Ghosh,69,12/07/2025,Male,Snapchat,195,107,88,54.87%,0,1,8,40,0.2051282051,2,6,6,Stressed,TRUE,FALSE,FALSE
3524,2792,Vivaan Deshmukh,15,08/11/2025,Female,Snapchat,398,219,179,55.03%,1,2,7,20,0.05025125628,3,8,5,Stressed,FALSE,FALSE,FALSE
4220,2792,Vivaan Deshmukh,15,26/09/2025,Female,YouTube,428,257,171,60.05%,1,3,6.9,17,0.03971962617,3,8,5,Stressed,TRUE,TRUE,TRUE
4542,2793,Vivaan Deshmukh,22,01/06/2024,Female,Snapchat,513,282,231,54.97%,1,3,6.4,9,0.01754385965,3,8,5,Stressed,TRUE,FALSE,FALSE
2505,2794,Vivaan Deshmukh,35,30/05/2025,Male,Instagram,339,170,169,50.15%,1,2,7.3,26,0.07669616519,3,7,6,Stressed,TRUE,FALSE,FALSE
937,2795,Vivaan Deshmukh,39,05/03/2025,Female,Twitter,270,108,162,40.00%,1,1,7.6,33,0.1222222222,2,6,6,Stressed,TRUE,FALSE,FALSE
3991,2796,Navya Yadav,14,28/10/2025,Male,YouTube,409,245,164,59.90%,1,3,7,19,0.04645476773,3,8,5,Stressed,FALSE,FALSE,FALSE
4189,2797,Navya Yadav,18,04/10/2024,Female,TikTok,393,255,138,64.89%,2,2,7,21,0.0534351145,4,8,5,Stressed,TRUE,FALSE,FALSE
3413,2797,Navya Yadav,18,13/06/2025,Male,Instagram,424,212,212,50.00%,1,3,6.9,18,0.04245283019,3,8,5,Stressed,TRUE,TRUE,TRUE
4582,2797,Navya Yadav,18,17/02/2025,Female,TikTok,439,285,154,64.92%,2,3,6.8,16,0.03644646925,4,9,4,Stressed,TRUE,TRUE,TRUE
3520,2798,Navya Yadav,27,24/02/2024,Female,Snapchat,398,219,179,55.03%,1,2,7,20,0.05025125628,3,8,5,Stressed,TRUE,FALSE,FALSE
939,2799,Navya Yadav,62,19/10/2024,Male,Snapchat,196,108,88,55.10%,0,1,8,40,0.2040816327,2,6,6,Stressed,TRUE,FALSE,FALSE
3565,2800,Myra Nair,23,24/01/2025,Male,Instagram,443,222,221,50.11%,1,3,6.8,16,0.03611738149,3,8,5,Stressed,FALSE,FALSE,FALSE
1074,2801,Myra Nair,25,04/06/2024,Female,WhatsApp,453,113,340,24.94%,0,1,6.7,15,0.03311258278,2,7,6,Stressed,TRUE,FALSE,FALSE
2116,2802,Myra Nair,40,10/04/2024,Male,Snapchat,278,153,125,55.04%,1,1,7.6,32,0.1151079137,2,7,6,Stressed,TRUE,FALSE,FALSE
944,2803,Myra Nair,44,28/06/2024,Female,Instagram,217,108,109,49.77%,0,1,7.9,38,0.1751152074,2,6,6,Stressed,TRUE,FALSE,FALSE
946,2804,Suhani Sharma,14,04/11/2024,Female,WhatsApp,430,108,322,25.12%,0,1,6.8,17,0.03953488372,2,7,6,Stressed,FALSE,FALSE,FALSE
4482,2805,Suhani Sharma,23,13/07/2025,Female,Snapchat,501,276,225,55.09%,1,2,6.5,10,0.01996007984,3,8,5,Stressed,TRUE,FALSE,FALSE
2551,2806,Shaurya Banerjee,18,05/10/2025,Female,Twitter,431,172,259,39.91%,1,2,6.8,17,0.03944315545,3,8,5,Stressed,FALSE,FALSE,FALSE
4882,2807,Shaurya Banerjee,24,30/05/2024,Other,TikTok,483,314,169,65.01%,2,3,6.6,12,0.0248447205,4,9,4,Stressed,TRUE,FALSE,FALSE
2254,2808,Shaurya Banerjee,39,21/01/2025,Male,YouTube,263,158,105,60.08%,1,2,7.7,34,0.1292775665,2,6,6,Stressed,TRUE,FALSE,FALSE
953,2809,Shaurya Banerjee,55,26/10/2024,Male,Snapchat,197,108,89,54.82%,0,1,8,40,0.2030456853,2,6,6,Stressed,TRUE,FALSE,FALSE
4287,2810,Aditi Ansari,14,25/09/2024,Female,YouTube,434,260,174,59.91%,1,3,6.8,17,0.03917050691,3,8,5,Stressed,FALSE,FALSE,FALSE
4535,2811,Aditi Ansari,16,08/08/2024,Female,TikTok,432,281,151,65.05%,2,2,6.8,17,0.03935185185,4,9,4,Stressed,TRUE,FALSE,FALSE
4950,2812,Aditi Ansari,24,06/07/2025,Male,TikTok,505,328,177,64.95%,2,3,6.5,10,0.0198019802,4,9,4,Stressed,TRUE,FALSE,FALSE
4003,2812,Aditi Ansari,25,04/01/2024,Male,Snapchat,448,246,202,54.91%,1,2,6.8,15,0.03348214286,3,8,5,Stressed,TRUE,TRUE,TRUE
2462,2812,Aditi Ansari,25,08/08/2024,Male,Facebook,477,167,310,35.01%,1,1,6.6,12,0.0251572327,3,8,5,Stressed,TRUE,TRUE,TRUE
955,2813,Aditi Ansari,41,12/09/2025,Male,Instagram,215,108,107,50.23%,0,1,7.9,38,0.176744186,2,6,6,Stressed,TRUE,FALSE,FALSE
1610,2813,Aditi Ansari,41,09/07/2024,Male,YouTube,215,129,86,60.00%,1,2,7.9,38,0.176744186,2,6,6,Stressed,TRUE,TRUE,TRUE
1488,2814,Aditi Ansari,43,29/01/2024,Female,Instagram,250,125,125,50.00%,1,2,7.8,35,0.14,2,6,6,Stressed,TRUE,FALSE,FALSE
4157,2815,Myra Kale,14,17/05/2024,Male,YouTube,423,254,169,60.05%,1,3,6.9,18,0.04255319149,3,8,5,Stressed,FALSE,FALSE,FALSE
2253,2816,Myra Kale,18,25/04/2024,Female,Facebook,450,158,292,35.11%,1,1,6.8,15,0.03333333333,2,7,6,Stressed,TRUE,FALSE,FALSE
4996,2817,Myra Kale,23,09/06/2024,Female,TikTok,519,337,182,64.93%,2,3,6.4,8,0.01541425819,4,9,4,Stressed,TRUE,FALSE,FALSE
4910,2817,Myra Kale,24,16/02/2025,Male,TikTok,493,320,173,64.91%,2,3,6.5,11,0.02231237323,4,9,4,Stressed,TRUE,TRUE,TRUE
4566,2817,Myra Kale,25,08/02/2024,Female,Snapchat,516,284,232,55.04%,1,3,6.4,8,0.01550387597,3,8,5,Stressed,TRUE,TRUE,TRUE
2236,2818,Myra Kale,34,18/09/2024,Female,Twitter,392,157,235,40.05%,1,1,7,21,0.05357142857,2,7,6,Stressed,TRUE,FALSE,FALSE
956,2819,Myra Kale,38,13/05/2024,Male,Instagram,217,108,109,49.77%,0,1,7.9,38,0.1751152074,2,6,6,Stressed,TRUE,FALSE,FALSE
4562,2820,Aadhya Shinde,25,01/11/2025,Female,Snapchat,515,283,232,54.95%,1,3,6.4,8,0.01553398058,3,8,5,Stressed,FALSE,FALSE,FALSE
2511,2821,Aadhya Shinde,34,29/08/2025,Female,Instagram,339,170,169,50.15%,1,2,7.3,26,0.07669616519,3,7,6,Stressed,TRUE,FALSE,FALSE
957,2822,Aadhya Shinde,44,04/11/2024,Male,Instagram,216,108,108,50.00%,0,1,7.9,38,0.1759259259,2,6,6,Stressed,TRUE,FALSE,FALSE
4299,2823,Isha Kale,14,23/09/2024,Female,TikTok,403,262,141,65.01%,2,2,7,20,0.04962779156,4,9,4,Stressed,FALSE,FALSE,FALSE
4208,2824,Isha Kale,18,09/03/2024,Female,YouTube,426,256,170,60.09%,1,3,6.9,17,0.03990610329,3,8,5,Stressed,TRUE,FALSE,FALSE
1019,2825,Isha Kale,20,07/08/2024,Female,WhatsApp,444,111,333,25.00%,0,1,6.8,16,0.03603603604,2,7,6,Stressed,TRUE,FALSE,FALSE
3890,2826,Isha Kale,29,16/11/2025,Male,TikTok,367,239,128,65.12%,2,2,7.2,23,0.06267029973,4,8,5,Stressed,TRUE,FALSE,FALSE
3075,2826,Isha Kale,30,06/06/2025,Female,YouTube,325,195,130,60.00%,1,3,7.4,28,0.08615384615,3,7,6,Stressed,TRUE,TRUE,TRUE
1355,2827,Isha Kale,43,13/10/2025,Female,Instagram,242,121,121,50.00%,1,2,7.8,36,0.1487603306,2,6,6,Stressed,TRUE,FALSE,FALSE
968,2828,Isha Kale,69,07/06/2024,Female,Instagram,218,109,109,50.00%,0,1,7.9,38,0.1743119266,2,6,6,Stressed,TRUE,FALSE,FALSE
3443,2829,Riya Choudhary,16,13/07/2024,Female,Snapchat,389,214,175,55.01%,1,2,7.1,21,0.05398457584,3,8,5,Stressed,FALSE,FALSE,FALSE
1961,2829,Riya Choudhary,16,06/06/2024,Female,Facebook,409,143,266,34.96%,1,1,7,19,0.04645476773,2,7,6,Stressed,TRUE,TRUE,TRUE
4010,2829,Riya Choudhary,17,28/02/2024,Female,Snapchat,447,246,201,55.03%,1,2,6.8,15,0.03355704698,3,8,5,Stressed,TRUE,TRUE,TRUE
4209,2830,Riya Choudhary,19,06/06/2025,Female,Instagram,512,256,256,50.00%,1,3,6.4,9,0.017578125,3,8,5,Stressed,TRUE,FALSE,FALSE
4982,2831,Riya Choudhary,22,15/12/2024,Male,TikTok,514,334,180,64.98%,2,3,6.4,9,0.01750972763,4,9,4,Stressed,TRUE,FALSE,FALSE
3694,2831,Riya Choudhary,23,27/01/2025,Female,Instagram,455,228,227,50.11%,1,3,6.7,14,0.03076923077,3,8,5,Stressed,TRUE,TRUE,TRUE
3233,2831,Riya Choudhary,24,17/03/2024,Female,Twitter,506,202,304,39.92%,1,2,6.5,9,0.01778656126,3,8,5,Stressed,TRUE,TRUE,TRUE
1644,2832,Riya Choudhary,32,01/10/2025,Female,Twitter,324,130,194,40.12%,1,1,7.4,28,0.08641975309,2,7,6,Stressed,TRUE,FALSE,FALSE
970,2833,Riya Choudhary,43,27/03/2025,Male,Twitter,273,109,164,39.93%,1,1,7.6,33,0.1208791209,2,6,6,Stressed,TRUE,FALSE,FALSE
3480,2834,Isha Pawar,18,21/12/2024,Male,Snapchat,392,216,176,55.10%,1,2,7,21,0.05357142857,3,8,5,Stressed,FALSE,FALSE,FALSE
3304,2835,Isha Pawar,20,27/11/2024,Female,Twitter,515,206,309,40.00%,1,2,6.4,8,0.01553398058,3,8,5,Stressed,TRUE,FALSE,FALSE
3688,2835,Isha Pawar,21,28/10/2024,Male,Instagram,455,228,227,50.11%,1,3,6.7,14,0.03076923077,3,8,5,Stressed,TRUE,TRUE,TRUE
2788,2835,Isha Pawar,21,26/07/2024,Male,Facebook,516,181,335,35.08%,1,2,6.4,8,0.01550387597,3,8,5,Stressed,TRUE,TRUE,TRUE
2603,2835,Isha Pawar,22,05/09/2024,Male,Facebook,498,174,324,34.94%,1,2,6.5,10,0.02008032129,3,8,5,Stressed,TRUE,TRUE,TRUE
973,2836,Isha Pawar,57,22/04/2024,Male,Instagram,218,109,109,50.00%,0,1,7.9,38,0.1743119266,2,6,6,Stressed,TRUE,FALSE,FALSE
4332,2837,Diya Iyer,17,16/12/2024,Female,TikTok,408,265,143,64.95%,2,2,7,19,0.04656862745,4,9,4,Stressed,FALSE,FALSE,FALSE
974,2838,Diya Iyer,21,31/08/2025,Female,WhatsApp,441,110,331,24.94%,0,1,6.8,16,0.03628117914,2,7,6,Stressed,TRUE,FALSE,FALSE
4975,2838,Diya Iyer,21,13/05/2024,Male,TikTok,510,332,178,65.10%,2,3,6.4,9,0.01764705882,4,9,4,Stressed,TRUE,TRUE,TRUE
4659,2839,Diya Iyer,25,27/05/2024,Male,TikTok,448,291,157,64.96%,2,3,6.8,15,0.03348214286,4,9,4,Stressed,TRUE,FALSE,FALSE
3430,2840,Diya Iyer,33,27/01/2025,Female,TikTok,330,214,116,64.85%,1,2,7.4,27,0.08181818182,3,7,6,Stressed,TRUE,FALSE,FALSE
3117,2841,Diya Roy,21,05/09/2024,Female,Twitter,493,197,296,39.96%,1,2,6.5,11,0.02231237323,3,8,5,Stressed,FALSE,FALSE,FALSE
4097,2841,Diya Roy,21,02/02/2024,Female,Instagram,502,251,251,50.00%,1,3,6.5,10,0.01992031873,3,8,5,Stressed,TRUE,TRUE,TRUE
4558,2841,Diya Roy,22,05/04/2024,Male,YouTube,472,283,189,59.96%,1,4,6.6,13,0.02754237288,3,8,5,Stressed,TRUE,TRUE,TRUE
1560,2842,Diya Roy,25,22/03/2025,Male,WhatsApp,513,128,385,24.95%,1,1,6.4,9,0.01754385965,2,7,6,Stressed,TRUE,FALSE,FALSE
3185,2843,Diya Roy,28,24/06/2025,Male,Instagram,400,200,200,50.00%,1,3,7,20,0.05,3,8,5,Stressed,TRUE,FALSE,FALSE
1439,2844,Diya Roy,30,22/01/2024,Male,Facebook,355,124,231,34.93%,1,1,7.2,24,0.0676056338,2,7,6,Stressed,TRUE,FALSE,FALSE
1667,2845,Diya Roy,34,07/07/2024,Female,Twitter,325,130,195,40.00%,1,1,7.4,28,0.08615384615,2,7,6,Stressed,TRUE,FALSE,FALSE
2124,2846,Diya Roy,37,06/07/2025,Male,TikTok,236,153,83,64.83%,1,1,7.8,36,0.1525423729,2,6,6,Stressed,TRUE,FALSE,FALSE
982,2847,Diya Roy,53,30/10/2025,Male,Instagram,219,110,109,50.23%,0,1,7.9,38,0.1735159817,2,6,6,Stressed,TRUE,FALSE,FALSE
983,2848,Aarohi Iyer,17,01/06/2024,Female,WhatsApp,439,110,329,25.06%,0,1,6.8,16,0.03644646925,2,7,6,Stressed,FALSE,FALSE,FALSE
2675,2849,Aarohi Iyer,20,22/06/2025,Male,Twitter,443,177,266,39.95%,1,2,6.8,16,0.03611738149,3,8,5,Stressed,TRUE,FALSE,FALSE
3878,2850,Aarohi Iyer,24,17/02/2025,Female,Instagram,475,238,237,50.11%,1,3,6.6,12,0.02526315789,3,8,5,Stressed,TRUE,FALSE,FALSE
1485,2850,Aarohi Iyer,25,09/03/2025,Female,WhatsApp,500,125,375,25.00%,1,1,6.5,10,0.02,2,7,6,Stressed,TRUE,TRUE,TRUE
2552,2851,Aarohi Iyer,34,14/11/2025,Male,Instagram,343,172,171,50.15%,1,2,7.3,26,0.07580174927,3,7,6,Stressed,TRUE,FALSE,FALSE
2453,2852,Aarohi Iyer,37,24/10/2024,Male,TikTok,256,166,90,64.84%,1,1,7.7,34,0.1328125,3,7,5,Stressed,TRUE,FALSE,FALSE
4326,2853,Pooja Rawat,13,10/03/2025,Male,TikTok,407,265,142,65.11%,2,2,7,19,0.04668304668,4,9,4,Stressed,FALSE,FALSE,FALSE
984,2854,Pooja Rawat,15,10/06/2025,Male,WhatsApp,440,110,330,25.00%,0,1,6.8,16,0.03636363636,2,7,6,Stressed,TRUE,FALSE,FALSE
4816,2855,Pooja Rawat,19,10/10/2024,Female,TikTok,471,306,165,64.97%,2,3,6.6,13,0.02760084926,4,9,4,Stressed,TRUE,FALSE,FALSE
4202,2855,Pooja Rawat,19,13/09/2024,Female,Instagram,513,256,257,49.90%,1,3,6.4,9,0.01754385965,3,8,5,Stressed,TRUE,TRUE,TRUE
4348,2856,Pooja Rawat,24,12/01/2024,Male,YouTube,444,266,178,59.91%,1,4,6.8,16,0.03603603604,3,8,5,Stressed,TRUE,FALSE,FALSE
2968,2857,Pooja Rawat,26,24/01/2025,Male,Instagram,381,190,191,49.87%,1,3,7.1,22,0.05774278215,3,7,6,Stressed,TRUE,FALSE,FALSE
3360,2858,Pooja Rawat,28,03/12/2024,Male,YouTube,348,209,139,60.06%,1,3,7.3,25,0.07183908046,3,7,6,Stressed,TRUE,FALSE,FALSE
988,2859,Sonal Shetty,19,23/04/2024,Male,WhatsApp,442,110,332,24.89%,0,1,6.8,16,0.03619909502,2,7,6,Stressed,FALSE,FALSE,FALSE
4934,2859,Sonal Shetty,19,27/05/2024,Female,TikTok,500,325,175,65.00%,2,3,6.5,10,0.02,4,9,4,Stressed,TRUE,TRUE,TRUE
4175,2860,Sonal Shetty,22,02/11/2025,Other,Snapchat,463,255,208,55.08%,1,2,6.7,14,0.03023758099,3,8,5,Stressed,TRUE,FALSE,FALSE
3696,2861,Sonal Shetty,27,12/11/2024,Female,YouTube,380,228,152,60.00%,1,3,7.1,22,0.05789473684,3,7,6,Stressed,TRUE,FALSE,FALSE
3564,2861,Sonal Shetty,28,25/08/2024,Male,YouTube,370,222,148,60.00%,1,3,7.2,23,0.06216216216,3,7,6,Stressed,TRUE,TRUE,TRUE
2875,2862,Sonal Shetty,31,30/08/2025,Male,Snapchat,335,184,151,54.93%,1,2,7.3,26,0.0776119403,3,7,6,Stressed,TRUE,FALSE,FALSE
3677,2862,Sonal Shetty,32,11/05/2025,Male,TikTok,349,227,122,65.04%,2,2,7.3,25,0.07163323782,3,8,5,Stressed,TRUE,TRUE,TRUE
1458,2863,Sonal Shetty,37,10/07/2024,Female,Snapchat,226,124,102,54.87%,1,1,7.9,37,0.1637168142,2,6,6,Stressed,TRUE,FALSE,FALSE
1415,2864,Sonal Shetty,51,16/10/2025,Female,TikTok,189,123,66,65.08%,1,1,8.1,41,0.2169312169,2,6,6,Stressed,TRUE,FALSE,FALSE
989,2865,Ananya Sharma,13,08/02/2025,Male,WhatsApp,442,110,332,24.89%,0,1,6.8,16,0.03619909502,2,7,6,Stressed,FALSE,FALSE,FALSE
4699,2866,Ananya Sharma,18,22/07/2024,Female,TikTok,453,294,159,64.90%,2,3,6.7,15,0.03311258278,4,9,4,Stressed,TRUE,FALSE,FALSE
3095,2867,Ananya Sharma,26,13/09/2025,Male,YouTube,326,196,130,60.12%,1,3,7.4,27,0.08282208589,3,7,6,Stressed,TRUE,FALSE,FALSE
2955,2868,Ananya Sharma,31,01/01/2024,Male,Snapchat,345,190,155,55.07%,1,2,7.3,26,0.07536231884,3,7,6,Stressed,TRUE,FALSE,FALSE
990,2869,Ishaan Nair,14,31/08/2024,Male,WhatsApp,439,110,329,25.06%,0,1,6.8,16,0.03644646925,2,7,6,Stressed,FALSE,FALSE,FALSE
4378,2870,Ishaan Nair,19,30/09/2024,Male,Snapchat,488,268,220,54.92%,1,2,6.6,11,0.02254098361,3,8,5,Stressed,TRUE,FALSE,FALSE
4972,2870,Ishaan Nair,20,15/05/2025,Female,TikTok,510,332,178,65.10%,2,3,6.4,9,0.01764705882,4,9,4,Stressed,TRUE,TRUE,TRUE
2071,2871,Ishaan Nair,29,05/02/2024,Male,Twitter,375,150,225,40.00%,1,1,7.1,22,0.05866666667,2,7,6,Stressed,TRUE,FALSE,FALSE
4040,2872,Ishaan Nair,31,04/09/2025,Female,TikTok,381,248,133,65.09%,2,2,7.1,22,0.05774278215,4,8,5,Stressed,TRUE,FALSE,FALSE
1805,2873,Ishaan Nair,43,07/12/2024,Male,Snapchat,245,135,110,55.10%,1,1,7.8,36,0.1469387755,2,6,6,Stressed,TRUE,FALSE,FALSE
991,2874,Saanvi Roy,15,24/09/2024,Male,WhatsApp,442,110,332,24.89%,0,1,6.8,16,0.03619909502,2,7,6,Stressed,FALSE,FALSE,FALSE
2759,2875,Saanvi Roy,19,25/05/2025,Female,Twitter,451,180,271,39.91%,1,2,6.7,15,0.0332594235,3,8,5,Stressed,TRUE,FALSE,FALSE
2040,2876,Saanvi Roy,26,28/09/2025,Female,Twitter,370,148,222,40.00%,1,1,7.2,23,0.06216216216,2,7,6,Stressed,TRUE,FALSE,FALSE
2121,2876,Saanvi Roy,26,09/10/2024,Male,Twitter,383,153,230,39.95%,1,1,7.1,22,0.05744125326,2,7,6,Stressed,TRUE,TRUE,TRUE
1287,2876,Saanvi Roy,27,18/09/2025,Other,Facebook,339,119,220,35.10%,0,1,7.3,26,0.07669616519,2,6,6,Stressed,TRUE,TRUE,TRUE
2309,2877,Saanvi Roy,33,01/04/2025,Male,Instagram,320,160,160,50.00%,1,2,7.4,28,0.0875,2,7,6,Stressed,TRUE,FALSE,FALSE
995,2878,Vivaan Gupta,18,24/03/2024,Male,WhatsApp,442,110,332,24.89%,0,1,6.8,16,0.03619909502,2,7,6,Stressed,FALSE,FALSE,FALSE
1614,2879,Vivaan Gupta,23,13/01/2024,Female,WhatsApp,516,129,387,25.00%,1,1,6.4,8,0.01550387597,2,7,6,Stressed,TRUE,FALSE,FALSE
2861,2880,Vivaan Gupta,29,01/03/2025,Male,Snapchat,335,184,151,54.93%,1,2,7.3,26,0.0776119403,3,7,6,Stressed,TRUE,FALSE,FALSE
3912,2881,Vivaan Gupta,31,08/09/2024,Female,TikTok,370,240,130,64.86%,2,2,7.2,23,0.06216216216,4,8,5,Stressed,TRUE,FALSE,FALSE
3132,2881,Vivaan Gupta,31,22/11/2024,Male,Instagram,396,198,198,50.00%,1,3,7,20,0.05050505051,3,8,5,Stressed,TRUE,TRUE,TRUE
1705,2882,Vivaan Gupta,43,03/01/2025,Female,Instagram,264,132,132,50.00%,1,2,7.7,34,0.1287878788,2,6,6,Stressed,TRUE,FALSE,FALSE
4039,2883,Vivaan Sharma,13,26/05/2024,Female,TikTok,382,248,134,64.92%,2,2,7.1,22,0.05759162304,4,8,5,Stressed,FALSE,FALSE,FALSE
3765,2884,Vivaan Sharma,16,23/03/2025,Female,Snapchat,421,232,189,55.11%,1,2,6.9,18,0.04275534442,3,8,5,Stressed,TRUE,FALSE,FALSE
2844,2885,Vivaan Sharma,20,04/12/2024,Female,Twitter,458,183,275,39.96%,1,2,6.7,14,0.03056768559,3,8,5,Stressed,TRUE,FALSE,FALSE
1003,2885,Vivaan Sharma,21,05/01/2025,Female,WhatsApp,440,110,330,25.00%,0,1,6.8,16,0.03636363636,2,7,6,Stressed,TRUE,TRUE,TRUE
4750,2885,Vivaan Sharma,21,13/12/2024,Female,YouTube,498,299,199,60.04%,1,4,6.5,10,0.02008032129,3,8,5,Stressed,TRUE,TRUE,TRUE
2904,2886,Vivaan Sharma,24,13/03/2024,Male,Twitter,465,186,279,40.00%,1,2,6.7,14,0.03010752688,3,8,5,Stressed,TRUE,FALSE,FALSE
4076,2887,Vivaan Sharma,32,05/01/2025,Female,TikTok,385,250,135,64.94%,2,2,7.1,22,0.05714285714,4,8,5,Stressed,TRUE,FALSE,FALSE
1993,2888,Vivaan Sharma,35,25/10/2025,Female,Twitter,362,145,217,40.06%,1,1,7.2,24,0.06629834254,2,7,6,Stressed,TRUE,FALSE,FALSE
4844,2889,Avni Kale,22,26/07/2024,Male,YouTube,515,309,206,60.00%,1,4,6.4,8,0.01553398058,3,8,5,Stressed,FALSE,FALSE,FALSE
3589,2890,Avni Kale,28,19/07/2024,Female,YouTube,371,223,148,60.11%,1,3,7.1,23,0.06199460916,3,7,6,Stressed,TRUE,FALSE,FALSE
3818,2891,Avni Kale,33,24/06/2025,Male,YouTube,391,235,156,60.10%,1,3,7,21,0.0537084399,3,8,5,Stressed,TRUE,FALSE,FALSE
1235,2891,Avni Kale,34,31/10/2024,Female,Facebook,333,117,216,35.14%,0,1,7.3,27,0.08108108108,2,6,6,Stressed,TRUE,TRUE,TRUE
2115,2892,Avni Kale,36,03/09/2025,Male,Snapchat,279,153,126,54.84%,1,1,7.6,32,0.1146953405,2,7,6,Stressed,TRUE,FALSE,FALSE
1004,2893,Avni Kale,68,03/01/2024,Female,Snapchat,200,110,90,55.00%,0,1,8,40,0.2,2,6,6,Stressed,TRUE,FALSE,FALSE
4494,2894,Suhani Rathod,14,31/03/2024,Male,TikTok,427,278,149,65.11%,2,2,6.9,17,0.03981264637,4,9,4,Stressed,FALSE,FALSE,FALSE
1009,2894,Suhani Rathod,15,03/12/2024,Male,WhatsApp,445,111,334,24.94%,0,1,6.8,16,0.03595505618,2,7,6,Stressed,TRUE,TRUE,TRUE
2135,2895,Suhani Rathod,17,20/01/2025,Male,Facebook,438,153,285,34.93%,1,1,6.8,16,0.03652968037,2,7,6,Stressed,TRUE,FALSE,FALSE
2626,2896,Suhani Rathod,24,23/01/2025,Female,Facebook,504,176,328,34.92%,1,2,6.5,10,0.01984126984,3,8,5,Stressed,TRUE,FALSE,FALSE
2563,2896,Suhani Rathod,25,06/05/2025,Female,Facebook,494,173,321,35.02%,1,2,6.5,11,0.02226720648,3,8,5,Stressed,TRUE,TRUE,TRUE
4983,2896,Suhani Rathod,25,29/10/2024,Male,TikTok,514,334,180,64.98%,2,3,6.4,9,0.01750972763,4,9,4,Stressed,TRUE,TRUE,TRUE
1266,2897,Suhani Rathod,28,17/10/2025,Male,Facebook,337,118,219,35.01%,0,1,7.3,26,0.07715133531,2,6,6,Stressed,TRUE,FALSE,FALSE
3163,2898,Suhani Rathod,31,07/08/2024,Male,Snapchat,361,199,162,55.12%,1,2,7.2,24,0.06648199446,3,7,6,Stressed,TRUE,FALSE,FALSE
2850,2899,Pooja Verma,14,05/05/2024,Female,Twitter,458,183,275,39.96%,1,2,6.7,14,0.03056768559,3,8,5,Stressed,FALSE,FALSE,FALSE
2781,2900,Pooja Verma,20,12/06/2025,Female,Facebook,516,181,335,35.08%,1,2,6.4,8,0.01550387597,3,8,5,Stressed,TRUE,FALSE,FALSE
4920,2900,Pooja Verma,21,03/03/2024,Male,TikTok,495,322,173,65.05%,2,3,6.5,10,0.0202020202,4,9,4,Stressed,TRUE,TRUE,TRUE
3476,2901,Pooja Verma,28,19/02/2024,Female,TikTok,333,216,117,64.86%,1,2,7.3,27,0.08108108108,3,7,6,Stressed,TRUE,FALSE,FALSE
1011,2902,Pooja Verma,47,05/06/2024,Female,Snapchat,202,111,91,54.95%,0,1,8,40,0.198019802,2,6,6,Stressed,TRUE,FALSE,FALSE
4527,2903,Riya Kale,15,03/07/2025,Male,TikTok,433,281,152,64.90%,2,2,6.8,17,0.03926096998,4,9,4,Stressed,FALSE,FALSE,FALSE
4103,2904,Riya Kale,17,16/11/2024,Female,Snapchat,457,251,206,54.92%,1,2,6.7,14,0.0306345733,3,8,5,Stressed,TRUE,FALSE,FALSE
1012,2905,Riya Kale,20,31/07/2024,Female,WhatsApp,443,111,332,25.06%,0,1,6.8,16,0.03611738149,2,7,6,Stressed,TRUE,FALSE,FALSE
2882,2905,Riya Kale,20,28/08/2024,Female,Twitter,463,185,278,39.96%,1,2,6.7,14,0.03023758099,3,8,5,Stressed,TRUE,TRUE,TRUE
4848,2906,Riya Kale,22,05/10/2025,Female,TikTok,476,309,167,64.92%,2,3,6.6,12,0.02521008403,4,9,4,Stressed,TRUE,FALSE,FALSE
4752,2907,Riya Kale,25,29/02/2024,Male,TikTok,460,299,161,65.00%,2,3,6.7,14,0.03043478261,4,9,4,Stressed,TRUE,FALSE,FALSE
2067,2908,Riya Kale,40,24/12/2024,Female,YouTube,248,149,99,60.08%,1,2,7.8,35,0.1411290323,2,6,6,Stressed,TRUE,FALSE,FALSE
1014,2909,Vivaan Menon,18,08/01/2024,Female,WhatsApp,444,111,333,25.00%,0,1,6.8,16,0.03603603604,2,7,6,Stressed,FALSE,FALSE,FALSE
1663,2910,Vivaan Menon,20,06/08/2024,Female,WhatsApp,519,130,389,25.05%,1,1,6.4,8,0.01541425819,2,7,6,Stressed,TRUE,FALSE,FALSE
3046,2911,Vivaan Menon,30,26/02/2025,Male,Snapchat,352,194,158,55.11%,1,2,7.2,25,0.07102272727,3,7,6,Stressed,TRUE,FALSE,FALSE
2073,2911,Vivaan Menon,31,30/04/2025,Female,Twitter,374,150,224,40.11%,1,1,7.1,23,0.0614973262,2,7,6,Stressed,TRUE,TRUE,TRUE
3893,2912,Diya Ansari,13,25/06/2025,Female,YouTube,399,239,160,59.90%,1,3,7,20,0.05012531328,3,8,5,Stressed,FALSE,FALSE,FALSE
2673,2913,Diya Ansari,19,30/01/2025,Male,Facebook,505,177,328,35.05%,1,2,6.5,10,0.0198019802,3,8,5,Stressed,TRUE,FALSE,FALSE
2864,2914,Diya Ansari,21,11/09/2024,Male,Twitter,459,184,275,40.09%,1,2,6.7,14,0.03050108932,3,8,5,Stressed,TRUE,FALSE,FALSE
4763,2915,Diya Ansari,24,07/06/2025,Female,TikTok,461,300,161,65.08%,2,3,6.7,14,0.03036876356,4,9,4,Stressed,TRUE,FALSE,FALSE
2458,2915,Diya Ansari,24,16/08/2025,Female,Facebook,478,167,311,34.94%,1,1,6.6,12,0.02510460251,3,8,5,Stressed,TRUE,TRUE,TRUE
3389,2916,Diya Ansari,31,15/07/2025,Male,YouTube,353,212,141,60.06%,1,3,7.2,25,0.07082152975,3,7,6,Stressed,TRUE,FALSE,FALSE
1015,2917,Diya Ansari,38,25/09/2024,Male,Snapchat,201,111,90,55.22%,0,1,8,40,0.1990049751,2,6,6,Stressed,TRUE,FALSE,FALSE
3709,2918,Navya Mishra,14,05/08/2025,Female,YouTube,381,229,152,60.10%,1,3,7.1,22,0.05774278215,3,7,6,Stressed,FALSE,FALSE,FALSE
2140,2918,Navya Mishra,14,24/08/2025,Female,Twitter,385,154,231,40.00%,1,1,7.1,22,0.05714285714,2,7,6,Stressed,TRUE,TRUE,TRUE
1021,2919,Navya Mishra,24,29/01/2025,Female,WhatsApp,443,111,332,25.06%,0,1,6.8,16,0.03611738149,2,7,6,Stressed,TRUE,FALSE,FALSE
4276,2919,Navya Mishra,25,08/05/2024,Female,Instagram,520,260,260,50.00%,1,3,6.4,8,0.01538461538,3,8,5,Stressed,TRUE,TRUE,TRUE
3282,2920,Navya Mishra,29,26/08/2025,Female,YouTube,341,205,136,60.12%,1,3,7.3,26,0.07624633431,3,7,6,Stressed,TRUE,FALSE,FALSE
3421,2920,Navya Mishra,30,13/09/2024,Male,YouTube,355,213,142,60.00%,1,3,7.2,24,0.0676056338,3,7,6,Stressed,TRUE,TRUE,TRUE
2764,2921,Vihaan Yadav,16,02/06/2024,Male,Twitter,450,180,270,40.00%,1,2,6.8,15,0.03333333333,3,8,5,Stressed,FALSE,FALSE,FALSE
1662,2922,Vihaan Yadav,21,13/02/2024,Female,WhatsApp,520,130,390,25.00%,1,1,6.4,8,0.01538461538,2,7,6,Stressed,TRUE,FALSE,FALSE
2589,2923,Vihaan Yadav,32,01/01/2024,Female,Instagram,349,174,175,49.86%,1,2,7.3,25,0.07163323782,3,7,6,Stressed,TRUE,FALSE,FALSE
2416,2923,Vihaan Yadav,33,02/11/2024,Female,Instagram,330,165,165,50.00%,1,2,7.4,27,0.08181818182,3,7,6,Stressed,TRUE,TRUE,TRUE
1024,2924,Vihaan Yadav,38,20/04/2024,Female,Snapchat,204,112,92,54.90%,0,1,8,40,0.1960784314,2,6,6,Stressed,TRUE,FALSE,FALSE
1139,2925,Vihaan Yadav,47,13/01/2024,Male,Snapchat,207,114,93,55.07%,0,1,8,39,0.1884057971,2,6,6,Stressed,TRUE,FALSE,FALSE
1858,2926,Suhani Roy,29,03/12/2024,Male,Facebook,395,138,257,34.94%,1,1,7,20,0.05063291139,2,7,6,Stressed,FALSE,FALSE,FALSE
1025,2927,Suhani Roy,38,16/07/2024,Female,Instagram,225,112,113,49.78%,0,1,7.9,38,0.1688888889,2,6,6,Stressed,TRUE,FALSE,FALSE
4261,2928,Vivaan Verma,19,02/11/2024,Female,Snapchat,469,258,211,55.01%,1,2,6.7,13,0.02771855011,3,8,5,Stressed,FALSE,FALSE,FALSE
2360,2929,Vivaan Verma,37,16/03/2024,Female,YouTube,270,162,108,60.00%,1,2,7.6,33,0.1222222222,2,6,6,Stressed,TRUE,FALSE,FALSE
1026,2930,Vivaan Verma,40,12/10/2024,Male,Snapchat,203,112,91,55.17%,0,1,8,40,0.197044335,2,6,6,Stressed,TRUE,FALSE,FALSE
3526,2931,Aarohi Kale,13,23/03/2024,Male,Snapchat,398,219,179,55.03%,1,2,7,20,0.05025125628,3,8,5,Stressed,FALSE,FALSE,FALSE
4016,2932,Aarohi Kale,15,29/05/2024,Female,Snapchat,447,246,201,55.03%,1,2,6.8,15,0.03355704698,3,8,5,Stressed,TRUE,FALSE,FALSE
3448,2933,Aarohi Kale,33,14/11/2025,Female,YouTube,357,214,143,59.94%,1,3,7.2,24,0.06722689076,3,7,6,Stressed,TRUE,FALSE,FALSE
2535,2934,Aarohi Kale,42,21/08/2025,Male,TikTok,265,172,93,64.91%,1,2,7.7,34,0.1283018868,3,7,6,Stressed,TRUE,FALSE,FALSE
1027,2934,Aarohi Kale,43,07/01/2025,Female,Instagram,224,112,112,50.00%,0,1,7.9,38,0.1696428571,2,6,6,Stressed,TRUE,TRUE,TRUE
1032,2935,Myra Deshmukh,21,10/12/2024,Male,WhatsApp,448,112,336,25.00%,0,1,6.8,15,0.03348214286,2,7,6,Stressed,FALSE,FALSE,FALSE
2362,2936,Myra Deshmukh,26,17/06/2024,Female,Instagram,324,162,162,50.00%,1,2,7.4,28,0.08641975309,2,7,6,Stressed,TRUE,FALSE,FALSE
3375,2937,Myra Deshmukh,31,11/02/2024,Male,YouTube,351,211,140,60.11%,1,3,7.2,25,0.07122507123,3,7,6,Stressed,TRUE,FALSE,FALSE
1352,2937,Myra Deshmukh,32,21/08/2025,Male,Facebook,347,121,226,34.87%,1,1,7.3,25,0.07204610951,2,7,6,Stressed,TRUE,TRUE,TRUE
1220,2938,Myra Deshmukh,40,06/11/2025,Female,Snapchat,212,117,95,55.19%,0,1,7.9,39,0.1839622642,2,6,6,Stressed,TRUE,FALSE,FALSE
1033,2939,Riya Shinde,15,12/03/2025,Male,WhatsApp,446,112,334,25.11%,0,1,6.8,15,0.033632287,2,7,6,Stressed,FALSE,FALSE,FALSE
3366,2940,Riya Shinde,26,26/02/2025,Female,Snapchat,381,210,171,55.12%,1,2,7.1,22,0.05774278215,3,7,6,Stressed,TRUE,FALSE,FALSE
3353,2941,Riya Shinde,33,04/06/2025,Female,YouTube,348,209,139,60.06%,1,3,7.3,25,0.07183908046,3,7,6,Stressed,TRUE,FALSE,FALSE
1841,2942,Krishna Verma,15,10/03/2025,Female,Facebook,392,137,255,34.95%,1,1,7,21,0.05357142857,2,7,6,Stressed,FALSE,FALSE,FALSE
2415,2942,Krishna Verma,16,31/03/2024,Female,Twitter,413,165,248,39.95%,1,1,6.9,19,0.04600484262,3,8,5,Stressed,TRUE,TRUE,TRUE
2152,2943,Krishna Verma,18,31/03/2025,Female,Facebook,441,154,287,34.92%,1,1,6.8,16,0.03628117914,2,7,6,Stressed,TRUE,FALSE,FALSE
4769,2944,Krishna Verma,22,07/10/2025,Male,YouTube,501,301,200,60.08%,1,4,6.5,10,0.01996007984,3,8,5,Stressed,TRUE,FALSE,FALSE
1623,2944,Krishna Verma,22,12/01/2025,Male,WhatsApp,516,129,387,25.00%,1,1,6.4,8,0.01550387597,2,7,6,Stressed,TRUE,TRUE,TRUE
4316,2944,Krishna Verma,23,29/01/2025,Male,Snapchat,480,264,216,55.00%,1,2,6.6,12,0.025,3,8,5,Stressed,TRUE,TRUE,TRUE
3504,2945,Krishna Verma,30,29/04/2024,Male,TikTok,336,218,118,64.88%,1,2,7.3,26,0.07738095238,3,7,6,Stressed,TRUE,FALSE,FALSE
1618,2946,Krishna Verma,32,02/02/2024,Female,Facebook,368,129,239,35.05%,1,1,7.2,23,0.0625,2,7,6,Stressed,TRUE,FALSE,FALSE
1036,2947,Krishna Verma,66,25/10/2024,Female,YouTube,186,112,74,60.22%,0,1,8.1,41,0.2204301075,2,6,6,Stressed,TRUE,FALSE,FALSE
1385,2948,Sai Rawat,21,13/03/2024,Female,WhatsApp,489,122,367,24.95%,1,1,6.6,11,0.02249488753,2,7,6,Stressed,FALSE,FALSE,FALSE
4609,2948,Sai Rawat,22,23/08/2024,Female,YouTube,478,287,191,60.04%,1,4,6.6,12,0.02510460251,3,8,5,Stressed,TRUE,TRUE,TRUE
1038,2949,Sai Rawat,24,09/06/2024,Female,WhatsApp,448,112,336,25.00%,0,1,6.8,15,0.03348214286,2,7,6,Stressed,TRUE,FALSE,FALSE
3648,2950,Sai Rawat,31,05/03/2024,Male,YouTube,377,226,151,59.95%,1,3,7.1,22,0.05835543767,3,7,6,Stressed,TRUE,FALSE,FALSE
3145,2951,Sai Rawat,33,31/03/2025,Female,Instagram,395,198,197,50.13%,1,3,7,20,0.05063291139,3,8,5,Stressed,TRUE,FALSE,FALSE
2220,2952,Shaurya Shinde,18,07/11/2024,Female,Facebook,446,156,290,34.98%,1,1,6.8,15,0.033632287,2,7,6,Stressed,FALSE,FALSE,FALSE
3579,2953,Shaurya Shinde,20,10/03/2025,Male,Instagram,443,222,221,50.11%,1,3,6.8,16,0.03611738149,3,8,5,Stressed,TRUE,FALSE,FALSE
4602,2953,Shaurya Shinde,21,08/02/2024,Female,TikTok,440,286,154,65.00%,2,3,6.8,16,0.03636363636,4,9,4,Stressed,TRUE,TRUE,TRUE
4197,2954,Shaurya Shinde,26,15/09/2024,Male,TikTok,394,256,138,64.97%,2,2,7,21,0.05329949239,4,8,5,Stressed,TRUE,FALSE,FALSE
1039,2955,Shaurya Shinde,37,22/05/2024,Female,Twitter,280,112,168,40.00%,1,1,7.6,32,0.1142857143,2,7,6,Stressed,TRUE,FALSE,FALSE
3138,2956,Kavya Banerjee,16,29/07/2025,Female,Instagram,395,198,197,50.13%,1,3,7,20,0.05063291139,3,8,5,Stressed,FALSE,FALSE,FALSE
4138,2956,Kavya Banerjee,17,25/01/2025,Male,Snapchat,460,253,207,55.00%,1,2,6.7,14,0.03043478261,3,8,5,Stressed,TRUE,TRUE,TRUE
1041,2957,Kavya Banerjee,22,08/01/2025,Female,WhatsApp,446,112,334,25.11%,0,1,6.8,15,0.033632287,2,7,6,Stressed,TRUE,FALSE,FALSE
3956,2958,Kavya Banerjee,24,05/07/2025,Male,Snapchat,442,243,199,54.98%,1,2,6.8,16,0.03619909502,3,8,5,Stressed,TRUE,FALSE,FALSE
1478,2959,Kavya Banerjee,27,30/07/2024,Male,Facebook,356,125,231,35.11%,1,1,7.2,24,0.06741573034,2,7,6,Stressed,TRUE,FALSE,FALSE
2093,2960,Kavya Banerjee,32,14/01/2024,Female,Twitter,378,151,227,39.95%,1,1,7.1,22,0.0582010582,2,7,6,Stressed,TRUE,FALSE,FALSE
3078,2960,Kavya Banerjee,33,03/01/2024,Female,Instagram,390,195,195,50.00%,1,3,7,21,0.05384615385,3,8,5,Stressed,TRUE,TRUE,TRUE
1349,2961,Kavya Banerjee,61,22/08/2025,Female,YouTube,201,121,80,60.20%,1,2,8,40,0.1990049751,2,6,6,Stressed,TRUE,FALSE,FALSE
2586,2962,Myra Yadav,18,07/08/2025,Male,Twitter,435,174,261,40.00%,1,2,6.8,16,0.0367816092,3,8,5,Stressed,FALSE,FALSE,FALSE
2186,2963,Myra Yadav,20,20/02/2025,Female,Facebook,444,155,289,34.91%,1,1,6.8,16,0.03603603604,2,7,6,Stressed,TRUE,FALSE,FALSE
1042,2963,Myra Yadav,21,02/03/2024,Female,WhatsApp,447,112,335,25.06%,0,1,6.8,15,0.03355704698,2,7,6,Stressed,TRUE,TRUE,TRUE
1411,2964,Myra Yadav,33,05/02/2024,Male,Facebook,351,123,228,35.04%,1,1,7.2,25,0.07122507123,2,7,6,Stressed,TRUE,FALSE,FALSE
3394,2965,Myra Yadav,35,26/09/2024,Female,TikTok,326,212,114,65.03%,1,2,7.4,27,0.08282208589,3,7,6,Stressed,TRUE,FALSE,FALSE
1922,2966,Myra Yadav,69,06/08/2024,Female,TikTok,215,140,75,65.12%,1,1,7.9,38,0.176744186,2,6,6,Stressed,TRUE,FALSE,FALSE
4838,2967,Sai Pawar,19,09/07/2024,Male,YouTube,513,308,205,60.04%,1,4,6.4,9,0.01754385965,3,8,5,Stressed,FALSE,FALSE,FALSE
3255,2968,Sai Pawar,24,11/09/2024,Male,Twitter,511,204,307,39.92%,1,2,6.4,9,0.01761252446,3,8,5,Stressed,TRUE,FALSE,FALSE
2137,2969,Sai Pawar,28,01/10/2025,Male,Twitter,382,153,229,40.05%,1,1,7.1,22,0.05759162304,2,7,6,Stressed,TRUE,FALSE,FALSE
1047,2970,Sai Pawar,46,14/06/2025,Male,Snapchat,203,112,91,55.17%,0,1,8,40,0.197044335,2,6,6,Stressed,TRUE,FALSE,FALSE
2765,2971,Shaurya Sharma,18,10/07/2024,Male,Twitter,449,180,269,40.09%,1,2,6.8,15,0.03340757238,3,8,5,Stressed,FALSE,FALSE,FALSE
2437,2972,Shaurya Sharma,23,22/08/2025,Male,Facebook,473,166,307,35.10%,1,1,6.6,13,0.02748414376,3,8,5,Stressed,TRUE,FALSE,FALSE
1050,2973,Shaurya Sharma,39,08/07/2024,Female,Instagram,224,112,112,50.00%,0,1,7.9,38,0.1696428571,2,6,6,Stressed,TRUE,FALSE,FALSE
4768,2974,Sonal Gupta,19,15/04/2025,Male,YouTube,502,301,201,59.96%,1,4,6.5,10,0.01992031873,3,8,5,Stressed,FALSE,FALSE,FALSE
3207,2975,Sonal Gupta,30,06/10/2024,Male,Snapchat,363,200,163,55.10%,1,2,7.2,24,0.06611570248,3,7,6,Stressed,TRUE,FALSE,FALSE
1051,2976,Sonal Gupta,46,24/01/2025,Female,YouTube,186,112,74,60.22%,0,1,8.1,41,0.2204301075,2,6,6,Stressed,TRUE,FALSE,FALSE
2690,2977,Myra Sharma,16,18/06/2025,Male,Twitter,446,178,268,39.91%,1,2,6.8,15,0.033632287,3,8,5,Stressed,FALSE,FALSE,FALSE
1403,2978,Myra Sharma,23,15/10/2024,Other,WhatsApp,493,123,370,24.95%,1,1,6.5,11,0.02231237323,2,7,6,Stressed,TRUE,FALSE,FALSE
1053,2979,Myra Sharma,25,09/11/2024,Female,WhatsApp,450,112,338,24.89%,0,1,6.8,15,0.03333333333,2,7,6,Stressed,TRUE,FALSE,FALSE
1157,2980,Myra Sharma,32,23/06/2025,Female,Facebook,328,115,213,35.06%,0,1,7.4,27,0.08231707317,2,6,6,Stressed,TRUE,FALSE,FALSE
2479,2981,Myra Sharma,34,27/09/2024,Male,Instagram,337,168,169,49.85%,1,2,7.3,26,0.07715133531,3,7,6,Stressed,TRUE,FALSE,FALSE
1226,2982,Myra Sharma,48,07/01/2024,Male,Snapchat,212,117,95,55.19%,0,1,7.9,39,0.1839622642,2,6,6,Stressed,TRUE,FALSE,FALSE
1168,2983,Arjun Saxena,20,29/07/2025,Female,WhatsApp,460,115,345,25.00%,0,1,6.7,14,0.03043478261,2,7,6,Stressed,FALSE,FALSE,FALSE
4961,2983,Arjun Saxena,21,21/04/2025,Male,TikTok,507,330,177,65.09%,2,3,6.5,9,0.01775147929,4,9,4,Stressed,TRUE,TRUE,TRUE
2143,2984,Arjun Saxena,25,20/01/2025,Female,Facebook,440,154,286,35.00%,1,1,6.8,16,0.03636363636,2,7,6,Stressed,TRUE,FALSE,FALSE
3346,2984,Arjun Saxena,25,12/08/2025,Female,Twitter,519,208,311,40.08%,1,2,6.4,8,0.01541425819,3,8,5,Stressed,TRUE,TRUE,TRUE
1095,2985,Arjun Saxena,31,14/08/2025,Female,Facebook,323,113,210,34.98%,0,1,7.4,28,0.0866873065,2,6,6,Stressed,TRUE,FALSE,FALSE
1402,2986,Arjun Saxena,34,22/09/2025,Male,Facebook,351,123,228,35.04%,1,1,7.2,25,0.07122507123,2,7,6,Stressed,TRUE,FALSE,FALSE
3763,2986,Arjun Saxena,35,01/07/2025,Male,YouTube,386,232,154,60.10%,1,3,7.1,21,0.05440414508,3,8,5,Stressed,TRUE,TRUE,TRUE
1751,2987,Arjun Saxena,41,28/10/2025,Male,Instagram,267,134,133,50.19%,1,2,7.7,33,0.1235955056,2,6,6,Stressed,TRUE,FALSE,FALSE
1058,2988,Arjun Saxena,61,22/03/2025,Female,Snapchat,204,112,92,54.90%,0,1,8,40,0.1960784314,2,6,6,Stressed,TRUE,FALSE,FALSE
1113,2989,Aarohi Saxena,20,03/02/2024,Female,WhatsApp,455,114,341,25.05%,0,1,6.7,14,0.03076923077,2,7,6,Stressed,FALSE,FALSE,FALSE
3261,2989,Aarohi Saxena,20,25/01/2024,Female,Twitter,511,204,307,39.92%,1,2,6.4,9,0.01761252446,3,8,5,Stressed,TRUE,TRUE,TRUE
3237,2990,Aarohi Saxena,24,01/08/2025,Male,Twitter,506,202,304,39.92%,1,2,6.5,9,0.01778656126,3,8,5,Stressed,TRUE,FALSE,FALSE
1677,2991,Aarohi Saxena,36,18/08/2025,Male,TikTok,201,131,70,65.17%,1,1,8,40,0.1990049751,2,6,6,Stressed,TRUE,FALSE,FALSE
1062,2992,Aarohi Saxena,50,25/01/2024,Male,TikTok,173,112,61,64.74%,1,1,8.1,43,0.2485549133,2,6,6,Stressed,TRUE,FALSE,FALSE
1339,2993,Aarohi Saxena,57,07/11/2025,Male,TikTok,186,121,65,65.05%,1,1,8.1,41,0.2204301075,2,6,6,Stressed,TRUE,FALSE,FALSE
2697,2994,Suhani Naidu,23,28/02/2025,Female,Twitter,446,178,268,39.91%,1,2,6.8,15,0.033632287,3,8,5,Stressed,FALSE,FALSE,FALSE
2257,2994,Suhani Naidu,23,31/05/2024,Female,Facebook,451,158,293,35.03%,1,1,6.7,15,0.0332594235,2,7,6,Stressed,TRUE,TRUE,TRUE
3173,2995,Suhani Naidu,26,30/07/2024,Female,YouTube,332,199,133,59.94%,1,3,7.3,27,0.0813253012,3,7,6,Stressed,TRUE,FALSE,FALSE
3785,2996,Suhani Naidu,28,14/04/2025,Female,YouTube,388,233,155,60.05%,1,3,7.1,21,0.05412371134,3,8,5,Stressed,TRUE,FALSE,FALSE
3402,2996,Suhani Naidu,29,29/06/2024,Male,Snapchat,385,212,173,55.06%,1,2,7.1,22,0.05714285714,3,7,6,Stressed,TRUE,TRUE,TRUE
3599,2997,Suhani Naidu,35,21/03/2025,Female,YouTube,373,224,149,60.05%,1,3,7.1,23,0.06166219839,3,7,6,Stressed,TRUE,FALSE,FALSE
1066,2998,Suhani Naidu,44,14/05/2024,Male,Instagram,223,112,111,50.22%,0,1,7.9,38,0.1704035874,2,6,6,Stressed,TRUE,FALSE,FALSE
2791,2999,Aditi Menon,20,11/03/2024,Male,Facebook,516,181,335,35.08%,1,2,6.4,8,0.01550387597,3,8,5,Stressed,FALSE,FALSE,FALSE
4728,2999,Aditi Menon,21,18/02/2025,Female,YouTube,495,297,198,60.00%,1,4,6.5,10,0.0202020202,3,8,5,Stressed,TRUE,TRUE,TRUE
1441,3000,Aditi Menon,23,09/07/2024,Male,WhatsApp,498,124,374,24.90%,1,1,6.5,10,0.02008032129,2,7,6,Stressed,TRUE,FALSE,FALSE
1068,3000,Aditi Menon,24,09/09/2025,Male,WhatsApp,448,112,336,25.00%,0,1,6.8,15,0.03348214286,2,7,6,Stressed,TRUE,TRUE,TRUE
2900,3000,Aditi Menon,25,04/02/2024,Male,Twitter,466,186,280,39.91%,1,2,6.7,13,0.02789699571,3,8,5,Stressed,TRUE,TRUE,TRUE
1713,3000,Aditi Menon,26,21/10/2025,Male,Facebook,378,132,246,34.92%,1,1,7.1,22,0.0582010582,2,7,6,Stressed,TRUE,TRUE,TRUE
3344,3001,Aditi Menon,33,11/10/2024,Female,YouTube,347,208,139,59.94%,1,3,7.3,25,0.07204610951,3,7,6,Stressed,TRUE,FALSE,FALSE
1084,3001,Aditi Menon,34,21/11/2024,Female,Facebook,324,113,211,34.88%,0,1,7.4,28,0.08641975309,2,6,6,Stressed,TRUE,TRUE,TRUE
3275,3002,Anika Reddy,19,11/06/2025,Female,Twitter,511,204,307,39.92%,1,2,6.4,9,0.01761252446,3,8,5,Stressed,FALSE,FALSE,FALSE
1109,3003,Anika Reddy,29,29/02/2024,Female,Facebook,325,114,211,35.08%,0,1,7.4,28,0.08615384615,2,6,6,Stressed,TRUE,FALSE,FALSE
2432,3003,Anika Reddy,29,11/11/2024,Female,Instagram,331,166,165,50.15%,1,2,7.3,27,0.08157099698,3,7,6,Stressed,TRUE,TRUE,TRUE
2497,3004,Anika Reddy,31,15/07/2025,Male,Instagram,339,170,169,50.15%,1,2,7.3,26,0.07669616519,3,7,6,Stressed,TRUE,FALSE,FALSE
1372,3004,Anika Reddy,32,13/12/2024,Male,Facebook,350,122,228,34.86%,1,1,7.2,25,0.07142857143,2,7,6,Stressed,TRUE,TRUE,TRUE
1968,3005,Anika Reddy,37,18/02/2024,Male,Snapchat,260,143,117,55.00%,1,1,7.7,34,0.1307692308,2,6,6,Stressed,TRUE,FALSE,FALSE
1069,3006,Anika Reddy,39,04/01/2024,Male,Twitter,280,112,168,40.00%,1,1,7.6,32,0.1142857143,2,7,6,Stressed,TRUE,FALSE,FALSE
2783,3007,Navya Chauhan,13,11/08/2024,Male,Twitter,453,181,272,39.96%,1,2,6.7,15,0.03311258278,3,8,5,Stressed,FALSE,FALSE,FALSE
3643,3008,Navya Chauhan,15,20/08/2025,Other,Snapchat,411,226,185,54.99%,1,2,6.9,19,0.04622871046,3,8,5,Stressed,TRUE,FALSE,FALSE
3400,3009,Navya Chauhan,17,06/06/2025,Female,Instagram,423,212,211,50.12%,1,3,6.9,18,0.04255319149,3,8,5,Stressed,TRUE,FALSE,FALSE
2292,3009,Navya Chauhan,18,24/02/2025,Male,Facebook,454,159,295,35.02%,1,1,6.7,15,0.03303964758,2,7,6,Stressed,TRUE,TRUE,TRUE
2714,3009,Navya Chauhan,19,02/08/2024,Male,Facebook,511,179,332,35.03%,1,2,6.4,9,0.01761252446,3,8,5,Stressed,TRUE,TRUE,TRUE
3321,3009,Navya Chauhan,19,21/09/2025,Male,Twitter,518,207,311,39.96%,1,2,6.4,8,0.01544401544,3,8,5,Stressed,TRUE,TRUE,TRUE
1288,3010,Navya Chauhan,21,02/09/2025,Male,WhatsApp,476,119,357,25.00%,0,1,6.6,12,0.02521008403,2,7,6,Stressed,TRUE,FALSE,FALSE
3683,3010,Navya Chauhan,22,29/07/2024,Female,Instagram,455,228,227,50.11%,1,3,6.7,14,0.03076923077,3,8,5,Stressed,TRUE,TRUE,TRUE
4358,3010,Navya Chauhan,23,20/01/2024,Female,YouTube,445,267,178,60.00%,1,4,6.8,16,0.03595505618,3,8,5,Stressed,TRUE,TRUE,TRUE
3306,3010,Navya Chauhan,24,20/10/2025,Male,Twitter,516,206,310,39.92%,1,2,6.4,8,0.01550387597,3,8,5,Stressed,TRUE,TRUE,TRUE
3460,3011,Navya Chauhan,31,15/05/2024,Male,Snapchat,391,215,176,54.99%,1,2,7,21,0.0537084399,3,8,5,Stressed,TRUE,FALSE,FALSE
1073,3011,Navya Chauhan,32,12/12/2024,Male,Facebook,321,112,209,34.89%,0,1,7.4,28,0.08722741433,2,6,6,Stressed,TRUE,TRUE,TRUE
1911,3011,Navya Chauhan,32,20/05/2024,Female,Facebook,399,140,259,35.09%,1,1,7,20,0.05012531328,2,7,6,Stressed,TRUE,TRUE,TRUE
1697,3012,Navya Chauhan,40,02/08/2024,Male,Instagram,262,131,131,50.00%,1,2,7.7,34,0.1297709924,2,6,6,Stressed,TRUE,FALSE,FALSE
3532,3013,Aditya Roy,21,23/02/2024,Female,Instagram,441,220,221,49.89%,1,3,6.8,16,0.03628117914,3,8,5,Stressed,FALSE,FALSE,FALSE
3879,3014,Aditya Roy,23,26/08/2025,Female,Instagram,476,238,238,50.00%,1,3,6.6,12,0.02521008403,3,8,5,Stressed,TRUE,FALSE,FALSE
1076,3015,Aditya Roy,27,04/02/2025,Female,Facebook,322,113,209,35.09%,0,1,7.4,28,0.08695652174,2,6,6,Stressed,TRUE,FALSE,FALSE
3426,3016,Aditya Roy,35,29/04/2025,Male,YouTube,355,213,142,60.00%,1,3,7.2,24,0.0676056338,3,7,6,Stressed,TRUE,FALSE,FALSE
1992,3017,Aditya Roy,40,16/09/2025,Male,YouTube,241,145,96,60.17%,1,2,7.8,36,0.1493775934,2,6,6,Stressed,TRUE,FALSE,FALSE
2433,3018,Ananya Deshmukh,15,09/04/2025,Female,Twitter,414,166,248,40.10%,1,1,6.9,19,0.04589371981,3,8,5,Stressed,FALSE,FALSE,FALSE
3048,3018,Ananya Deshmukh,16,26/04/2025,Female,Instagram,389,194,195,49.87%,1,3,7.1,21,0.05398457584,3,8,5,Stressed,TRUE,TRUE,TRUE
4735,3019,Ananya Deshmukh,20,23/05/2024,Male,TikTok,459,298,161,64.92%,2,3,6.7,14,0.03050108932,4,9,4,Stressed,TRUE,FALSE,FALSE
4519,3020,Ananya Deshmukh,22,12/07/2024,Female,YouTube,467,280,187,59.96%,1,4,6.7,13,0.0278372591,3,8,5,Stressed,TRUE,FALSE,FALSE
3734,3021,Ananya Deshmukh,24,06/12/2024,Male,Instagram,460,230,230,50.00%,1,3,6.7,14,0.03043478261,3,8,5,Stressed,TRUE,FALSE,FALSE
2380,3021,Ananya Deshmukh,24,11/11/2024,Male,Facebook,466,163,303,34.98%,1,1,6.7,13,0.02789699571,3,8,5,Stressed,TRUE,TRUE,TRUE
3939,3022,Ananya Deshmukh,32,23/09/2024,Other,TikTok,372,242,130,65.05%,2,2,7.1,23,0.06182795699,4,8,5,Stressed,TRUE,FALSE,FALSE
3422,3023,Ananya Deshmukh,34,13/03/2024,Male,YouTube,355,213,142,60.00%,1,3,7.2,24,0.0676056338,3,7,6,Stressed,TRUE,FALSE,FALSE
3624,3023,Ananya Deshmukh,35,19/11/2024,Female,YouTube,375,225,150,60.00%,1,3,7.1,22,0.05866666667,3,7,6,Stressed,TRUE,TRUE,TRUE
1078,3024,Ananya Deshmukh,44,27/01/2024,Female,Snapchat,205,113,92,55.12%,0,1,8,40,0.1951219512,2,6,6,Stressed,TRUE,FALSE,FALSE
2349,3025,Vivaan Naidu,21,26/06/2025,Male,Facebook,460,161,299,35.00%,1,1,6.7,14,0.03043478261,2,7,6,Stressed,FALSE,FALSE,FALSE
4936,3026,Vivaan Naidu,23,11/07/2024,Male,TikTok,500,325,175,65.00%,2,3,6.5,10,0.02,4,9,4,Stressed,TRUE,FALSE,FALSE
3854,3027,Vivaan Naidu,30,30/10/2025,Male,TikTok,365,237,128,64.93%,2,2,7.2,24,0.06575342466,4,8,5,Stressed,TRUE,FALSE,FALSE
3028,3027,Vivaan Naidu,31,10/02/2024,Male,Snapchat,350,193,157,55.14%,1,2,7.2,25,0.07142857143,3,7,6,Stressed,TRUE,TRUE,TRUE
1082,3028,Vivaan Naidu,34,29/09/2025,Female,Facebook,323,113,210,34.98%,0,1,7.4,28,0.0866873065,2,6,6,Stressed,TRUE,FALSE,FALSE
1796,3029,Vivaan Naidu,36,18/02/2024,Female,TikTok,207,135,72,65.22%,1,1,8,39,0.1884057971,2,6,6,Stressed,TRUE,FALSE,FALSE
1657,3030,Vivaan Naidu,40,28/12/2024,Male,Snapchat,236,130,106,55.08%,1,1,7.8,36,0.1525423729,2,6,6,Stressed,TRUE,FALSE,FALSE
1484,3031,Vivaan Naidu,43,25/01/2025,Male,Snapchat,228,125,103,54.82%,1,1,7.9,37,0.1622807018,2,6,6,Stressed,TRUE,FALSE,FALSE
1085,3032,Vihaan Menon,13,29/07/2025,Female,WhatsApp,452,113,339,25.00%,0,1,6.7,15,0.03318584071,2,7,6,Stressed,FALSE,FALSE,FALSE
2531,3033,Vihaan Menon,27,01/03/2024,Male,Instagram,345,172,173,49.86%,1,2,7.3,26,0.07536231884,3,7,6,Stressed,TRUE,FALSE,FALSE
1191,3034,Vihaan Menon,30,15/01/2024,Male,Facebook,331,116,215,35.05%,0,1,7.3,27,0.08157099698,2,6,6,Stressed,TRUE,FALSE,FALSE
2409,3035,Vihaan Menon,36,09/04/2024,Female,TikTok,254,165,89,64.96%,1,1,7.7,35,0.1377952756,3,7,5,Stressed,TRUE,FALSE,FALSE
4136,3036,Ishaan Saxena,16,02/05/2025,Female,YouTube,421,253,168,60.10%,1,3,6.9,18,0.04275534442,3,8,5,Stressed,FALSE,FALSE,FALSE
1087,3037,Ishaan Saxena,25,10/04/2024,Female,WhatsApp,452,113,339,25.00%,0,1,6.7,15,0.03318584071,2,7,6,Stressed,TRUE,FALSE,FALSE
1384,3038,Ishaan Saxena,35,05/09/2025,Female,Facebook,349,122,227,34.96%,1,1,7.3,25,0.07163323782,2,7,6,Stressed,TRUE,FALSE,FALSE
3412,3038,Ishaan Saxena,35,20/11/2024,Female,Snapchat,386,212,174,54.92%,1,2,7.1,21,0.05440414508,3,8,5,Stressed,TRUE,TRUE,TRUE
1178,3039,Isha Shetty,20,06/01/2024,Male,WhatsApp,463,116,347,25.05%,0,1,6.7,14,0.03023758099,2,7,6,Stressed,FALSE,FALSE,FALSE
2576,3040,Isha Shetty,24,03/02/2025,Female,Facebook,494,173,321,35.02%,1,2,6.5,11,0.02226720648,3,8,5,Stressed,TRUE,FALSE,FALSE
2544,3041,Isha Shetty,29,15/04/2024,Female,Instagram,345,172,173,49.86%,1,2,7.3,26,0.07536231884,3,7,6,Stressed,TRUE,FALSE,FALSE
1089,3042,Isha Shetty,34,06/05/2025,Other,Facebook,322,113,209,35.09%,0,1,7.4,28,0.08695652174,2,6,6,Stressed,TRUE,FALSE,FALSE
2994,3043,Riya Verma,13,10/05/2024,Female,Instagram,385,192,193,49.87%,1,3,7.1,22,0.05714285714,3,7,6,Stressed,FALSE,FALSE,FALSE
4256,3044,Riya Verma,17,09/10/2024,Female,YouTube,430,258,172,60.00%,1,3,6.8,17,0.03953488372,3,8,5,Stressed,TRUE,FALSE,FALSE
1090,3045,Riya Verma,55,21/08/2024,Male,Snapchat,206,113,93,54.85%,0,1,8,39,0.1893203883,2,6,6,Stressed,TRUE,FALSE,FALSE
1092,3046,Shaurya Chauhan,19,02/01/2024,Male,WhatsApp,451,113,338,25.06%,0,1,6.7,15,0.0332594235,2,7,6,Stressed,FALSE,FALSE,FALSE
2430,3047,Shaurya Chauhan,27,12/04/2024,Female,Instagram,333,166,167,49.85%,1,2,7.3,27,0.08108108108,3,7,6,Stressed,TRUE,FALSE,FALSE
2786,3048,Shaurya Chauhan,45,08/09/2024,Female,TikTok,279,181,98,64.87%,1,2,7.6,32,0.1146953405,3,7,6,Stressed,TRUE,FALSE,FALSE
1443,3049,Arjun Mishra,20,23/05/2024,Male,WhatsApp,498,124,374,24.90%,1,1,6.5,10,0.02008032129,2,7,6,Stressed,FALSE,FALSE,FALSE
3620,3049,Arjun Mishra,21,18/04/2025,Male,Instagram,448,224,224,50.00%,1,3,6.8,15,0.03348214286,3,8,5,Stressed,TRUE,TRUE,TRUE
1093,3050,Arjun Mishra,29,12/02/2024,Female,Facebook,323,113,210,34.98%,0,1,7.4,28,0.0866873065,2,6,6,Stressed,TRUE,FALSE,FALSE
3937,3050,Arjun Mishra,30,16/08/2024,Female,TikTok,373,242,131,64.88%,2,2,7.1,23,0.06166219839,4,8,5,Stressed,TRUE,TRUE,TRUE
2096,3051,Arjun Mishra,34,24/03/2024,Female,Twitter,381,152,229,39.90%,1,1,7.1,22,0.05774278215,2,7,6,Stressed,TRUE,FALSE,FALSE
2105,3052,Aadhya Rathod,15,13/11/2025,Male,Facebook,435,152,283,34.94%,1,1,6.8,16,0.0367816092,2,7,6,Stressed,FALSE,FALSE,FALSE
3940,3053,Aadhya Rathod,18,10/12/2024,Male,YouTube,403,242,161,60.05%,1,3,7,20,0.04962779156,3,8,5,Stressed,TRUE,FALSE,FALSE
1584,3053,Aadhya Rathod,19,27/08/2025,Female,WhatsApp,510,128,382,25.10%,1,1,6.4,9,0.01764705882,2,7,6,Stressed,TRUE,TRUE,TRUE
4342,3053,Aadhya Rathod,20,27/02/2024,Male,YouTube,444,266,178,59.91%,1,4,6.8,16,0.03603603604,3,8,5,Stressed,TRUE,TRUE,TRUE
3857,3054,Aadhya Rathod,29,13/09/2025,Male,TikTok,365,237,128,64.93%,2,2,7.2,24,0.06575342466,4,8,5,Stressed,TRUE,FALSE,FALSE
1098,3055,Aadhya Rathod,65,28/09/2025,Male,Snapchat,205,113,92,55.12%,0,1,8,40,0.1951219512,2,6,6,Stressed,TRUE,FALSE,FALSE
1790,3056,Meera Deshmukh,14,22/04/2024,Female,Facebook,386,135,251,34.97%,1,1,7.1,21,0.05440414508,2,7,6,Stressed,FALSE,FALSE,FALSE
1650,3057,Meera Deshmukh,20,06/11/2025,Male,WhatsApp,519,130,389,25.05%,1,1,6.4,8,0.01541425819,2,7,6,Stressed,TRUE,FALSE,FALSE
4725,3057,Meera Deshmukh,21,05/12/2024,Male,TikTok,455,296,159,65.05%,2,3,6.7,14,0.03076923077,4,9,4,Stressed,TRUE,TRUE,TRUE
1647,3057,Meera Deshmukh,21,22/06/2024,Female,WhatsApp,519,130,389,25.05%,1,1,6.4,8,0.01541425819,2,7,6,Stressed,TRUE,TRUE,TRUE
2708,3057,Meera Deshmukh,22,19/06/2025,Female,Facebook,511,179,332,35.03%,1,2,6.4,9,0.01761252446,3,8,5,Stressed,TRUE,TRUE,TRUE
1152,3058,Meera Deshmukh,24,04/09/2024,Female,WhatsApp,459,115,344,25.05%,0,1,6.7,14,0.03050108932,2,7,6,Stressed,TRUE,FALSE,FALSE
1846,3059,Meera Deshmukh,28,28/08/2025,Female,Twitter,343,137,206,39.94%,1,1,7.3,26,0.07580174927,2,7,6,Stressed,TRUE,FALSE,FALSE
1099,3060,Meera Deshmukh,37,27/07/2024,Female,Snapchat,205,113,92,55.12%,0,1,8,40,0.1951219512,2,6,6,Stressed,TRUE,FALSE,FALSE
2267,3061,Kavya Choudhary,17,11/05/2025,Male,Twitter,395,158,237,40.00%,1,1,7,20,0.05063291139,2,7,6,Stressed,FALSE,FALSE,FALSE
4677,3062,Kavya Choudhary,21,19/01/2025,Male,TikTok,449,292,157,65.03%,2,3,6.8,15,0.03340757238,4,9,4,Stressed,TRUE,FALSE,FALSE
4567,3063,Kavya Choudhary,24,21/01/2025,Female,YouTube,474,284,190,59.92%,1,4,6.6,13,0.02742616034,3,8,5,Stressed,TRUE,FALSE,FALSE
1817,3064,Kavya Choudhary,30,11/02/2024,Female,Twitter,341,136,205,39.88%,1,1,7.3,26,0.07624633431,2,7,6,Stressed,TRUE,FALSE,FALSE
1100,3065,Kavya Choudhary,61,14/05/2025,Female,Snapchat,205,113,92,55.12%,0,1,8,40,0.1951219512,2,6,6,Stressed,TRUE,FALSE,FALSE
3027,3066,Vihaan Rathod,26,27/12/2024,Male,YouTube,322,193,129,59.94%,1,3,7.4,28,0.08695652174,3,7,6,Stressed,FALSE,FALSE,FALSE
1102,3066,Vihaan Rathod,26,06/10/2025,Female,Facebook,324,113,211,34.88%,0,1,7.4,28,0.08641975309,2,6,6,Stressed,TRUE,TRUE,TRUE
2888,3067,Vihaan Rathod,29,14/06/2024,Male,Instagram,370,185,185,50.00%,1,2,7.2,23,0.06216216216,3,7,6,Stressed,TRUE,FALSE,FALSE
2149,3068,Vihaan Rathod,32,09/06/2024,Female,Twitter,385,154,231,40.00%,1,1,7.1,22,0.05714285714,2,7,6,Stressed,TRUE,FALSE,FALSE
1994,3069,Vihaan Rathod,36,28/04/2024,Female,Snapchat,263,145,118,55.13%,1,1,7.7,34,0.1292775665,2,6,6,Stressed,TRUE,FALSE,FALSE
2672,3070,Vihaan Rathod,45,07/03/2024,Female,TikTok,273,177,96,64.84%,1,2,7.6,33,0.1208791209,3,7,6,Stressed,TRUE,FALSE,FALSE
1979,3071,Avni Banerjee,16,21/06/2024,Male,Facebook,411,144,267,35.04%,1,1,6.9,19,0.04622871046,2,7,6,Stressed,FALSE,FALSE,FALSE
2608,3072,Avni Banerjee,20,30/09/2025,Male,Facebook,501,175,326,34.93%,1,2,6.5,10,0.01996007984,3,8,5,Stressed,TRUE,FALSE,FALSE
2725,3072,Avni Banerjee,21,01/02/2024,Female,Facebook,511,179,332,35.03%,1,2,6.4,9,0.01761252446,3,8,5,Stressed,TRUE,TRUE,TRUE
2323,3073,Avni Banerjee,24,09/12/2024,Female,Facebook,458,160,298,34.93%,1,1,6.7,14,0.03056768559,2,7,6,Stressed,TRUE,FALSE,FALSE
3135,3074,Avni Banerjee,33,30/12/2024,Female,Instagram,395,198,197,50.13%,1,3,7,20,0.05063291139,3,8,5,Stressed,TRUE,FALSE,FALSE
1105,3075,Avni Banerjee,42,22/01/2024,Male,Instagram,226,113,113,50.00%,0,2,7.9,37,0.1637168142,2,6,6,Stressed,TRUE,FALSE,FALSE
2052,3075,Avni Banerjee,43,23/01/2025,Male,TikTok,227,148,79,65.20%,1,1,7.9,37,0.1629955947,2,6,6,Stressed,TRUE,TRUE,TRUE
2122,3076,Riya Naidu,13,13/01/2025,Male,Facebook,437,153,284,35.01%,1,1,6.8,16,0.03661327231,2,7,6,Stressed,FALSE,FALSE,FALSE
2857,3077,Riya Naidu,15,13/11/2024,Male,Twitter,459,184,275,40.09%,1,2,6.7,14,0.03050108932,3,8,5,Stressed,TRUE,FALSE,FALSE
4082,3078,Riya Naidu,18,07/11/2025,Male,YouTube,416,250,166,60.10%,1,3,6.9,18,0.04326923077,3,8,5,Stressed,TRUE,FALSE,FALSE
3995,3078,Riya Naidu,19,27/04/2024,Female,Snapchat,445,245,200,55.06%,1,2,6.8,16,0.03595505618,3,8,5,Stressed,TRUE,TRUE,TRUE
2483,3079,Riya Naidu,21,17/06/2024,Male,Facebook,482,169,313,35.06%,1,2,6.6,12,0.02489626556,3,8,5,Stressed,TRUE,FALSE,FALSE
4966,3080,Riya Naidu,25,06/01/2025,Female,TikTok,511,332,179,64.97%,2,3,6.4,9,0.01761252446,4,9,4,Stressed,TRUE,FALSE,FALSE
1108,3081,Riya Naidu,29,30/01/2025,Male,Facebook,327,114,213,34.86%,0,1,7.4,27,0.08256880734,2,6,6,Stressed,TRUE,FALSE,FALSE
1321,3082,Riya Naidu,52,18/10/2025,Female,Snapchat,219,120,99,54.79%,0,1,7.9,38,0.1735159817,2,6,6,Stressed,TRUE,FALSE,FALSE
2082,3083,Sonal Ghosh,13,03/10/2024,Female,Facebook,430,150,280,34.88%,1,1,6.8,17,0.03953488372,2,7,6,Stressed,FALSE,FALSE,FALSE
3144,3084,Sonal Ghosh,19,14/03/2024,Male,Twitter,494,198,296,40.08%,1,2,6.5,11,0.02226720648,3,8,5,Stressed,TRUE,FALSE,FALSE
4824,3085,Sonal Ghosh,21,20/07/2025,Male,TikTok,472,307,165,65.04%,2,3,6.6,13,0.02754237288,4,9,4,Stressed,TRUE,FALSE,FALSE
1110,3086,Sonal Ghosh,23,03/11/2024,Female,WhatsApp,455,114,341,25.05%,0,1,6.7,14,0.03076923077,2,7,6,Stressed,TRUE,FALSE,FALSE
3189,3087,Sonal Ghosh,34,16/04/2025,Female,Snapchat,364,200,164,54.95%,1,2,7.2,24,0.06593406593,3,7,6,Stressed,TRUE,FALSE,FALSE
1878,3088,Sonal Ghosh,42,06/07/2025,Female,TikTok,213,138,75,64.79%,1,1,7.9,39,0.1830985915,2,6,6,Stressed,TRUE,FALSE,FALSE
1112,3089,Payal Verma,18,28/09/2025,Male,WhatsApp,454,114,340,25.11%,0,1,6.7,15,0.03303964758,2,7,6,Stressed,FALSE,FALSE,FALSE
4294,3089,Payal Verma,19,06/08/2025,Male,Snapchat,475,261,214,54.95%,1,2,6.6,12,0.02526315789,3,8,5,Stressed,TRUE,TRUE,TRUE
3031,3090,Payal Verma,25,19/03/2025,Male,Twitter,483,193,290,39.96%,1,2,6.6,12,0.0248447205,3,8,5,Stressed,TRUE,FALSE,FALSE
3286,3091,Payal Verma,30,11/04/2025,Male,YouTube,341,205,136,60.12%,1,3,7.3,26,0.07624633431,3,7,6,Stressed,TRUE,FALSE,FALSE
1115,3092,Saanvi Yadav,20,20/08/2024,Male,WhatsApp,457,114,343,24.95%,0,1,6.7,14,0.0306345733,2,7,6,Stressed,FALSE,FALSE,FALSE
2133,3093,Saanvi Yadav,35,24/08/2025,Female,Twitter,383,153,230,39.95%,1,1,7.1,22,0.05744125326,2,7,6,Stressed,TRUE,FALSE,FALSE
1837,3094,Saanvi Yadav,45,10/07/2024,Female,Snapchat,249,137,112,55.02%,1,1,7.8,35,0.140562249,2,6,6,Stressed,TRUE,FALSE,FALSE
1209,3095,Saanvi Yadav,61,06/05/2024,Female,Snapchat,210,116,94,55.24%,0,1,8,39,0.1857142857,2,6,6,Stressed,TRUE,FALSE,FALSE
1117,3096,Vihaan Mishra,15,14/05/2025,Male,WhatsApp,454,114,340,25.11%,0,1,6.7,15,0.03303964758,2,7,6,Stressed,FALSE,FALSE,FALSE
2407,3097,Vihaan Mishra,18,20/01/2025,Male,Twitter,410,164,246,40.00%,1,1,7,19,0.04634146341,3,8,5,Stressed,TRUE,FALSE,FALSE
2990,3098,Vihaan Mishra,23,03/03/2024,Female,Twitter,481,192,289,39.92%,1,2,6.6,12,0.02494802495,3,8,5,Stressed,TRUE,FALSE,FALSE
3736,3099,Vihaan Mishra,32,06/03/2024,Male,YouTube,383,230,153,60.05%,1,3,7.1,22,0.05744125326,3,7,6,Stressed,TRUE,FALSE,FALSE
3586,3100,Vihaan Mishra,35,09/05/2024,Female,TikTok,343,223,120,65.01%,1,2,7.3,26,0.07580174927,3,7,6,Stressed,TRUE,FALSE,FALSE
1119,3101,Payal Khan,25,12/03/2024,Female,WhatsApp,454,114,340,25.11%,0,1,6.7,15,0.03303964758,2,7,6,Stressed,FALSE,FALSE,FALSE
2890,3101,Payal Khan,25,05/12/2024,Male,Twitter,464,186,278,40.09%,1,2,6.7,14,0.03017241379,3,8,5,Stressed,TRUE,TRUE,TRUE
3938,3101,Payal Khan,25,29/07/2024,Male,Instagram,484,242,242,50.00%,1,3,6.6,12,0.02479338843,3,8,5,Stressed,TRUE,TRUE,TRUE
3100,3102,Payal Khan,29,06/07/2024,Female,Snapchat,357,196,161,54.90%,1,2,7.2,24,0.06722689076,3,7,6,Stressed,TRUE,FALSE,FALSE
1242,3103,Payal Khan,32,18/04/2024,Male,Facebook,337,118,219,35.01%,0,1,7.3,26,0.07715133531,2,6,6,Stressed,TRUE,FALSE,FALSE
2008,3104,Aarohi Naidu,13,09/05/2025,Male,Facebook,417,146,271,35.01%,1,1,6.9,18,0.04316546763,2,7,6,Stressed,FALSE,FALSE,FALSE
3510,3105,Aarohi Naidu,16,31/07/2025,Female,Snapchat,397,218,179,54.91%,1,2,7,20,0.05037783375,3,8,5,Stressed,TRUE,FALSE,FALSE
3574,3106,Aarohi Naidu,21,10/11/2025,Female,Instagram,445,222,223,49.89%,1,3,6.8,16,0.03595505618,3,8,5,Stressed,TRUE,FALSE,FALSE
1123,3107,Aarohi Naidu,24,28/05/2024,Female,WhatsApp,458,114,344,24.89%,0,1,6.7,14,0.03056768559,2,7,6,Stressed,TRUE,FALSE,FALSE
2926,3108,Aarohi Naidu,33,10/11/2025,Male,Instagram,377,188,189,49.87%,1,3,7.1,22,0.05835543767,3,7,6,Stressed,TRUE,FALSE,FALSE
2175,3109,Diya Shinde,28,18/08/2025,Male,Twitter,388,155,233,39.95%,1,1,7.1,21,0.05412371134,2,7,6,Stressed,FALSE,FALSE,FALSE
3392,3110,Diya Shinde,31,06/09/2024,Female,YouTube,354,212,142,59.89%,1,3,7.2,25,0.07062146893,3,7,6,Stressed,TRUE,FALSE,FALSE
1128,3111,Diya Shinde,35,07/03/2024,Female,Facebook,326,114,212,34.97%,0,1,7.4,27,0.08282208589,2,6,6,Stressed,TRUE,FALSE,FALSE
3256,3111,Diya Shinde,35,10/03/2024,Male,Snapchat,371,204,167,54.99%,1,2,7.1,23,0.06199460916,3,7,6,Stressed,TRUE,TRUE,TRUE
4248,3111,Diya Shinde,35,25/05/2025,Male,TikTok,397,258,139,64.99%,2,2,7,20,0.05037783375,4,9,4,Stressed,TRUE,TRUE,TRUE
2985,3112,Vihaan Chauhan,13,09/02/2024,Male,Instagram,385,192,193,49.87%,1,3,7.1,22,0.05714285714,3,7,6,Stressed,FALSE,FALSE,FALSE
3903,3113,Vihaan Chauhan,25,27/10/2025,Male,Instagram,478,239,239,50.00%,1,3,6.6,12,0.02510460251,3,8,5,Stressed,TRUE,FALSE,FALSE
1129,3114,Vihaan Chauhan,30,29/08/2024,Female,Facebook,325,114,211,35.08%,0,1,7.4,28,0.08615384615,2,6,6,Stressed,TRUE,FALSE,FALSE
3584,3114,Vihaan Chauhan,30,11/07/2025,Female,YouTube,370,222,148,60.00%,1,3,7.2,23,0.06216216216,3,7,6,Stressed,TRUE,TRUE,TRUE
3704,3114,Vihaan Chauhan,31,29/11/2024,Female,YouTube,382,229,153,59.95%,1,3,7.1,22,0.05759162304,3,7,6,Stressed,TRUE,TRUE,TRUE
1745,3115,Vihaan Chauhan,40,10/10/2025,Female,YouTube,221,133,88,60.18%,1,2,7.9,38,0.1719457014,2,6,6,Stressed,TRUE,FALSE,FALSE
4226,3116,Ishaan Roy,15,09/02/2024,Female,YouTube,428,257,171,60.05%,1,3,6.9,17,0.03971962617,3,8,5,Stressed,FALSE,FALSE,FALSE
1130,3117,Ishaan Roy,18,12/11/2024,Male,WhatsApp,454,114,340,25.11%,0,1,6.7,15,0.03303964758,2,7,6,Stressed,TRUE,FALSE,FALSE
4495,3117,Ishaan Roy,19,18/06/2024,Female,YouTube,464,278,186,59.91%,1,4,6.7,14,0.03017241379,3,8,5,Stressed,TRUE,TRUE,TRUE
3495,3118,Ishaan Roy,28,29/05/2025,Male,TikTok,334,217,117,64.97%,1,2,7.3,27,0.08083832335,3,7,6,Stressed,TRUE,FALSE,FALSE
1710,3119,Ishaan Roy,30,28/11/2024,Female,Facebook,377,132,245,35.01%,1,1,7.1,22,0.05835543767,2,7,6,Stressed,TRUE,FALSE,FALSE
1633,3120,Ishaan Roy,33,09/02/2024,Other,Facebook,369,129,240,34.96%,1,1,7.2,23,0.06233062331,2,7,6,Stressed,TRUE,FALSE,FALSE
1629,3121,Ishaan Roy,45,23/08/2024,Male,YouTube,215,129,86,60.00%,1,2,7.9,38,0.176744186,2,6,6,Stressed,TRUE,FALSE,FALSE
2532,3122,Ananya Kulkarni,25,20/05/2024,Male,Facebook,490,172,318,35.10%,1,2,6.6,11,0.02244897959,3,8,5,Stressed,FALSE,FALSE,FALSE
2732,3123,Ananya Kulkarni,29,19/02/2024,Other,Snapchat,328,180,148,54.88%,1,2,7.4,27,0.08231707317,3,7,6,Stressed,TRUE,FALSE,FALSE
4212,3123,Ananya Kulkarni,30,16/03/2025,Female,TikTok,394,256,138,64.97%,2,2,7,21,0.05329949239,4,8,5,Stressed,TRUE,TRUE,TRUE
2621,3124,Ananya Kulkarni,35,24/05/2024,Female,Instagram,350,175,175,50.00%,1,2,7.2,25,0.07142857143,3,7,6,Stressed,TRUE,FALSE,FALSE
1133,3125,Ananya Kulkarni,39,21/05/2025,Male,Snapchat,208,114,94,54.81%,0,1,8,39,0.1875,2,6,6,Stressed,TRUE,FALSE,FALSE
4275,3126,Vivaan Chauhan,19,20/01/2024,Male,Snapchat,473,260,213,54.97%,1,2,6.6,13,0.02748414376,3,8,5,Stressed,FALSE,FALSE,FALSE
4618,3126,Vivaan Chauhan,20,16/02/2025,Female,TikTok,441,287,154,65.08%,2,3,6.8,16,0.03628117914,4,9,4,Stressed,TRUE,TRUE,TRUE
2859,3126,Vivaan Chauhan,20,19/12/2024,Male,Twitter,460,184,276,40.00%,1,2,6.7,14,0.03043478261,3,8,5,Stressed,TRUE,TRUE,TRUE
1135,3126,Vivaan Chauhan,21,12/08/2025,Male,WhatsApp,456,114,342,25.00%,0,1,6.7,14,0.03070175439,2,7,6,Stressed,TRUE,TRUE,TRUE
1280,3127,Vivaan Chauhan,23,10/12/2024,Male,WhatsApp,477,119,358,24.95%,0,1,6.6,12,0.0251572327,2,7,6,Stressed,TRUE,FALSE,FALSE
3742,3127,Vivaan Chauhan,24,29/04/2024,Male,Instagram,461,230,231,49.89%,1,3,6.7,14,0.03036876356,3,8,5,Stressed,TRUE,TRUE,TRUE
4517,3127,Vivaan Chauhan,24,26/11/2024,Female,YouTube,467,280,187,59.96%,1,4,6.7,13,0.0278372591,3,8,5,Stressed,TRUE,TRUE,TRUE
1435,3128,Vivaan Chauhan,31,22/10/2024,Female,Facebook,355,124,231,34.93%,1,1,7.2,24,0.0676056338,2,7,6,Stressed,TRUE,FALSE,FALSE
3852,3128,Vivaan Chauhan,32,21/10/2024,Male,TikTok,364,237,127,65.11%,2,2,7.2,24,0.06593406593,4,8,5,Stressed,TRUE,TRUE,TRUE
4367,3129,Pooja Naidu,19,07/09/2024,Male,Snapchat,485,267,218,55.05%,1,2,6.6,12,0.02474226804,3,8,5,Stressed,FALSE,FALSE,FALSE
1137,3130,Pooja Naidu,31,14/04/2025,Male,Facebook,325,114,211,35.08%,0,1,7.4,28,0.08615384615,2,6,6,Stressed,TRUE,FALSE,FALSE
1574,3131,Pooja Naidu,33,14/07/2024,Female,Twitter,320,128,192,40.00%,1,1,7.4,28,0.0875,2,7,6,Stressed,TRUE,FALSE,FALSE
3826,3132,Pooja Naidu,35,09/01/2024,Male,YouTube,393,236,157,60.05%,1,3,7,21,0.0534351145,3,8,5,Stressed,TRUE,FALSE,FALSE
3701,3133,Riya Deshmukh,14,28/02/2025,Male,Instagram,457,228,229,49.89%,1,3,6.7,14,0.0306345733,3,8,5,Stressed,FALSE,FALSE,FALSE
3447,3134,Riya Deshmukh,16,07/07/2025,Female,Instagram,427,214,213,50.12%,1,3,6.9,17,0.03981264637,3,8,5,Stressed,TRUE,FALSE,FALSE
1543,3135,Riya Deshmukh,23,03/08/2024,Female,WhatsApp,507,127,380,25.05%,1,1,6.5,9,0.01775147929,2,7,6,Stressed,TRUE,FALSE,FALSE
1138,3136,Riya Deshmukh,30,30/10/2025,Female,Facebook,327,114,213,34.86%,0,1,7.4,27,0.08256880734,2,6,6,Stressed,TRUE,FALSE,FALSE
3591,3137,Riya Deshmukh,33,11/06/2025,Male,YouTube,372,223,149,59.95%,1,3,7.1,23,0.06182795699,3,7,6,Stressed,TRUE,FALSE,FALSE
2378,3137,Riya Deshmukh,34,19/05/2025,Male,Instagram,326,163,163,50.00%,1,2,7.4,27,0.08282208589,3,7,6,Stressed,TRUE,TRUE,TRUE
2277,3137,Riya Deshmukh,34,12/09/2024,Female,Twitter,397,159,238,40.05%,1,1,7,20,0.05037783375,2,7,6,Stressed,TRUE,TRUE,TRUE
1302,3138,Neha Reddy,23,18/02/2025,Female,WhatsApp,480,120,360,25.00%,0,1,6.6,12,0.025,2,7,6,Stressed,FALSE,FALSE,FALSE
2529,3139,Neha Reddy,27,22/09/2025,Female,Instagram,342,171,171,50.00%,1,2,7.3,26,0.07602339181,3,7,6,Stressed,TRUE,FALSE,FALSE
1142,3140,Neha Reddy,30,08/08/2024,Other,Facebook,328,115,213,35.06%,0,1,7.4,27,0.08231707317,2,6,6,Stressed,TRUE,FALSE,FALSE
3678,3141,Neha Reddy,32,20/12/2024,Female,YouTube,379,227,152,59.89%,1,3,7.1,22,0.0580474934,3,7,6,Stressed,TRUE,FALSE,FALSE
3395,3141,Neha Reddy,33,28/08/2024,Male,YouTube,353,212,141,60.06%,1,3,7.2,25,0.07082152975,3,7,6,Stressed,TRUE,TRUE,TRUE
3493,3141,Neha Reddy,34,08/06/2024,Female,Snapchat,394,217,177,55.08%,1,2,7,21,0.05329949239,3,8,5,Stressed,TRUE,TRUE,TRUE
1144,3142,Vivaan Yadav,20,20/01/2024,Female,WhatsApp,459,115,344,25.05%,0,1,6.7,14,0.03050108932,2,7,6,Stressed,FALSE,FALSE,FALSE
1246,3143,Vivaan Yadav,36,14/01/2024,Female,Snapchat,215,118,97,54.88%,0,1,7.9,38,0.176744186,2,6,6,Stressed,TRUE,FALSE,FALSE
1862,3143,Vivaan Yadav,36,29/06/2024,Male,Instagram,275,138,137,50.18%,1,2,7.6,32,0.1163636364,2,7,6,Stressed,TRUE,TRUE,TRUE
3134,3144,Arjun Shinde,14,28/12/2024,Male,Instagram,397,198,199,49.87%,1,3,7,20,0.05037783375,3,8,5,Stressed,FALSE,FALSE,FALSE
3965,3145,Arjun Shinde,16,12/10/2025,Female,Snapchat,441,243,198,55.10%,1,2,6.8,16,0.03628117914,3,8,5,Stressed,TRUE,FALSE,FALSE
2240,3146,Arjun Shinde,19,22/09/2025,Female,Facebook,448,157,291,35.04%,1,1,6.8,15,0.03348214286,2,7,6,Stressed,TRUE,FALSE,FALSE
1154,3147,Arjun Shinde,21,29/04/2025,Male,WhatsApp,460,115,345,25.00%,0,1,6.7,14,0.03043478261,2,7,6,Stressed,TRUE,FALSE,FALSE
3737,3147,Arjun Shinde,21,14/06/2025,Male,Instagram,461,230,231,49.89%,1,3,6.7,14,0.03036876356,3,8,5,Stressed,TRUE,TRUE,TRUE
1229,3148,Arjun Shinde,28,01/08/2024,Female,Facebook,333,117,216,35.14%,0,1,7.3,27,0.08108108108,2,6,6,Stressed,TRUE,FALSE,FALSE
3555,3148,Arjun Shinde,29,28/02/2025,Female,TikTok,340,221,119,65.00%,1,2,7.3,26,0.07647058824,3,7,6,Stressed,TRUE,TRUE,TRUE
4333,3149,Avni Deshmukh,15,13/07/2024,Male,YouTube,442,265,177,59.95%,1,4,6.8,16,0.03619909502,3,8,5,Stressed,FALSE,FALSE,FALSE
4637,3150,Avni Deshmukh,21,23/03/2024,Female,YouTube,482,289,193,59.96%,1,4,6.6,12,0.02489626556,3,8,5,Stressed,TRUE,FALSE,FALSE
1158,3151,Avni Deshmukh,23,04/09/2025,Female,WhatsApp,459,115,344,25.05%,0,1,6.7,14,0.03050108932,2,7,6,Stressed,TRUE,FALSE,FALSE
3740,3151,Avni Deshmukh,23,13/09/2024,Male,Instagram,461,230,231,49.89%,1,3,6.7,14,0.03036876356,3,8,5,Stressed,TRUE,TRUE,TRUE
4325,3152,Avni Deshmukh,25,27/03/2024,Male,YouTube,442,265,177,59.95%,1,4,6.8,16,0.03619909502,3,8,5,Stressed,TRUE,FALSE,FALSE
1391,3153,Avni Deshmukh,36,05/07/2025,Male,YouTube,203,122,81,60.10%,1,2,8,40,0.197044335,2,6,6,Stressed,TRUE,FALSE,FALSE
3993,3154,Suhani Shinde,16,13/11/2025,Other,Snapchat,445,245,200,55.06%,1,2,6.8,16,0.03595505618,3,8,5,Stressed,FALSE,FALSE,FALSE
4068,3155,Suhani Shinde,19,17/05/2024,Female,Instagram,498,249,249,50.00%,1,3,6.5,10,0.02008032129,3,8,5,Stressed,TRUE,FALSE,FALSE
2305,3156,Suhani Shinde,22,10/06/2024,Male,Facebook,458,160,298,34.93%,1,1,6.7,14,0.03056768559,2,7,6,Stressed,TRUE,FALSE,FALSE
1164,3156,Suhani Shinde,23,04/12/2024,Male,WhatsApp,459,115,344,25.05%,0,1,6.7,14,0.03050108932,2,7,6,Stressed,TRUE,TRUE,TRUE
1167,3157,Isha Patil,22,04/02/2025,Female,WhatsApp,461,115,346,24.95%,0,1,6.7,14,0.03036876356,2,7,6,Stressed,FALSE,TRUE,FALSE
1207,3157,Isha Patil,22,06/03/2024,Male,WhatsApp,465,116,349,24.95%,0,1,6.7,14,0.03010752688,2,7,6,Stressed,TRUE,TRUE,TRUE
4785,3157,Isha Patil,23,14/06/2025,Male,YouTube,504,302,202,59.92%,1,4,6.5,10,0.01984126984,3,8,5,Stressed,TRUE,TRUE,TRUE
4285,3158,Isha Patil,25,28/05/2025,Female,Snapchat,472,260,212,55.08%,1,2,6.6,13,0.02754237288,3,8,5,Stressed,TRUE,FALSE,FALSE
3343,3159,Isha Patil,31,23/09/2024,Female,TikTok,320,208,112,65.00%,1,2,7.4,28,0.0875,3,7,6,Stressed,TRUE,FALSE,FALSE
2319,3159,Isha Patil,32,14/05/2025,Female,Twitter,399,160,239,40.10%,1,1,7,20,0.05012531328,2,7,6,Stressed,TRUE,TRUE,TRUE
2197,3160,Isha Patil,34,26/01/2025,Male,Twitter,391,156,235,39.90%,1,1,7,21,0.0537084399,2,7,6,Stressed,TRUE,FALSE,FALSE
1279,3160,Isha Patil,35,19/06/2025,Female,Facebook,339,119,220,35.10%,0,1,7.3,26,0.07669616519,2,6,6,Stressed,TRUE,TRUE,TRUE
3836,3161,Aarohi Choudhary,22,25/04/2025,Female,Instagram,472,236,236,50.00%,1,3,6.6,13,0.02754237288,3,8,5,Stressed,FALSE,FALSE,FALSE
1170,3162,Aarohi Choudhary,25,04/08/2024,Male,WhatsApp,461,115,346,24.95%,0,1,6.7,14,0.03036876356,2,7,6,Stressed,TRUE,FALSE,FALSE
4027,3163,Aditya Iyer,13,25/02/2024,Male,TikTok,382,248,134,64.92%,2,2,7.1,22,0.05759162304,4,8,5,Stressed,FALSE,FALSE,FALSE
4298,3164,Aditya Iyer,21,29/06/2024,Female,Snapchat,476,262,214,55.04%,1,2,6.6,12,0.02521008403,3,8,5,Stressed,TRUE,FALSE,FALSE
2702,3164,Aditya Iyer,22,01/09/2025,Male,Facebook,509,178,331,34.97%,1,2,6.5,9,0.01768172888,3,8,5,Stressed,TRUE,TRUE,TRUE
1417,3165,Aditya Iyer,25,28/02/2024,Male,WhatsApp,493,123,370,24.95%,1,1,6.5,11,0.02231237323,2,7,6,Stressed,TRUE,FALSE,FALSE
4430,3165,Aditya Iyer,25,02/10/2024,Male,Snapchat,494,272,222,55.06%,1,2,6.5,11,0.02226720648,3,8,5,Stressed,TRUE,TRUE,TRUE
2878,3166,Aditya Iyer,30,08/06/2025,Male,Snapchat,336,185,151,55.06%,1,2,7.3,26,0.07738095238,3,7,6,Stressed,TRUE,FALSE,FALSE
1171,3167,Aditya Iyer,35,14/11/2024,Female,Facebook,329,115,214,34.95%,0,1,7.4,27,0.0820668693,2,6,6,Stressed,TRUE,FALSE,FALSE
1923,3168,Aditya Iyer,37,04/09/2024,Female,YouTube,234,140,94,59.83%,1,2,7.8,37,0.1581196581,2,6,6,Stressed,TRUE,FALSE,FALSE
2928,3169,Pooja Kulkarni,26,26/07/2025,Male,Snapchat,342,188,154,54.97%,1,2,7.3,26,0.07602339181,3,7,6,Stressed,FALSE,FALSE,FALSE
1172,3170,Pooja Kulkarni,31,08/05/2025,Male,Facebook,328,115,213,35.06%,0,1,7.4,27,0.08231707317,2,6,6,Stressed,TRUE,FALSE,FALSE
3522,3171,Pooja Kulkarni,34,07/08/2025,Male,TikTok,337,219,118,64.99%,1,2,7.3,26,0.07715133531,3,7,6,Stressed,TRUE,FALSE,FALSE
1546,3172,Pooja Kulkarni,40,01/09/2025,Female,Instagram,254,127,127,50.00%,1,2,7.7,35,0.1377952756,2,6,6,Stressed,TRUE,FALSE,FALSE
2019,3173,Pooja Kulkarni,44,25/05/2025,Female,TikTok,225,146,79,64.89%,1,1,7.9,38,0.1688888889,2,6,6,Stressed,TRUE,FALSE,FALSE
4555,3174,Aditya Naidu,19,24/07/2024,Male,Snapchat,514,283,231,55.06%,1,3,6.4,9,0.01750972763,3,8,5,Stressed,FALSE,FALSE,FALSE
3630,3175,Aditya Naidu,22,05/05/2025,Male,Instagram,450,225,225,50.00%,1,3,6.8,15,0.03333333333,3,8,5,Stressed,TRUE,FALSE,FALSE
1177,3175,Aditya Naidu,22,31/05/2025,Female,WhatsApp,464,116,348,25.00%,0,1,6.7,14,0.03017241379,2,7,6,Stressed,TRUE,TRUE,TRUE
1950,3176,Aditya Naidu,40,03/02/2024,Female,Snapchat,258,142,116,55.04%,1,1,7.7,34,0.1317829457,2,6,6,Stressed,TRUE,FALSE,FALSE
4104,3177,Shaurya Patil,14,10/05/2025,Female,Snapchat,456,251,205,55.04%,1,2,6.7,14,0.03070175439,3,8,5,Stressed,FALSE,FALSE,FALSE
1186,3178,Shaurya Patil,20,22/10/2024,Male,WhatsApp,465,116,349,24.95%,0,1,6.7,14,0.03010752688,2,7,6,Stressed,TRUE,FALSE,FALSE
3997,3178,Shaurya Patil,21,27/04/2025,Female,Snapchat,445,245,200,55.06%,1,2,6.8,16,0.03595505618,3,8,5,Stressed,TRUE,TRUE,TRUE
1505,3178,Shaurya Patil,21,27/05/2025,Female,WhatsApp,504,126,378,25.00%,1,1,6.5,10,0.01984126984,2,7,6,Stressed,TRUE,TRUE,TRUE
4009,3179,Shaurya Patil,24,05/10/2024,Female,Snapchat,448,246,202,54.91%,1,2,6.8,15,0.03348214286,3,8,5,Stressed,TRUE,FALSE,FALSE
2624,3180,Shaurya Patil,32,26/07/2025,Female,Instagram,352,176,176,50.00%,1,2,7.2,25,0.07102272727,3,7,6,Stressed,TRUE,FALSE,FALSE
1188,3181,Jiya Ansari,57,12/09/2024,Female,TikTok,179,116,63,64.80%,1,1,8.1,42,0.2346368715,2,6,6,Stressed,FALSE,FALSE,FALSE
3657,3182,Krishna Joshi,16,11/01/2025,Female,Instagram,451,226,225,50.11%,1,3,6.7,15,0.0332594235,3,8,5,Stressed,FALSE,FALSE,FALSE
4778,3183,Krishna Joshi,19,14/12/2024,Male,YouTube,504,302,202,59.92%,1,4,6.5,10,0.01984126984,3,8,5,Stressed,TRUE,FALSE,FALSE
4989,3183,Krishna Joshi,19,30/12/2024,Other,TikTok,516,335,181,64.92%,2,3,6.4,8,0.01550387597,4,9,4,Stressed,TRUE,TRUE,TRUE
2974,3184,Krishna Joshi,23,25/12/2024,Female,Twitter,478,191,287,39.96%,1,2,6.6,12,0.02510460251,3,8,5,Stressed,TRUE,FALSE,FALSE
1466,3185,Krishna Joshi,27,17/03/2025,Male,Facebook,356,125,231,35.11%,1,1,7.2,24,0.06741573034,2,7,6,Stressed,TRUE,FALSE,FALSE
1190,3186,Krishna Joshi,39,16/01/2024,Female,Instagram,231,116,115,50.22%,0,2,7.8,37,0.1601731602,2,6,6,Stressed,TRUE,FALSE,FALSE
1786,3187,Krishna Joshi,44,05/01/2024,Female,Instagram,270,135,135,50.00%,1,2,7.6,33,0.1222222222,2,6,6,Stressed,TRUE,FALSE,FALSE
4423,3188,Vihaan Patel,19,14/02/2024,Female,YouTube,454,272,182,59.91%,1,4,6.7,15,0.03303964758,3,8,5,Stressed,FALSE,FALSE,FALSE
1501,3189,Vihaan Patel,21,19/04/2025,Male,WhatsApp,505,126,379,24.95%,1,1,6.5,10,0.0198019802,2,7,6,Stressed,TRUE,FALSE,FALSE
2262,3190,Vihaan Patel,23,23/01/2025,Female,Facebook,452,158,294,34.96%,1,1,6.7,15,0.03318584071,2,7,6,Stressed,TRUE,FALSE,FALSE
4523,3190,Vihaan Patel,24,10/01/2024,Male,YouTube,467,280,187,59.96%,1,4,6.7,13,0.0278372591,3,8,5,Stressed,TRUE,TRUE,TRUE
2651,3190,Vihaan Patel,25,03/07/2025,Female,Facebook,507,177,330,34.91%,1,2,6.5,9,0.01775147929,3,8,5,Stressed,TRUE,TRUE,TRUE
1192,3191,Vihaan Patel,44,02/08/2024,Male,Instagram,233,116,117,49.79%,0,2,7.8,37,0.1587982833,2,6,6,Stressed,TRUE,FALSE,FALSE
2584,3192,Meera Menon,24,22/04/2025,Female,Facebook,498,174,324,34.94%,1,2,6.5,10,0.02008032129,3,8,5,Stressed,FALSE,FALSE,FALSE
1198,3192,Meera Menon,25,14/05/2025,Female,WhatsApp,462,116,346,25.11%,0,1,6.7,14,0.0303030303,2,7,6,Stressed,TRUE,TRUE,TRUE
2400,3192,Meera Menon,25,13/06/2024,Male,Facebook,470,164,306,34.89%,1,1,6.6,13,0.02765957447,3,8,5,Stressed,TRUE,TRUE,TRUE
4636,3193,Riya Gupta,14,27/06/2024,Female,TikTok,444,289,155,65.09%,2,3,6.8,16,0.03603603604,4,9,4,Stressed,FALSE,FALSE,FALSE
1202,3194,Riya Gupta,23,20/02/2024,Male,WhatsApp,463,116,347,25.05%,0,1,6.7,14,0.03023758099,2,7,6,Stressed,TRUE,FALSE,FALSE
2567,3194,Riya Gupta,23,12/09/2024,Female,Facebook,493,173,320,35.09%,1,2,6.5,11,0.02231237323,3,8,5,Stressed,TRUE,TRUE,TRUE
2017,3195,Sai Shinde,14,01/05/2025,Female,Facebook,416,146,270,35.10%,1,1,6.9,18,0.04326923077,2,7,6,Stressed,FALSE,FALSE,FALSE
4393,3196,Sai Shinde,21,22/08/2025,Male,YouTube,449,269,180,59.91%,1,4,6.8,15,0.03340757238,3,8,5,Stressed,TRUE,FALSE,FALSE
2514,3196,Sai Shinde,22,09/04/2025,Female,Facebook,485,170,315,35.05%,1,2,6.6,12,0.02474226804,3,8,5,Stressed,TRUE,TRUE,TRUE
1683,3197,Sai Shinde,35,14/08/2025,Female,Facebook,375,131,244,34.93%,1,1,7.1,22,0.05866666667,2,7,6,Stressed,TRUE,FALSE,FALSE
1204,3198,Sai Shinde,37,18/03/2025,Female,Instagram,233,116,117,49.79%,0,2,7.8,37,0.1587982833,2,6,6,Stressed,TRUE,FALSE,FALSE
4301,3199,Sonal Deshmukh,18,24/03/2024,Male,TikTok,403,262,141,65.01%,2,2,7,20,0.04962779156,4,9,4,Stressed,FALSE,FALSE,FALSE
4204,3200,Sonal Deshmukh,21,02/10/2024,Female,Snapchat,465,256,209,55.05%,1,2,6.7,14,0.03010752688,3,8,5,Stressed,TRUE,FALSE,FALSE
2159,3201,Sonal Deshmukh,29,16/10/2024,Male,Twitter,384,154,230,40.10%,1,1,7.1,22,0.05729166667,2,7,6,Stressed,TRUE,FALSE,FALSE
3626,3202,Sonal Deshmukh,31,17/10/2025,Male,TikTok,346,225,121,65.03%,2,2,7.3,25,0.07225433526,3,8,5,Stressed,TRUE,FALSE,FALSE
1208,3203,Sonal Deshmukh,52,22/06/2024,Male,Snapchat,210,116,94,55.24%,0,1,8,39,0.1857142857,2,6,6,Stressed,TRUE,FALSE,FALSE
3757,3204,Vihaan Das,16,05/09/2025,Male,YouTube,385,231,154,60.00%,1,3,7.1,22,0.05714285714,3,7,6,Stressed,FALSE,FALSE,FALSE
1636,3205,Vihaan Das,20,20/08/2024,Female,WhatsApp,515,129,386,25.05%,1,1,6.4,8,0.01553398058,2,7,6,Stressed,TRUE,FALSE,FALSE
4823,3205,Vihaan Das,21,16/02/2024,Male,YouTube,512,307,205,59.96%,1,4,6.4,9,0.017578125,3,8,5,Stressed,TRUE,TRUE,TRUE
1601,3205,Vihaan Das,22,12/03/2024,Male,WhatsApp,512,128,384,25.00%,1,1,6.4,9,0.017578125,2,7,6,Stressed,TRUE,TRUE,TRUE
1212,3205,Vihaan Das,23,21/05/2024,Male,WhatsApp,463,116,347,25.05%,0,1,6.7,14,0.03023758099,2,7,6,Stressed,TRUE,TRUE,TRUE
4761,3206,Vihaan Das,25,15/09/2024,Male,TikTok,462,300,162,64.94%,2,3,6.7,14,0.0303030303,4,9,4,Stressed,TRUE,FALSE,FALSE
3296,3206,Vihaan Das,25,18/12/2024,Male,Twitter,512,205,307,40.04%,1,2,6.4,9,0.017578125,3,8,5,Stressed,TRUE,TRUE,TRUE
1833,3207,Vihaan Das,36,14/07/2025,Female,Instagram,271,136,135,50.18%,1,2,7.6,33,0.1217712177,2,6,6,Stressed,TRUE,FALSE,FALSE
4283,3208,Arjun Banerjee,13,12/08/2025,Female,YouTube,434,260,174,59.91%,1,3,6.8,17,0.03917050691,3,8,5,Stressed,FALSE,FALSE,FALSE
1215,3209,Arjun Banerjee,19,09/07/2024,Female,WhatsApp,469,117,352,24.95%,0,1,6.7,13,0.02771855011,2,7,6,Stressed,TRUE,FALSE,FALSE
2510,3210,Arjun Banerjee,22,02/12/2024,Male,Facebook,486,170,316,34.98%,1,2,6.6,11,0.02263374486,3,8,5,Stressed,TRUE,FALSE,FALSE
1594,3211,Arjun Banerjee,35,05/09/2025,Male,Twitter,321,128,193,39.88%,1,1,7.4,28,0.08722741433,2,7,6,Stressed,TRUE,FALSE,FALSE
2033,3212,Arjun Banerjee,41,05/09/2024,Female,Snapchat,268,147,121,54.85%,1,1,7.7,33,0.1231343284,2,6,6,Stressed,TRUE,FALSE,FALSE
1373,3213,Arjun Banerjee,43,20/01/2025,Male,Instagram,243,122,121,50.21%,1,2,7.8,36,0.1481481481,2,6,6,Stressed,TRUE,FALSE,FALSE
1958,3213,Arjun Banerjee,44,18/12/2024,Male,Snapchat,258,142,116,55.04%,1,1,7.7,34,0.1317829457,2,6,6,Stressed,TRUE,TRUE,TRUE
2613,3214,Reyansh Gupta,20,28/01/2025,Female,Facebook,499,175,324,35.07%,1,2,6.5,10,0.02004008016,3,8,5,Stressed,FALSE,FALSE,FALSE
4516,3215,Reyansh Gupta,22,30/10/2025,Female,Snapchat,509,280,229,55.01%,1,2,6.5,9,0.01768172888,3,8,5,Stressed,TRUE,FALSE,FALSE
1859,3216,Reyansh Gupta,38,04/02/2025,Male,YouTube,230,138,92,60.00%,1,2,7.8,37,0.1608695652,2,6,6,Stressed,TRUE,FALSE,FALSE
1219,3217,Reyansh Gupta,45,12/05/2025,Female,Instagram,234,117,117,50.00%,0,2,7.8,37,0.1581196581,2,6,6,Stressed,TRUE,FALSE,FALSE
3333,3218,Aadhya Chauhan,15,03/09/2024,Female,Instagram,417,208,209,49.88%,1,3,6.9,18,0.04316546763,3,8,5,Stressed,FALSE,FALSE,FALSE
3604,3219,Aadhya Chauhan,21,10/07/2024,Male,Instagram,447,224,223,50.11%,1,3,6.8,15,0.03355704698,3,8,5,Stressed,TRUE,FALSE,FALSE
1222,3220,Aadhya Chauhan,23,08/10/2024,Male,WhatsApp,469,117,352,24.95%,0,1,6.7,13,0.02771855011,2,7,6,Stressed,TRUE,FALSE,FALSE
3837,3220,Aadhya Chauhan,23,17/10/2025,Male,Instagram,471,236,235,50.11%,1,3,6.6,13,0.02760084926,3,8,5,Stressed,TRUE,TRUE,TRUE
2472,3220,Aadhya Chauhan,23,01/03/2024,Female,Facebook,480,168,312,35.00%,1,1,6.6,12,0.025,3,8,5,Stressed,TRUE,TRUE,TRUE
4062,3220,Aadhya Chauhan,24,02/07/2024,Female,Instagram,498,249,249,50.00%,1,3,6.5,10,0.02008032129,3,8,5,Stressed,TRUE,TRUE,TRUE
4036,3221,Reyansh Pawar,13,13/04/2024,Female,YouTube,413,248,165,60.05%,1,3,6.9,19,0.04600484262,3,8,5,Stressed,FALSE,FALSE,FALSE
4576,3222,Reyansh Pawar,20,28/05/2024,Male,YouTube,473,284,189,60.04%,1,4,6.6,13,0.02748414376,3,8,5,Stressed,TRUE,FALSE,FALSE
4416,3223,Reyansh Pawar,25,03/05/2025,Female,Snapchat,492,271,221,55.08%,1,2,6.5,11,0.02235772358,3,8,5,Stressed,TRUE,FALSE,FALSE
1224,3223,Reyansh Pawar,26,17/05/2024,Female,Facebook,335,117,218,34.93%,0,1,7.3,26,0.0776119403,2,6,6,Stressed,TRUE,TRUE,TRUE
3881,3224,Reyansh Pawar,31,17/12/2024,Male,YouTube,396,238,158,60.10%,1,3,7,20,0.05050505051,3,8,5,Stressed,TRUE,FALSE,FALSE
2034,3225,Reyansh Pawar,36,16/03/2024,Male,Snapchat,269,148,121,55.02%,1,1,7.7,33,0.1226765799,2,6,6,Stressed,TRUE,FALSE,FALSE
4463,3226,Anika Gupta,20,19/02/2025,Female,Snapchat,500,275,225,55.00%,1,2,6.5,10,0.02,3,8,5,Stressed,FALSE,FALSE,FALSE
1716,3227,Anika Gupta,32,27/02/2025,Female,Facebook,377,132,245,35.01%,1,1,7.1,22,0.05835543767,2,7,6,Stressed,TRUE,FALSE,FALSE
1227,3228,Anika Gupta,57,15/01/2025,Female,Snapchat,213,117,96,54.93%,0,1,7.9,39,0.1830985915,2,6,6,Stressed,TRUE,FALSE,FALSE
4163,3229,Ananya Menon,14,19/09/2024,Female,TikTok,391,254,137,64.96%,2,2,7,21,0.0537084399,4,8,5,Stressed,FALSE,FALSE,FALSE
3130,3230,Ananya Menon,19,05/06/2024,Male,Twitter,493,197,296,39.96%,1,2,6.5,11,0.02231237323,3,8,5,Stressed,TRUE,FALSE,FALSE
4758,3230,Ananya Menon,20,14/01/2024,Male,TikTok,460,299,161,65.00%,2,3,6.7,14,0.03043478261,4,9,4,Stressed,TRUE,TRUE,TRUE
3920,3230,Ananya Menon,20,18/02/2025,Female,Instagram,481,240,241,49.90%,1,3,6.6,12,0.02494802495,3,8,5,Stressed,TRUE,TRUE,TRUE
3710,3230,Ananya Menon,21,05/10/2024,Male,Instagram,458,229,229,50.00%,1,3,6.7,14,0.03056768559,3,8,5,Stressed,TRUE,TRUE,TRUE
1230,3230,Ananya Menon,22,06/11/2024,Female,WhatsApp,467,117,350,25.05%,0,1,6.7,13,0.0278372591,2,7,6,Stressed,TRUE,TRUE,TRUE
1481,3230,Ananya Menon,22,09/09/2025,Male,WhatsApp,500,125,375,25.00%,1,1,6.5,10,0.02,2,7,6,Stressed,TRUE,TRUE,TRUE
4344,3230,Ananya Menon,23,05/04/2024,Female,YouTube,443,266,177,60.05%,1,4,6.8,16,0.03611738149,3,8,5,Stressed,TRUE,TRUE,TRUE
3338,3231,Ananya Menon,29,04/10/2025,Female,YouTube,346,208,138,60.12%,1,3,7.3,25,0.07225433526,3,7,6,Stressed,TRUE,FALSE,FALSE
3388,3232,Ananya Menon,35,21/06/2025,Female,Snapchat,384,211,173,54.95%,1,2,7.1,22,0.05729166667,3,7,6,Stressed,TRUE,FALSE,FALSE
4585,3233,Sai Ghosh,14,19/05/2024,Male,TikTok,439,285,154,64.92%,2,3,6.8,16,0.03644646925,4,9,4,Stressed,FALSE,FALSE,FALSE
2717,3234,Sai Ghosh,19,08/12/2024,Female,Twitter,447,179,268,40.04%,1,2,6.8,15,0.03355704698,3,8,5,Stressed,TRUE,FALSE,FALSE
1233,3235,Sai Ghosh,28,02/10/2025,Male,Facebook,335,117,218,34.93%,0,1,7.3,26,0.0776119403,2,6,6,Stressed,TRUE,FALSE,FALSE
3618,3235,Sai Ghosh,28,02/02/2024,Female,YouTube,373,224,149,60.05%,1,3,7.1,23,0.06166219839,3,7,6,Stressed,TRUE,TRUE,TRUE
1625,3236,Sai Ghosh,37,01/10/2024,Male,Instagram,258,129,129,50.00%,1,2,7.7,34,0.1317829457,2,6,6,Stressed,TRUE,FALSE,FALSE
2530,3237,Aditya Joshi,20,04/10/2024,Male,Facebook,490,172,318,35.10%,1,2,6.6,11,0.02244897959,3,8,5,Stressed,FALSE,FALSE,FALSE
1237,3238,Aditya Joshi,22,30/03/2024,Male,WhatsApp,468,117,351,25.00%,0,1,6.7,13,0.02777777778,2,7,6,Stressed,TRUE,FALSE,FALSE
2364,3239,Aditya Joshi,25,04/09/2025,Female,Facebook,463,162,301,34.99%,1,1,6.7,14,0.03023758099,2,7,6,Stressed,TRUE,FALSE,FALSE
3030,3239,Aditya Joshi,25,03/08/2025,Female,Twitter,483,193,290,39.96%,1,2,6.6,12,0.0248447205,3,8,5,Stressed,TRUE,TRUE,TRUE
3909,3240,Aditya Joshi,28,19/01/2024,Female,YouTube,400,240,160,60.00%,1,3,7,20,0.05,3,8,5,Stressed,TRUE,FALSE,FALSE
1839,3240,Aditya Joshi,29,26/12/2024,Female,Facebook,392,137,255,34.95%,1,1,7,21,0.05357142857,2,7,6,Stressed,TRUE,TRUE,TRUE
1617,3241,Aditya Joshi,33,27/06/2025,Female,Facebook,369,129,240,34.96%,1,1,7.2,23,0.06233062331,2,7,6,Stressed,TRUE,FALSE,FALSE
2038,3242,Aditya Joshi,39,15/06/2024,Male,Snapchat,269,148,121,55.02%,1,1,7.7,33,0.1226765799,2,6,6,Stressed,TRUE,FALSE,FALSE
3957,3243,Aadhya Nair,17,13/07/2024,Other,Snapchat,441,243,198,55.10%,1,2,6.8,16,0.03628117914,3,8,5,Stressed,FALSE,FALSE,FALSE
4343,3244,Aadhya Nair,20,20/08/2024,Female,YouTube,443,266,177,60.05%,1,4,6.8,16,0.03611738149,3,8,5,Stressed,TRUE,FALSE,FALSE
4330,3245,Aadhya Nair,24,05/08/2024,Male,Snapchat,481,265,216,55.09%,1,2,6.6,12,0.02494802495,3,8,5,Stressed,TRUE,FALSE,FALSE
4561,3245,Aadhya Nair,24,23/10/2024,Male,Snapchat,514,283,231,55.06%,1,3,6.4,9,0.01750972763,3,8,5,Stressed,TRUE,TRUE,TRUE
1998,3246,Aadhya Nair,27,11/06/2025,Male,Twitter,362,145,217,40.06%,1,1,7.2,24,0.06629834254,2,7,6,Stressed,TRUE,FALSE,FALSE
2214,3246,Aadhya Nair,28,03/09/2025,Male,Twitter,390,156,234,40.00%,1,1,7,21,0.05384615385,2,7,6,Stressed,TRUE,TRUE,TRUE
1238,3246,Aadhya Nair,29,15/11/2024,Male,Facebook,335,117,218,34.93%,0,1,7.3,26,0.0776119403,2,6,6,Stressed,TRUE,TRUE,TRUE
3895,3247,Aadhya Nair,31,24/08/2025,Male,TikTok,368,239,129,64.95%,2,2,7.2,23,0.0625,4,8,5,Stressed,TRUE,FALSE,FALSE
3540,3248,Aadhya Nair,35,01/11/2024,Female,YouTube,367,220,147,59.95%,1,3,7.2,23,0.06267029973,3,7,6,Stressed,TRUE,FALSE,FALSE
1874,3248,Aadhya Nair,36,30/06/2025,Female,Instagram,275,138,137,50.18%,1,2,7.6,32,0.1163636364,2,7,6,Stressed,TRUE,TRUE,TRUE
2654,3249,Aadhya Nair,40,09/03/2025,Male,TikTok,273,177,96,64.84%,1,2,7.6,33,0.1208791209,3,7,6,Stressed,TRUE,FALSE,FALSE
2413,3250,Meera Verma,15,15/08/2024,Male,Twitter,413,165,248,39.95%,1,1,6.9,19,0.04600484262,3,8,5,Stressed,FALSE,FALSE,FALSE
4317,3251,Meera Verma,22,14/09/2025,Female,Snapchat,480,264,216,55.00%,1,2,6.6,12,0.025,3,8,5,Stressed,TRUE,FALSE,FALSE
4362,3251,Meera Verma,23,08/06/2024,Male,Snapchat,485,267,218,55.05%,1,2,6.6,12,0.02474226804,3,8,5,Stressed,TRUE,TRUE,TRUE
3169,3251,Meera Verma,23,30/05/2024,Male,Twitter,498,199,299,39.96%,1,2,6.5,10,0.02008032129,3,8,5,Stressed,TRUE,TRUE,TRUE
4121,3251,Meera Verma,24,11/10/2024,Male,Instagram,505,252,253,49.90%,1,3,6.5,10,0.0198019802,3,8,5,Stressed,TRUE,TRUE,TRUE
4603,3251,Meera Verma,25,10/03/2024,Female,Snapchat,520,286,234,55.00%,1,3,6.4,8,0.01538461538,3,8,5,Stressed,TRUE,TRUE,TRUE
1240,3252,Meera Verma,42,24/05/2025,Female,Snapchat,214,118,96,55.14%,0,1,7.9,39,0.1822429907,2,6,6,Stressed,TRUE,FALSE,FALSE
1243,3253,Ishaan Ansari,20,02/08/2025,Female,WhatsApp,472,118,354,25.00%,0,1,6.6,13,0.02754237288,2,7,6,Stressed,FALSE,FALSE,FALSE
4650,3253,Ishaan Ansari,20,01/04/2025,Male,YouTube,483,290,193,60.04%,1,4,6.6,12,0.0248447205,3,8,5,Stressed,TRUE,TRUE,TRUE
1247,3254,Shaurya Patel,21,16/04/2024,Male,WhatsApp,470,118,352,25.11%,0,1,6.6,13,0.02765957447,2,7,6,Stressed,FALSE,TRUE,FALSE
4413,3254,Shaurya Patel,22,15/03/2024,Female,YouTube,452,271,181,59.96%,1,4,6.7,15,0.03318584071,3,8,5,Stressed,TRUE,TRUE,TRUE
1318,3255,Shaurya Patel,25,12/07/2025,Other,WhatsApp,481,120,361,24.95%,0,1,6.6,12,0.02494802495,2,7,6,Stressed,TRUE,FALSE,FALSE
3172,3256,Shaurya Patel,28,07/06/2025,Male,YouTube,331,199,132,60.12%,1,3,7.3,27,0.08157099698,3,7,6,Stressed,TRUE,FALSE,FALSE
4462,3257,Riya Menon,23,02/08/2024,Female,YouTube,458,275,183,60.04%,1,4,6.7,14,0.03056768559,3,8,5,Stressed,FALSE,FALSE,FALSE
4642,3257,Riya Menon,24,23/03/2025,Male,YouTube,482,289,193,59.96%,1,4,6.6,12,0.02489626556,3,8,5,Stressed,TRUE,TRUE,TRUE
1250,3258,Riya Menon,45,10/01/2025,Male,Instagram,236,118,118,50.00%,0,2,7.8,36,0.1525423729,2,6,6,Stressed,TRUE,FALSE,FALSE
3981,3259,Neha Patil,17,19/08/2025,Female,YouTube,406,244,162,60.10%,1,3,7,19,0.04679802956,3,8,5,Stressed,FALSE,FALSE,FALSE
3924,3259,Neha Patil,17,19/04/2025,Male,Snapchat,436,240,196,55.05%,1,2,6.8,16,0.03669724771,3,8,5,Stressed,TRUE,TRUE,TRUE
4900,3260,Neha Patil,24,01/12/2024,Male,TikTok,489,318,171,65.03%,2,3,6.6,11,0.02249488753,4,9,4,Stressed,TRUE,FALSE,FALSE
1251,3261,Neha Patil,41,04/07/2025,Male,Instagram,235,118,117,50.21%,0,2,7.8,36,0.1531914894,2,6,6,Stressed,TRUE,FALSE,FALSE
4800,3262,Neha Sharma,19,02/05/2024,Female,TikTok,468,304,164,64.96%,2,3,6.7,13,0.02777777778,4,9,4,Stressed,FALSE,FALSE,FALSE
1252,3262,Neha Sharma,20,02/07/2024,Male,WhatsApp,474,118,356,24.89%,0,1,6.6,13,0.02742616034,2,7,6,Stressed,TRUE,TRUE,TRUE
3083,3263,Neha Sharma,24,04/02/2024,Female,Twitter,489,196,293,40.08%,1,2,6.6,11,0.02249488753,3,8,5,Stressed,TRUE,FALSE,FALSE
1881,3264,Aarohi Kulkarni,17,01/07/2024,Male,Facebook,395,138,257,34.94%,1,1,7,20,0.05063291139,2,7,6,Stressed,FALSE,FALSE,FALSE
4072,3265,Aarohi Kulkarni,20,04/02/2024,Female,Snapchat,452,249,203,55.09%,1,2,6.7,15,0.03318584071,3,8,5,Stressed,TRUE,FALSE,FALSE
1253,3265,Aarohi Kulkarni,20,24/12/2024,Male,WhatsApp,473,118,355,24.95%,0,1,6.6,13,0.02748414376,2,7,6,Stressed,TRUE,TRUE,TRUE
2751,3266,Aarohi Kulkarni,32,29/03/2025,Female,Snapchat,327,180,147,55.05%,1,2,7.4,27,0.08256880734,3,7,6,Stressed,TRUE,FALSE,FALSE
1741,3267,Aarohi Kulkarni,42,02/03/2024,Male,YouTube,222,133,89,59.91%,1,2,7.9,38,0.1711711712,2,6,6,Stressed,TRUE,FALSE,FALSE
3621,3268,Navya Patil,13,23/01/2024,Male,Snapchat,408,224,184,54.90%,1,2,7,19,0.04656862745,3,8,5,Stressed,FALSE,FALSE,FALSE
3799,3269,Navya Patil,21,17/03/2025,Female,Instagram,467,234,233,50.11%,1,3,6.7,13,0.0278372591,3,8,5,Stressed,TRUE,FALSE,FALSE
3851,3270,Navya Patil,32,29/04/2024,Male,TikTok,365,237,128,64.93%,2,2,7.2,24,0.06575342466,4,8,5,Stressed,TRUE,FALSE,FALSE
2448,3271,Navya Patil,38,08/02/2025,Male,YouTube,277,166,111,59.93%,1,2,7.6,32,0.1155234657,3,7,6,Stressed,TRUE,FALSE,FALSE
1257,3271,Navya Patil,39,06/10/2024,Male,Snapchat,214,118,96,55.14%,0,1,7.9,39,0.1822429907,2,6,6,Stressed,TRUE,TRUE,TRUE
1263,3272,Shaurya Roy,20,16/09/2025,Male,WhatsApp,472,118,354,25.00%,0,1,6.6,13,0.02754237288,2,7,6,Stressed,FALSE,FALSE,FALSE
2345,3273,Shaurya Roy,40,07/12/2024,Male,YouTube,269,161,108,59.85%,1,2,7.7,33,0.1226765799,2,6,6,Stressed,TRUE,FALSE,FALSE
4921,3274,Sai Deshmukh,23,10/06/2025,Male,TikTok,496,322,174,64.92%,2,3,6.5,10,0.02016129032,4,9,4,Stressed,FALSE,FALSE,FALSE
4695,3274,Sai Deshmukh,24,14/08/2025,Female,TikTok,452,294,158,65.04%,2,3,6.7,15,0.03318584071,4,9,4,Stressed,TRUE,TRUE,TRUE
1264,3274,Sai Deshmukh,24,23/04/2024,Female,WhatsApp,471,118,353,25.05%,0,1,6.6,13,0.02760084926,2,7,6,Stressed,TRUE,TRUE,TRUE
3374,3275,Sai Deshmukh,33,11/03/2024,Male,TikTok,324,211,113,65.12%,1,2,7.4,28,0.08641975309,3,7,6,Stressed,TRUE,FALSE,FALSE
1646,3276,Sai Deshmukh,64,02/02/2024,Male,YouTube,216,130,86,60.19%,1,2,7.9,38,0.1759259259,2,6,6,Stressed,TRUE,FALSE,FALSE
3968,3277,Meera Patil,16,20/07/2024,Male,Snapchat,442,243,199,54.98%,1,2,6.8,16,0.03619909502,3,8,5,Stressed,FALSE,FALSE,FALSE
1585,3278,Meera Patil,19,06/05/2025,Male,WhatsApp,513,128,385,24.95%,1,1,6.4,9,0.01754385965,2,7,6,Stressed,TRUE,FALSE,FALSE
1271,3279,Meera Patil,26,02/02/2024,Female,Facebook,339,119,220,35.10%,0,1,7.3,26,0.07669616519,2,6,6,Stressed,TRUE,FALSE,FALSE
3348,3280,Meera Patil,28,18/05/2024,Female,YouTube,346,208,138,60.12%,1,3,7.3,25,0.07225433526,3,7,6,Stressed,TRUE,FALSE,FALSE
1283,3281,Krishna Rathod,20,24/10/2024,Female,WhatsApp,477,119,358,24.95%,0,1,6.6,12,0.0251572327,2,7,6,Stressed,FALSE,FALSE,FALSE
2301,3281,Krishna Rathod,21,10/10/2024,Female,Facebook,456,160,296,35.09%,1,1,6.7,14,0.03070175439,2,7,6,Stressed,TRUE,TRUE,TRUE
4280,3282,Krishna Rathod,24,23/09/2024,Female,Instagram,520,260,260,50.00%,1,3,6.4,8,0.01538461538,3,8,5,Stressed,TRUE,FALSE,FALSE
3023,3283,Krishna Rathod,26,19/04/2024,Male,Instagram,386,193,193,50.00%,1,3,7.1,21,0.05440414508,3,8,5,Stressed,TRUE,FALSE,FALSE
1289,3284,Shaurya Das,30,19/05/2025,Male,Facebook,341,119,222,34.90%,0,1,7.3,26,0.07624633431,2,6,6,Stressed,FALSE,FALSE,FALSE
1587,3285,Shaurya Das,32,13/10/2024,Male,Twitter,320,128,192,40.00%,1,1,7.4,28,0.0875,2,7,6,Stressed,TRUE,FALSE,FALSE
3672,3285,Shaurya Das,32,20/09/2024,Female,YouTube,379,227,152,59.89%,1,3,7.1,22,0.0580474934,3,7,6,Stressed,TRUE,TRUE,TRUE
3305,3286,Shaurya Das,34,03/04/2025,Male,Snapchat,374,206,168,55.08%,1,2,7.1,23,0.0614973262,3,7,6,Stressed,TRUE,FALSE,FALSE
2373,3287,Shaurya Das,42,28/02/2025,Female,TikTok,249,162,87,65.06%,1,1,7.8,35,0.140562249,2,6,6,Stressed,TRUE,FALSE,FALSE
3206,3288,Anika Iyer,30,15/09/2025,Female,Instagram,399,200,199,50.13%,1,3,7,20,0.05012531328,3,8,5,Stressed,FALSE,FALSE,FALSE
1291,3289,Anika Iyer,40,14/09/2024,Female,Snapchat,217,119,98,54.84%,0,1,7.9,38,0.1751152074,2,6,6,Stressed,TRUE,FALSE,FALSE
4302,3290,Saanvi Saxena,23,14/05/2025,Female,Snapchat,476,262,214,55.04%,1,2,6.6,12,0.02521008403,3,8,5,Stressed,FALSE,FALSE,FALSE
3902,3291,Saanvi Saxena,27,10/01/2025,Female,YouTube,399,239,160,59.90%,1,3,7,20,0.05012531328,3,8,5,Stressed,TRUE,FALSE,FALSE
1524,3292,Saanvi Saxena,32,23/01/2025,Female,Facebook,361,126,235,34.90%,1,1,7.2,24,0.06648199446,2,7,6,Stressed,TRUE,FALSE,FALSE
1293,3293,Saanvi Saxena,51,03/03/2024,Female,Snapchat,219,120,99,54.79%,0,1,7.9,38,0.1735159817,2,6,6,Stressed,TRUE,FALSE,FALSE
4544,3294,Neha Nair,20,09/07/2025,Male,Snapchat,512,282,230,55.08%,1,3,6.4,9,0.017578125,3,8,5,Stressed,FALSE,FALSE,FALSE
2810,3295,Neha Nair,30,07/06/2025,Female,Snapchat,330,182,148,55.15%,1,2,7.4,27,0.08181818182,3,7,6,Stressed,TRUE,FALSE,FALSE
1326,3296,Neha Nair,33,12/06/2025,Female,Facebook,344,120,224,34.88%,0,1,7.3,26,0.07558139535,2,6,6,Stressed,TRUE,FALSE,FALSE
1296,3297,Neha Nair,49,01/05/2025,Male,TikTok,185,120,65,64.86%,1,1,8.1,42,0.227027027,2,6,6,Stressed,TRUE,FALSE,FALSE
4046,3298,Riya Joshi,19,16/09/2025,Female,Instagram,496,248,248,50.00%,1,3,6.5,10,0.02016129032,3,8,5,Stressed,FALSE,FALSE,FALSE
2639,3299,Riya Joshi,22,06/01/2025,Male,Facebook,502,176,326,35.06%,1,2,6.5,10,0.01992031873,3,8,5,Stressed,TRUE,FALSE,FALSE
4271,3299,Riya Joshi,23,05/04/2025,Female,Snapchat,471,259,212,54.99%,1,2,6.6,13,0.02760084926,3,8,5,Stressed,TRUE,TRUE,TRUE
3155,3299,Riya Joshi,23,21/09/2025,Male,Twitter,495,198,297,40.00%,1,2,6.5,10,0.0202020202,3,8,5,Stressed,TRUE,TRUE,TRUE
2391,3300,Riya Joshi,30,27/10/2025,Male,Instagram,329,164,165,49.85%,1,2,7.4,27,0.0820668693,3,7,6,Stressed,TRUE,FALSE,FALSE
4264,3301,Riya Joshi,33,10/03/2024,Female,TikTok,399,259,140,64.91%,2,2,7,20,0.05012531328,4,9,4,Stressed,TRUE,FALSE,FALSE
1305,3302,Riya Joshi,45,13/06/2025,Female,YouTube,200,120,80,60.00%,0,2,8,40,0.2,2,6,6,Stressed,TRUE,FALSE,FALSE
2474,3303,Aditi Joshi,21,01/09/2025,Female,Facebook,480,168,312,35.00%,1,1,6.6,12,0.025,3,8,5,Stressed,FALSE,FALSE,FALSE
2716,3304,Aditi Joshi,24,16/06/2024,Male,Twitter,448,179,269,39.96%,1,2,6.8,15,0.03348214286,3,8,5,Stressed,TRUE,FALSE,FALSE
2438,3305,Aditi Joshi,26,10/02/2025,Male,Instagram,331,166,165,50.15%,1,2,7.3,27,0.08157099698,3,7,6,Stressed,TRUE,FALSE,FALSE
2167,3306,Aditi Joshi,36,28/07/2024,Male,YouTube,258,155,103,60.08%,1,2,7.7,34,0.1317829457,2,6,6,Stressed,TRUE,FALSE,FALSE
1306,3307,Aditi Joshi,50,02/06/2024,Female,Snapchat,219,120,99,54.79%,0,1,7.9,38,0.1735159817,2,6,6,Stressed,TRUE,FALSE,FALSE
3911,3308,Riya Banerjee,20,27/09/2025,Female,Instagram,480,240,240,50.00%,1,3,6.6,12,0.025,3,8,5,Stressed,FALSE,FALSE,FALSE
4991,3309,Riya Banerjee,22,08/05/2025,Female,TikTok,515,335,180,65.05%,2,3,6.4,8,0.01553398058,4,9,4,Stressed,TRUE,FALSE,FALSE
2168,3309,Riya Banerjee,23,05/02/2024,Female,Facebook,442,155,287,35.07%,1,1,6.8,16,0.03619909502,2,7,6,Stressed,TRUE,TRUE,TRUE
4310,3309,Riya Banerjee,23,29/05/2024,Male,Snapchat,478,263,215,55.02%,1,2,6.6,12,0.02510460251,3,8,5,Stressed,TRUE,TRUE,TRUE
1312,3310,Riya Banerjee,28,19/07/2024,Male,Facebook,343,120,223,34.99%,0,1,7.3,26,0.07580174927,2,6,6,Stressed,TRUE,FALSE,FALSE
2036,3311,Riya Banerjee,45,04/05/2025,Male,TikTok,228,148,80,64.91%,1,1,7.9,37,0.1622807018,2,6,6,Stressed,TRUE,FALSE,FALSE
4391,3312,Kavya Patel,22,28/12/2024,Female,YouTube,448,269,179,60.04%,1,4,6.8,15,0.03348214286,3,8,5,Stressed,FALSE,FALSE,FALSE
2846,3312,Kavya Patel,22,27/08/2025,Male,Twitter,457,183,274,40.04%,1,2,6.7,14,0.0306345733,3,8,5,Stressed,TRUE,TRUE,TRUE
4940,3313,Kavya Patel,24,19/01/2025,Male,TikTok,501,326,175,65.07%,2,3,6.5,10,0.01996007984,4,9,4,Stressed,TRUE,FALSE,FALSE
3161,3313,Kavya Patel,25,09/07/2025,Male,Twitter,497,199,298,40.04%,1,2,6.5,10,0.02012072435,3,8,5,Stressed,TRUE,TRUE,TRUE
2953,3314,Kavya Patel,29,10/01/2024,Male,Snapchat,346,190,156,54.91%,1,2,7.3,25,0.07225433526,3,7,6,Stressed,TRUE,FALSE,FALSE
3101,3315,Kavya Patel,33,13/12/2024,Male,YouTube,326,196,130,60.12%,1,3,7.4,27,0.08282208589,3,7,6,Stressed,TRUE,FALSE,FALSE
1376,3316,Kavya Patel,40,12/06/2024,Male,Instagram,244,122,122,50.00%,1,2,7.8,36,0.1475409836,2,6,6,Stressed,TRUE,FALSE,FALSE
1319,3317,Kavya Patel,69,13/08/2025,Female,YouTube,200,120,80,60.00%,0,2,8,40,0.2,2,6,6,Stressed,TRUE,FALSE,FALSE
3603,3318,Navya Kulkarni,18,20/12/2024,Male,Instagram,448,224,224,50.00%,1,3,6.8,15,0.03348214286,3,8,5,Stressed,FALSE,FALSE,FALSE
1320,3319,Navya Kulkarni,20,10/08/2024,Male,WhatsApp,479,120,359,25.05%,0,1,6.6,12,0.02505219207,2,7,6,Stressed,TRUE,FALSE,FALSE
4454,3319,Navya Kulkarni,21,23/01/2024,Male,YouTube,457,274,183,59.96%,1,4,6.7,14,0.0306345733,3,8,5,Stressed,TRUE,TRUE,TRUE
1989,3320,Navya Kulkarni,40,05/02/2025,Female,Snapchat,264,145,119,54.92%,1,1,7.7,34,0.1287878788,2,6,6,Stressed,TRUE,FALSE,FALSE
2276,3321,Pooja Ansari,20,25/03/2024,Male,Facebook,454,159,295,35.02%,1,1,6.7,15,0.03303964758,2,7,6,Stressed,FALSE,FALSE,FALSE
1333,3322,Pooja Ansari,24,13/08/2024,Male,WhatsApp,485,121,364,24.95%,1,1,6.6,12,0.02474226804,2,7,6,Stressed,TRUE,FALSE,FALSE
3124,3323,Pooja Ansari,26,13/01/2024,Female,Snapchat,358,197,161,55.03%,1,2,7.2,24,0.06703910615,3,7,6,Stressed,TRUE,FALSE,FALSE
3892,3324,Pooja Ansari,30,12/07/2024,Female,YouTube,399,239,160,59.90%,1,3,7,20,0.05012531328,3,8,5,Stressed,TRUE,FALSE,FALSE
2683,3324,Pooja Ansari,31,25/02/2025,Male,Instagram,356,178,178,50.00%,1,2,7.2,24,0.06741573034,3,7,6,Stressed,TRUE,TRUE,TRUE
4771,3325,Arjun Reddy,19,15/07/2025,Female,YouTube,502,301,201,59.96%,1,4,6.5,10,0.01992031873,3,8,5,Stressed,FALSE,FALSE,FALSE
4037,3325,Arjun Reddy,20,08/06/2024,Female,Instagram,495,248,247,50.10%,1,3,6.5,10,0.0202020202,3,8,5,Stressed,TRUE,TRUE,TRUE
4467,3325,Arjun Reddy,21,01/11/2024,Male,YouTube,458,275,183,60.04%,1,4,6.7,14,0.03056768559,3,8,5,Stressed,TRUE,TRUE,TRUE
4327,3326,Arjun Reddy,23,13/05/2025,Male,YouTube,442,265,177,59.95%,1,4,6.8,16,0.03619909502,3,8,5,Stressed,TRUE,FALSE,FALSE
1342,3327,Arjun Reddy,25,29/03/2025,Female,WhatsApp,485,121,364,24.95%,1,1,6.6,12,0.02474226804,2,7,6,Stressed,TRUE,FALSE,FALSE
3573,3328,Arjun Reddy,32,24/07/2025,Female,TikTok,341,222,119,65.10%,1,2,7.3,26,0.07624633431,3,7,6,Stressed,TRUE,FALSE,FALSE
1423,3329,Arjun Reddy,55,15/07/2024,Male,TikTok,189,123,66,65.08%,1,1,8.1,41,0.2169312169,2,6,6,Stressed,TRUE,FALSE,FALSE
2263,3330,Krishna Pawar,14,19/03/2025,Male,Twitter,394,158,236,40.10%,1,1,7,21,0.05329949239,2,7,6,Stressed,FALSE,FALSE,FALSE
4608,3331,Krishna Pawar,24,14/05/2024,Female,YouTube,477,286,191,59.96%,1,4,6.6,12,0.0251572327,3,8,5,Stressed,TRUE,FALSE,FALSE
1343,3332,Krishna Pawar,26,22/05/2025,Female,Facebook,347,121,226,34.87%,1,1,7.3,25,0.07204610951,2,7,6,Stressed,TRUE,FALSE,FALSE
3356,3333,Krishna Pawar,35,18/01/2025,Male,YouTube,348,209,139,60.06%,1,3,7.3,25,0.07183908046,3,7,6,Stressed,TRUE,FALSE,FALSE
2932,3333,Krishna Pawar,35,23/06/2024,Female,Instagram,377,188,189,49.87%,1,3,7.1,22,0.05835543767,3,7,6,Stressed,TRUE,TRUE,TRUE
3885,3334,Ishaan Banerjee,16,17/09/2025,Male,Snapchat,432,238,194,55.09%,1,2,6.8,17,0.03935185185,3,8,5,Stressed,FALSE,FALSE,FALSE
1344,3335,Ishaan Banerjee,24,20/09/2025,Female,WhatsApp,484,121,363,25.00%,1,1,6.6,12,0.02479338843,2,7,6,Stressed,TRUE,FALSE,FALSE
3519,3336,Ishaan Banerjee,27,19/04/2025,Male,Snapchat,399,219,180,54.89%,1,2,7,20,0.05012531328,3,8,5,Stressed,TRUE,FALSE,FALSE
3303,3336,Ishaan Banerjee,28,26/04/2024,Female,YouTube,343,206,137,60.06%,1,3,7.3,26,0.07580174927,3,7,6,Stressed,TRUE,TRUE,TRUE
4005,3337,Ishaan Banerjee,35,03/10/2024,Female,TikTok,379,246,133,64.91%,2,2,7.1,22,0.0580474934,4,8,5,Stressed,TRUE,FALSE,FALSE
1399,3338,Ishaan Banerjee,67,23/03/2024,Female,YouTube,205,123,82,60.00%,1,2,8,40,0.1951219512,2,6,6,Stressed,TRUE,FALSE,FALSE
1347,3339,Aditya Das,21,06/05/2025,Female,WhatsApp,484,121,363,25.00%,1,1,6.6,12,0.02479338843,2,7,6,Stressed,FALSE,FALSE,FALSE
3171,3340,Aditya Das,24,21/02/2024,Female,Twitter,497,199,298,40.04%,1,2,6.5,10,0.02012072435,3,8,5,Stressed,TRUE,FALSE,FALSE
3858,3341,Aditya Das,32,10/06/2025,Male,YouTube,395,237,158,60.00%,1,3,7,20,0.05063291139,3,8,5,Stressed,TRUE,FALSE,FALSE
1645,3342,Aditya Das,49,11/11/2025,Male,YouTube,217,130,87,59.91%,1,2,7.9,38,0.1751152074,2,6,6,Stressed,TRUE,FALSE,FALSE
3263,3343,Avni Reddy,21,03/03/2024,Female,Twitter,510,204,306,40.00%,1,2,6.4,9,0.01764705882,3,8,5,Stressed,FALSE,FALSE,FALSE
4748,3343,Avni Reddy,22,10/01/2024,Female,YouTube,496,298,198,60.08%,1,4,6.5,10,0.02016129032,3,8,5,Stressed,TRUE,TRUE,TRUE
1875,3344,Avni Reddy,37,16/10/2024,Male,Snapchat,250,138,112,55.20%,1,1,7.8,35,0.14,2,6,6,Stressed,TRUE,FALSE,FALSE
1936,3345,Avni Reddy,42,27/04/2025,Male,Snapchat,257,141,116,54.86%,1,1,7.7,34,0.1322957198,2,6,6,Stressed,TRUE,FALSE,FALSE
1348,3346,Avni Reddy,48,06/07/2024,Male,YouTube,201,121,80,60.20%,1,2,8,40,0.1990049751,2,6,6,Stressed,TRUE,FALSE,FALSE
4361,3347,Arjun Pawar,14,06/11/2025,Female,YouTube,445,267,178,60.00%,1,4,6.8,16,0.03595505618,3,8,5,Stressed,FALSE,FALSE,FALSE
3700,3347,Arjun Pawar,14,15/07/2025,Female,Instagram,457,228,229,49.89%,1,3,6.7,14,0.0306345733,3,8,5,Stressed,TRUE,TRUE,TRUE
4355,3348,Arjun Pawar,18,12/10/2025,Female,TikTok,411,267,144,64.96%,2,2,6.9,19,0.04622871046,4,9,4,Stressed,TRUE,FALSE,FALSE
1351,3349,Arjun Pawar,20,19/06/2024,Female,WhatsApp,484,121,363,25.00%,1,1,6.6,12,0.02479338843,2,7,6,Stressed,TRUE,FALSE,FALSE
3085,3350,Arjun Pawar,28,14/06/2025,Male,YouTube,326,196,130,60.12%,1,3,7.4,27,0.08282208589,3,7,6,Stressed,TRUE,FALSE,FALSE
2715,3351,Arjun Pawar,33,21/06/2025,Female,Snapchat,326,179,147,54.91%,1,2,7.4,27,0.08282208589,3,7,6,Stressed,TRUE,FALSE,FALSE
3615,3351,Arjun Pawar,33,11/11/2025,Male,YouTube,374,224,150,59.89%,1,3,7.1,23,0.0614973262,3,7,6,Stressed,TRUE,TRUE,TRUE
2461,3352,Ishaan Patel,15,17/03/2024,Male,Twitter,417,167,250,40.05%,1,1,6.9,18,0.04316546763,3,8,5,Stressed,FALSE,FALSE,FALSE
4398,3352,Ishaan Patel,16,31/01/2025,Female,YouTube,450,270,180,60.00%,1,4,6.8,15,0.03333333333,3,8,5,Stressed,TRUE,TRUE,TRUE
4890,3353,Ishaan Patel,20,05/09/2024,Male,TikTok,484,315,169,65.08%,2,3,6.6,12,0.02479338843,4,9,4,Stressed,TRUE,FALSE,FALSE
3675,3354,Ishaan Patel,24,21/07/2025,Male,Instagram,454,227,227,50.00%,1,3,6.7,15,0.03303964758,3,8,5,Stressed,TRUE,FALSE,FALSE
2215,3355,Ishaan Patel,28,10/04/2024,Female,Twitter,389,156,233,40.10%,1,1,7.1,21,0.05398457584,2,7,6,Stressed,TRUE,FALSE,FALSE
1755,3355,Ishaan Patel,29,22/02/2024,Male,Facebook,382,134,248,35.08%,1,1,7.1,22,0.05759162304,2,7,6,Stressed,TRUE,TRUE,TRUE
4094,3356,Ishaan Patel,32,14/07/2024,Male,TikTok,386,251,135,65.03%,2,2,7.1,21,0.05440414508,4,8,5,Stressed,TRUE,FALSE,FALSE
3437,3357,Ishaan Patel,34,07/05/2024,Female,YouTube,356,214,142,60.11%,1,3,7.2,24,0.06741573034,3,7,6,Stressed,TRUE,FALSE,FALSE
3863,3357,Ishaan Patel,34,09/03/2024,Male,YouTube,395,237,158,60.00%,1,3,7,20,0.05063291139,3,8,5,Stressed,TRUE,TRUE,TRUE
1375,3358,Ishaan Patel,45,13/07/2025,Female,YouTube,204,122,82,59.80%,1,2,8,40,0.1960784314,2,6,6,Stressed,TRUE,FALSE,FALSE
2229,3359,Aadhya Ansari,16,17/10/2024,Male,Facebook,449,157,292,34.97%,1,1,6.8,15,0.03340757238,2,7,6,Stressed,FALSE,FALSE,FALSE
4918,3360,Aadhya Ansari,22,18/04/2025,Male,TikTok,495,322,173,65.05%,2,3,6.5,10,0.0202020202,4,9,4,Stressed,TRUE,FALSE,FALSE
1378,3361,Aadhya Ansari,25,14/06/2025,Male,WhatsApp,489,122,367,24.95%,1,1,6.6,11,0.02249488753,2,7,6,Stressed,TRUE,FALSE,FALSE
3184,3361,Aadhya Ansari,25,24/07/2024,Male,Twitter,499,200,299,40.08%,1,2,6.5,10,0.02004008016,3,8,5,Stressed,TRUE,TRUE,TRUE
4965,3361,Aadhya Ansari,25,04/11/2024,Male,TikTok,509,331,178,65.03%,2,3,6.5,9,0.01768172888,4,9,4,Stressed,TRUE,TRUE,TRUE
3492,3362,Aadhya Ansari,29,23/09/2025,Male,YouTube,362,217,145,59.94%,1,3,7.2,24,0.06629834254,3,7,6,Stressed,TRUE,FALSE,FALSE
3945,3363,Kavya Kulkarni,15,05/04/2025,Female,Snapchat,440,242,198,55.00%,1,2,6.8,16,0.03636363636,3,8,5,Stressed,FALSE,FALSE,FALSE
4142,3364,Kavya Kulkarni,18,26/04/2025,Female,Snapchat,460,253,207,55.00%,1,2,6.7,14,0.03043478261,3,8,5,Stressed,TRUE,FALSE,FALSE
2216,3365,Kavya Kulkarni,21,13/09/2024,Male,Facebook,447,156,291,34.90%,1,1,6.8,15,0.03355704698,2,7,6,Stressed,TRUE,FALSE,FALSE
3258,3366,Kavya Kulkarni,23,19/10/2025,Female,Twitter,510,204,306,40.00%,1,2,6.4,9,0.01764705882,3,8,5,Stressed,TRUE,FALSE,FALSE
1382,3367,Kavya Kulkarni,42,28/10/2024,Male,Instagram,244,122,122,50.00%,1,2,7.8,36,0.1475409836,2,6,6,Stressed,TRUE,FALSE,FALSE
4622,3368,Payal Deshmukh,20,15/11/2024,Male,TikTok,441,287,154,65.08%,2,3,6.8,16,0.03628117914,4,9,4,Stressed,FALSE,FALSE,FALSE
4584,3368,Payal Deshmukh,20,19/07/2025,Female,Snapchat,519,285,234,54.91%,1,3,6.4,8,0.01541425819,3,8,5,Stressed,TRUE,TRUE,TRUE
1383,3369,Payal Deshmukh,22,19/01/2025,Female,WhatsApp,488,122,366,25.00%,1,1,6.6,11,0.02254098361,2,7,6,Stressed,TRUE,FALSE,FALSE
3593,3370,Payal Deshmukh,27,26/04/2024,Female,YouTube,372,223,149,59.95%,1,3,7.1,23,0.06182795699,3,7,6,Stressed,TRUE,FALSE,FALSE
3116,3371,Payal Deshmukh,30,15/08/2025,Female,YouTube,328,197,131,60.06%,1,3,7.4,27,0.08231707317,3,7,6,Stressed,TRUE,FALSE,FALSE
1889,3372,Payal Deshmukh,36,02/11/2024,Male,Snapchat,252,139,113,55.16%,1,1,7.7,35,0.1388888889,2,6,6,Stressed,TRUE,FALSE,FALSE
1590,3373,Payal Deshmukh,40,14/02/2025,Male,YouTube,214,128,86,59.81%,1,2,7.9,39,0.1822429907,2,6,6,Stressed,TRUE,FALSE,FALSE
3244,3374,Sai Khan,20,09/02/2025,Female,Twitter,507,203,304,40.04%,1,2,6.5,9,0.01775147929,3,8,5,Stressed,FALSE,FALSE,FALSE
2171,3374,Sai Khan,21,05/11/2025,Female,Facebook,442,155,287,35.07%,1,1,6.8,16,0.03619909502,2,7,6,Stressed,TRUE,TRUE,TRUE
2862,3375,Sai Khan,23,13/08/2025,Female,Twitter,461,184,277,39.91%,1,2,6.7,14,0.03036876356,3,8,5,Stressed,TRUE,FALSE,FALSE
1388,3376,Sai Khan,25,26/02/2025,Male,WhatsApp,487,122,365,25.05%,1,1,6.6,11,0.02258726899,2,7,6,Stressed,TRUE,FALSE,FALSE
3900,3377,Sai Khan,34,30/06/2024,Female,TikTok,367,239,128,65.12%,2,2,7.2,23,0.06267029973,4,8,5,Stressed,TRUE,FALSE,FALSE
2248,3378,Sai Khan,40,22/10/2024,Male,YouTube,263,158,105,60.08%,1,2,7.7,34,0.1292775665,2,6,6,Stressed,TRUE,FALSE,FALSE
2249,3379,Vihaan Ansari,16,18/09/2025,Male,Twitter,394,158,236,40.10%,1,1,7,21,0.05329949239,2,7,6,Stressed,FALSE,FALSE,FALSE
1390,3380,Vihaan Ansari,20,12/10/2024,Male,WhatsApp,487,122,365,25.05%,1,1,6.6,11,0.02258726899,2,7,6,Stressed,TRUE,FALSE,FALSE
4449,3380,Vihaan Ansari,20,28/06/2025,Male,Snapchat,499,274,225,54.91%,1,2,6.5,10,0.02004008016,3,8,5,Stressed,TRUE,TRUE,TRUE
3314,3381,Vihaan Ansari,33,11/10/2025,Female,Snapchat,375,206,169,54.93%,1,2,7.1,22,0.05866666667,3,7,6,Stressed,TRUE,FALSE,FALSE
4444,3382,Sonal Choudhary,16,18/06/2024,Male,YouTube,456,274,182,60.09%,1,4,6.7,14,0.03070175439,3,8,5,Stressed,FALSE,FALSE,FALSE
4793,3383,Sonal Choudhary,22,18/03/2024,Male,TikTok,468,304,164,64.96%,2,3,6.7,13,0.02777777778,4,9,4,Stressed,TRUE,FALSE,FALSE
1405,3384,Sonal Choudhary,34,08/05/2025,Other,Facebook,351,123,228,35.04%,1,1,7.2,25,0.07122507123,2,7,6,Stressed,TRUE,FALSE,FALSE
1853,3385,Aadhya Patil,17,16/10/2025,Female,Facebook,391,137,254,35.04%,1,1,7,21,0.0537084399,2,7,6,Stressed,FALSE,FALSE,FALSE
4853,3386,Aadhya Patil,21,17/02/2025,Male,TikTok,476,309,167,64.92%,2,3,6.6,12,0.02521008403,4,9,4,Stressed,TRUE,FALSE,FALSE
1410,3387,Aadhya Patil,32,30/06/2025,Male,Facebook,352,123,229,34.94%,1,1,7.2,25,0.07102272727,2,7,6,Stressed,TRUE,FALSE,FALSE
1711,3388,Aadhya Patil,37,12/05/2025,Male,Instagram,263,132,131,50.19%,1,2,7.7,34,0.1292775665,2,6,6,Stressed,TRUE,FALSE,FALSE
2476,3389,Krishna Kulkarni,13,01/01/2025,Male,Twitter,419,168,251,40.10%,1,1,6.9,18,0.04295942721,3,8,5,Stressed,FALSE,FALSE,FALSE
4203,3390,Krishna Kulkarni,18,02/08/2024,Other,YouTube,427,256,171,59.95%,1,3,6.9,17,0.03981264637,3,8,5,Stressed,TRUE,FALSE,FALSE
3973,3390,Krishna Kulkarni,19,04/12/2024,Female,Snapchat,444,244,200,54.95%,1,2,6.8,16,0.03603603604,3,8,5,Stressed,TRUE,TRUE,TRUE
1412,3391,Krishna Kulkarni,35,13/02/2025,Male,Facebook,352,123,229,34.94%,1,1,7.2,25,0.07102272727,2,7,6,Stressed,TRUE,FALSE,FALSE
1471,3392,Krishna Kulkarni,37,16/06/2025,Female,Instagram,250,125,125,50.00%,1,2,7.8,35,0.14,2,6,6,Stressed,TRUE,FALSE,FALSE
3062,3393,Aadhya Joshi,15,11/03/2025,Female,Instagram,389,194,195,49.87%,1,3,7.1,21,0.05398457584,3,8,5,Stressed,FALSE,FALSE,FALSE
1900,3393,Aadhya Joshi,16,19/08/2024,Male,Facebook,401,140,261,34.91%,1,1,7,20,0.04987531172,2,7,6,Stressed,TRUE,TRUE,TRUE
2089,3394,Aadhya Joshi,27,07/04/2024,Female,Twitter,377,151,226,40.05%,1,1,7.1,22,0.05835543767,2,7,6,Stressed,TRUE,FALSE,FALSE
1420,3395,Aadhya Joshi,33,29/09/2025,Female,Facebook,352,123,229,34.94%,1,1,7.2,25,0.07102272727,2,7,6,Stressed,TRUE,FALSE,FALSE
3129,3395,Aadhya Joshi,34,06/05/2024,Female,Instagram,394,197,197,50.00%,1,3,7,21,0.05329949239,3,8,5,Stressed,TRUE,TRUE,TRUE
3686,3396,Krishna Shetty,19,06/05/2024,Female,Instagram,456,228,228,50.00%,1,3,6.7,14,0.03070175439,3,8,5,Stressed,FALSE,FALSE,FALSE
1421,3396,Krishna Shetty,20,06/04/2024,Male,WhatsApp,492,123,369,25.00%,1,1,6.5,11,0.02235772358,2,7,6,Stressed,TRUE,TRUE,TRUE
3617,3397,Krishna Shetty,33,16/05/2025,Male,TikTok,344,224,120,65.12%,1,2,7.3,26,0.07558139535,3,7,6,Stressed,TRUE,FALSE,FALSE
1459,3398,Krishna Shetty,36,01/01/2025,Female,Snapchat,225,124,101,55.11%,1,1,7.9,38,0.1688888889,2,6,6,Stressed,TRUE,FALSE,FALSE
1764,3399,Krishna Shetty,43,08/10/2025,Female,Snapchat,243,134,109,55.14%,1,1,7.8,36,0.1481481481,2,6,6,Stressed,TRUE,FALSE,FALSE
1821,3400,Krishna Shetty,45,05/06/2025,Female,TikTok,209,136,73,65.07%,1,1,8,39,0.1866028708,2,6,6,Stressed,TRUE,FALSE,FALSE
4572,3401,Vivaan Joshi,21,25/06/2025,Female,Snapchat,516,284,232,55.04%,1,3,6.4,8,0.01550387597,3,8,5,Stressed,FALSE,FALSE,FALSE
1434,3402,Vivaan Joshi,40,03/07/2024,Male,Snapchat,225,124,101,55.11%,1,1,7.9,38,0.1688888889,2,6,6,Stressed,TRUE,FALSE,FALSE
4368,3403,Jiya Menon,13,26/05/2025,Female,TikTok,411,267,144,64.96%,2,2,6.9,19,0.04622871046,4,9,4,Stressed,FALSE,FALSE,FALSE
2285,3404,Jiya Menon,16,18/01/2024,Male,Facebook,455,159,296,34.95%,1,1,6.7,14,0.03076923077,2,7,6,Stressed,TRUE,FALSE,FALSE
4335,3405,Jiya Menon,19,19/09/2025,Other,YouTube,441,265,176,60.09%,1,4,6.8,16,0.03628117914,3,8,5,Stressed,TRUE,FALSE,FALSE
4613,3406,Jiya Menon,23,15/10/2024,Female,YouTube,479,287,192,59.92%,1,4,6.6,12,0.02505219207,3,8,5,Stressed,TRUE,FALSE,FALSE
1440,3407,Jiya Menon,25,15/06/2024,Female,WhatsApp,495,124,371,25.05%,1,1,6.5,10,0.0202020202,2,7,6,Stressed,TRUE,FALSE,FALSE
1829,3407,Jiya Menon,26,12/11/2025,Female,Twitter,341,136,205,39.88%,1,1,7.3,26,0.07624633431,2,7,6,Stressed,TRUE,TRUE,TRUE
1985,3407,Jiya Menon,27,17/08/2025,Male,Twitter,359,144,215,40.11%,1,1,7.2,24,0.06685236769,2,7,6,Stressed,TRUE,TRUE,TRUE
2848,3407,Jiya Menon,28,29/06/2024,Female,Snapchat,333,183,150,54.95%,1,2,7.3,27,0.08108108108,3,7,6,Stressed,TRUE,TRUE,TRUE
1819,3408,Jiya Menon,32,26/01/2025,Female,Twitter,339,136,203,40.12%,1,1,7.3,26,0.07669616519,2,7,6,Stressed,TRUE,FALSE,FALSE
2095,3409,Kavya Kale,13,22/07/2024,Female,Twitter,381,152,229,39.90%,1,1,7.1,22,0.05774278215,2,7,6,Stressed,FALSE,FALSE,FALSE
4257,3409,Kavya Kale,14,25/05/2024,Female,YouTube,430,258,172,60.00%,1,3,6.8,17,0.03953488372,3,8,5,Stressed,TRUE,TRUE,TRUE
4693,3410,Kavya Kale,21,02/07/2024,Female,YouTube,489,293,196,59.92%,1,4,6.6,11,0.02249488753,3,8,5,Stressed,TRUE,FALSE,FALSE
3143,3410,Kavya Kale,21,05/11/2025,Male,Twitter,495,198,297,40.00%,1,2,6.5,10,0.0202020202,3,8,5,Stressed,TRUE,TRUE,TRUE
3705,3411,Kavya Kale,23,22/08/2025,Female,Instagram,458,229,229,50.00%,1,3,6.7,14,0.03056768559,3,8,5,Stressed,TRUE,FALSE,FALSE
3501,3412,Kavya Kale,30,26/03/2025,Female,Snapchat,396,218,178,55.05%,1,2,7,20,0.05050505051,3,8,5,Stressed,TRUE,FALSE,FALSE
1912,3413,Kavya Kale,33,14/04/2024,Male,Twitter,349,140,209,40.11%,1,1,7.3,25,0.07163323782,2,7,6,Stressed,TRUE,FALSE,FALSE
1446,3414,Kavya Kale,65,24/04/2025,Female,TikTok,190,124,66,65.26%,1,1,8,41,0.2157894737,2,6,6,Stressed,TRUE,FALSE,FALSE
4418,3415,Arjun Khan,17,21/04/2025,Male,TikTok,418,272,146,65.07%,2,2,6.9,18,0.04306220096,4,9,4,Stressed,FALSE,FALSE,FALSE
4757,3416,Arjun Khan,23,30/05/2024,Male,TikTok,460,299,161,65.00%,2,3,6.7,14,0.03043478261,4,9,4,Stressed,TRUE,FALSE,FALSE
1447,3417,Arjun Khan,32,06/09/2024,Female,Facebook,355,124,231,34.93%,1,1,7.2,24,0.0676056338,2,7,6,Stressed,TRUE,FALSE,FALSE
2477,3418,Shaurya Khan,19,23/04/2024,Female,Facebook,481,168,313,34.93%,1,1,6.6,12,0.02494802495,3,8,5,Stressed,FALSE,FALSE,FALSE
4453,3419,Shaurya Khan,23,30/11/2024,Female,YouTube,456,274,182,60.09%,1,4,6.7,14,0.03070175439,3,8,5,Stressed,TRUE,FALSE,FALSE
4765,3420,Shaurya Khan,25,15/09/2025,Male,TikTok,462,300,162,64.94%,2,3,6.7,14,0.0303030303,4,9,4,Stressed,TRUE,FALSE,FALSE
1448,3421,Shaurya Khan,69,08/12/2024,Male,TikTok,190,124,66,65.26%,1,1,8,41,0.2157894737,2,6,6,Stressed,TRUE,FALSE,FALSE
1450,3422,Aditya Reddy,45,07/04/2025,Male,Instagram,247,124,123,50.20%,1,2,7.8,35,0.1417004049,2,6,6,Stressed,FALSE,FALSE,FALSE
3229,3423,Anika Naidu,15,15/01/2024,Male,Instagram,405,202,203,49.88%,1,3,7,20,0.04938271605,3,8,5,Stressed,FALSE,FALSE,FALSE
3693,3424,Anika Naidu,19,05/08/2024,Male,Instagram,456,228,228,50.00%,1,3,6.7,14,0.03070175439,3,8,5,Stressed,TRUE,FALSE,FALSE
4213,3424,Anika Naidu,19,17/08/2024,Male,Snapchat,465,256,209,55.05%,1,2,6.7,14,0.03010752688,3,8,5,Stressed,TRUE,TRUE,TRUE
1451,3424,Anika Naidu,19,23/03/2024,Female,WhatsApp,496,124,372,25.00%,1,1,6.5,10,0.02016129032,2,7,6,Stressed,TRUE,TRUE,TRUE
4993,3424,Anika Naidu,20,07/01/2024,Female,TikTok,517,336,181,64.99%,2,3,6.4,8,0.01547388781,4,9,4,Stressed,TRUE,TRUE,TRUE
4069,3424,Anika Naidu,21,01/01/2024,Female,Instagram,498,249,249,50.00%,1,3,6.5,10,0.02008032129,3,8,5,Stressed,TRUE,TRUE,TRUE
4428,3424,Anika Naidu,22,15/11/2025,Male,YouTube,454,272,182,59.91%,1,4,6.7,15,0.03303964758,3,8,5,Stressed,TRUE,TRUE,TRUE
4573,3425,Anika Naidu,24,02/04/2025,Female,Snapchat,517,284,233,54.93%,1,3,6.4,8,0.01547388781,3,8,5,Stressed,TRUE,FALSE,FALSE
3585,3426,Anika Naidu,33,12/09/2025,Female,YouTube,372,223,149,59.95%,1,3,7.1,23,0.06182795699,3,7,6,Stressed,TRUE,FALSE,FALSE
2816,3426,Anika Naidu,34,05/02/2024,Male,Instagram,365,182,183,49.86%,1,2,7.2,24,0.06575342466,3,7,6,Stressed,TRUE,TRUE,TRUE
2983,3427,Navya Shinde,21,24/09/2025,Female,Twitter,478,191,287,39.96%,1,2,6.6,12,0.02510460251,3,8,5,Stressed,FALSE,FALSE,FALSE
1456,3428,Navya Shinde,29,23/10/2025,Female,Facebook,355,124,231,34.93%,1,1,7.2,24,0.0676056338,2,7,6,Stressed,TRUE,FALSE,FALSE
1928,3429,Navya Shinde,39,18/01/2024,Male,Snapchat,256,141,115,55.08%,1,1,7.7,34,0.1328125,2,6,6,Stressed,TRUE,FALSE,FALSE
4079,3430,Pooja Menon,22,07/04/2025,Male,Snapchat,454,250,204,55.07%,1,2,6.7,15,0.03303964758,3,8,5,Stressed,FALSE,FALSE,FALSE
2460,3431,Pooja Menon,25,23/12/2024,Female,Facebook,477,167,310,35.01%,1,1,6.6,12,0.0251572327,3,8,5,Stressed,TRUE,FALSE,FALSE
1462,3432,Pooja Menon,29,22/07/2024,Female,Facebook,355,124,231,34.93%,1,1,7.2,24,0.0676056338,2,7,6,Stressed,TRUE,FALSE,FALSE
1709,3433,Pooja Menon,33,07/03/2025,Female,Facebook,378,132,246,34.92%,1,1,7.1,22,0.0582010582,2,7,6,Stressed,TRUE,FALSE,FALSE
1468,3434,Aarav Patel,22,02/09/2025,Male,WhatsApp,499,125,374,25.05%,1,1,6.5,10,0.02004008016,2,7,6,Stressed,FALSE,FALSE,FALSE
2081,3435,Aarav Patel,34,29/10/2025,Female,Twitter,374,150,224,40.11%,1,1,7.1,23,0.0614973262,2,7,6,Stressed,TRUE,FALSE,FALSE
1551,3436,Aarav Patel,57,01/10/2025,Female,YouTube,212,127,85,59.91%,1,2,7.9,39,0.1839622642,2,6,6,Stressed,TRUE,FALSE,FALSE
1469,3437,Saanvi Das,38,14/09/2024,Male,Instagram,250,125,125,50.00%,1,2,7.8,35,0.14,2,6,6,Stressed,FALSE,FALSE,FALSE
2771,3438,Saanvi Das,45,16/07/2024,Male,TikTok,278,181,97,65.11%,1,2,7.6,32,0.1151079137,3,7,6,Stressed,TRUE,FALSE,FALSE
3829,3439,Ananya Patil,19,03/11/2025,Male,Instagram,473,236,237,49.89%,1,3,6.6,13,0.02748414376,3,8,5,Stressed,FALSE,FALSE,FALSE
4408,3439,Ananya Patil,19,02/11/2025,Male,Snapchat,492,271,221,55.08%,1,2,6.5,11,0.02235772358,3,8,5,Stressed,TRUE,TRUE,TRUE
1474,3439,Ananya Patil,20,17/12/2024,Female,WhatsApp,501,125,376,24.95%,1,1,6.5,10,0.01996007984,2,7,6,Stressed,TRUE,TRUE,TRUE
1517,3440,Sai Reddy,20,24/09/2025,Female,WhatsApp,502,126,376,25.10%,1,1,6.5,10,0.01992031873,2,7,6,Stressed,FALSE,TRUE,FALSE
1477,3441,Sai Reddy,23,01/06/2025,Female,WhatsApp,499,125,374,25.05%,1,1,6.5,10,0.02004008016,2,7,6,Stressed,TRUE,FALSE,FALSE
4663,3442,Sai Reddy,25,27/05/2025,Male,TikTok,448,291,157,64.96%,2,3,6.8,15,0.03348214286,4,9,4,Stressed,TRUE,FALSE,FALSE
3043,3443,Krishna Khan,21,20/08/2025,Female,Twitter,485,194,291,40.00%,1,2,6.6,12,0.02474226804,3,8,5,Stressed,FALSE,FALSE,FALSE
2719,3443,Krishna Khan,22,31/01/2024,Female,Twitter,448,179,269,39.96%,1,2,6.8,15,0.03348214286,3,8,5,Stressed,TRUE,TRUE,TRUE
4833,3443,Krishna Khan,22,19/12/2024,Male,TikTok,474,308,166,64.98%,2,3,6.6,13,0.02742616034,4,9,4,Stressed,TRUE,TRUE,TRUE
1482,3443,Krishna Khan,23,22/01/2024,Female,WhatsApp,500,125,375,25.00%,1,1,6.5,10,0.02,2,7,6,Stressed,TRUE,TRUE,TRUE
3103,3444,Krishna Khan,26,29/07/2024,Male,Instagram,393,196,197,49.87%,1,3,7,21,0.0534351145,3,8,5,Stressed,TRUE,FALSE,FALSE
2573,3445,Krishna Khan,33,08/09/2025,Male,Instagram,346,173,173,50.00%,1,2,7.3,25,0.07225433526,3,7,6,Stressed,TRUE,FALSE,FALSE
3397,3446,Diya Das,16,05/11/2024,Male,Instagram,425,212,213,49.88%,1,3,6.9,18,0.04235294118,3,8,5,Stressed,FALSE,FALSE,FALSE
1487,3447,Diya Das,19,16/04/2025,Female,WhatsApp,499,125,374,25.05%,1,1,6.5,10,0.02004008016,2,7,6,Stressed,TRUE,FALSE,FALSE
3534,3448,Diya Das,26,30/06/2025,Male,TikTok,338,220,118,65.09%,1,2,7.3,26,0.07692307692,3,7,6,Stressed,TRUE,FALSE,FALSE
2372,3449,Diya Das,28,08/11/2024,Female,Instagram,325,162,163,49.85%,1,2,7.4,28,0.08615384615,2,7,6,Stressed,TRUE,FALSE,FALSE
1628,3450,Diya Das,30,03/11/2025,Male,Facebook,368,129,239,35.05%,1,1,7.2,23,0.0625,2,7,6,Stressed,TRUE,FALSE,FALSE
3273,3451,Diya Das,32,17/05/2024,Male,YouTube,340,204,136,60.00%,1,3,7.3,26,0.07647058824,3,7,6,Stressed,TRUE,FALSE,FALSE
2377,3452,Navya Gupta,23,27/12/2024,Female,Facebook,466,163,303,34.98%,1,1,6.7,13,0.02789699571,3,8,5,Stressed,FALSE,FALSE,FALSE
2617,3452,Navya Gupta,24,13/12/2024,Female,Facebook,499,175,324,35.07%,1,2,6.5,10,0.02004008016,3,8,5,Stressed,TRUE,TRUE,TRUE
1777,3453,Navya Gupta,27,29/02/2024,Female,Facebook,383,134,249,34.99%,1,1,7.1,22,0.05744125326,2,7,6,Stressed,TRUE,FALSE,FALSE
3140,3454,Navya Gupta,31,14/09/2024,Female,Snapchat,360,198,162,55.00%,1,2,7.2,24,0.06666666667,3,7,6,Stressed,TRUE,FALSE,FALSE
3919,3454,Navya Gupta,31,08/09/2025,Male,TikTok,370,240,130,64.86%,2,2,7.2,23,0.06216216216,4,8,5,Stressed,TRUE,TRUE,TRUE
3453,3454,Navya Gupta,32,22/11/2024,Female,YouTube,358,215,143,60.06%,1,3,7.2,24,0.06703910615,3,7,6,Stressed,TRUE,TRUE,TRUE
3498,3455,Navya Gupta,34,22/01/2025,Male,Snapchat,394,217,177,55.08%,1,2,7,21,0.05329949239,3,8,5,Stressed,TRUE,FALSE,FALSE
1951,3456,Navya Gupta,39,13/02/2025,Female,TikTok,218,142,76,65.14%,1,1,7.9,38,0.1743119266,2,6,6,Stressed,TRUE,FALSE,FALSE
1490,3457,Navya Gupta,41,01/09/2024,Male,Snapchat,227,125,102,55.07%,1,1,7.9,37,0.1629955947,2,6,6,Stressed,TRUE,FALSE,FALSE
1945,3457,Navya Gupta,41,14/08/2024,Female,YouTube,237,142,95,59.92%,1,2,7.8,36,0.1518987342,2,6,6,Stressed,TRUE,TRUE,TRUE
2233,3458,Myra Pawar,14,24/05/2024,Female,Facebook,448,157,291,35.04%,1,1,6.8,15,0.03348214286,2,7,6,Stressed,FALSE,FALSE,FALSE
2495,3459,Myra Pawar,21,26/04/2024,Female,Facebook,487,170,317,34.91%,1,2,6.6,11,0.02258726899,3,8,5,Stressed,TRUE,FALSE,FALSE
4085,3459,Myra Pawar,22,29/08/2024,Female,Snapchat,455,250,205,54.95%,1,2,6.7,14,0.03076923077,3,8,5,Stressed,TRUE,TRUE,TRUE
3187,3459,Myra Pawar,22,09/03/2025,Male,Twitter,499,200,299,40.08%,1,2,6.5,10,0.02004008016,3,8,5,Stressed,TRUE,TRUE,TRUE
4206,3459,Myra Pawar,22,21/10/2025,Male,Instagram,512,256,256,50.00%,1,3,6.4,9,0.017578125,3,8,5,Stressed,TRUE,TRUE,TRUE
1492,3460,Myra Pawar,25,14/10/2024,Male,WhatsApp,499,125,374,25.05%,1,1,6.5,10,0.02004008016,2,7,6,Stressed,TRUE,FALSE,FALSE
4951,3460,Myra Pawar,25,11/02/2024,Male,TikTok,504,328,176,65.08%,2,3,6.5,10,0.01984126984,4,9,4,Stressed,TRUE,TRUE,TRUE
3897,3461,Meera Yadav,24,26/01/2024,Female,Instagram,478,239,239,50.00%,1,3,6.6,12,0.02510460251,3,8,5,Stressed,FALSE,TRUE,FALSE
3718,3462,Meera Yadav,28,10/06/2024,Female,TikTok,353,229,124,64.87%,2,2,7.2,25,0.07082152975,3,8,5,Stressed,TRUE,FALSE,FALSE
1493,3463,Meera Yadav,39,28/01/2025,Female,Instagram,250,125,125,50.00%,1,2,7.8,35,0.14,2,6,6,Stressed,TRUE,FALSE,FALSE
2572,3463,Meera Yadav,40,12/01/2025,Male,TikTok,266,173,93,65.04%,1,2,7.7,33,0.1240601504,3,7,6,Stressed,TRUE,TRUE,TRUE
3427,3464,Riya Nair,16,12/02/2024,Male,Instagram,426,213,213,50.00%,1,3,6.9,17,0.03990610329,3,8,5,Stressed,FALSE,FALSE,FALSE
4797,3465,Riya Nair,20,15/11/2025,Male,YouTube,506,304,202,60.08%,1,4,6.5,9,0.01778656126,3,8,5,Stressed,TRUE,FALSE,FALSE
4183,3466,Riya Nair,23,26/03/2025,Female,Snapchat,464,255,209,54.96%,1,2,6.7,14,0.03017241379,3,8,5,Stressed,TRUE,FALSE,FALSE
3010,3466,Riya Nair,23,09/10/2024,Male,Twitter,480,192,288,40.00%,1,2,6.6,12,0.025,3,8,5,Stressed,TRUE,TRUE,TRUE
4522,3467,Riya Nair,25,23/03/2024,Male,Snapchat,510,280,230,54.90%,1,2,6.4,9,0.01764705882,3,8,5,Stressed,TRUE,FALSE,FALSE
2887,3468,Riya Nair,29,29/10/2024,Male,Instagram,370,185,185,50.00%,1,2,7.2,23,0.06216216216,3,7,6,Stressed,TRUE,FALSE,FALSE
1495,3468,Riya Nair,30,10/04/2025,Male,Facebook,359,126,233,35.10%,1,1,7.2,24,0.06685236769,2,7,6,Stressed,TRUE,TRUE,TRUE
2957,3469,Riya Nair,33,24/02/2025,Male,Instagram,379,190,189,50.13%,1,3,7.1,22,0.0580474934,3,7,6,Stressed,TRUE,FALSE,FALSE
2568,3470,Riya Nair,36,13/10/2025,Female,TikTok,266,173,93,65.04%,1,2,7.7,33,0.1240601504,3,7,6,Stressed,TRUE,FALSE,FALSE
2428,3471,Saanvi Shetty,20,24/04/2025,Female,Facebook,475,166,309,34.95%,1,1,6.6,12,0.02526315789,3,8,5,Stressed,FALSE,FALSE,FALSE
1500,3472,Saanvi Shetty,26,25/04/2025,Female,Facebook,361,126,235,34.90%,1,1,7.2,24,0.06648199446,2,7,6,Stressed,TRUE,FALSE,FALSE
3298,3473,Saanvi Shetty,31,27/08/2025,Female,Snapchat,375,206,169,54.93%,1,2,7.1,22,0.05866666667,3,7,6,Stressed,TRUE,FALSE,FALSE
1808,3473,Saanvi Shetty,32,14/05/2025,Female,Twitter,341,136,205,39.88%,1,1,7.3,26,0.07624633431,2,7,6,Stressed,TRUE,TRUE,TRUE
3730,3474,Meera Choudhary,16,29/08/2025,Female,YouTube,384,230,154,59.90%,1,3,7.1,22,0.05729166667,3,7,6,Stressed,FALSE,FALSE,FALSE
4881,3475,Meera Choudhary,21,14/10/2024,Female,TikTok,483,314,169,65.01%,2,3,6.6,12,0.0248447205,4,9,4,Stressed,TRUE,FALSE,FALSE
4938,3476,Meera Choudhary,24,26/05/2024,Male,TikTok,500,325,175,65.00%,2,3,6.5,10,0.02,4,9,4,Stressed,TRUE,FALSE,FALSE
1504,3477,Meera Choudhary,29,09/12/2024,Male,Facebook,361,126,235,34.90%,1,1,7.2,24,0.06648199446,2,7,6,Stressed,TRUE,FALSE,FALSE
3597,3478,Meera Choudhary,31,10/12/2024,Female,YouTube,372,223,149,59.95%,1,3,7.1,23,0.06182795699,3,7,6,Stressed,TRUE,FALSE,FALSE
1886,3479,Meera Choudhary,43,19/03/2025,Male,Snapchat,252,139,113,55.16%,1,1,7.7,35,0.1388888889,2,6,6,Stressed,TRUE,FALSE,FALSE
2294,3480,Krishna Mishra,16,18/04/2024,Male,Facebook,455,159,296,34.95%,1,1,6.7,14,0.03076923077,2,7,6,Stressed,FALSE,FALSE,FALSE
1506,3481,Krishna Mishra,19,02/01/2024,Male,WhatsApp,503,126,377,25.05%,1,1,6.5,10,0.01988071571,2,7,6,Stressed,TRUE,FALSE,FALSE
2929,3482,Krishna Mishra,32,02/03/2024,Female,Snapchat,341,188,153,55.13%,1,2,7.3,26,0.07624633431,3,7,6,Stressed,TRUE,FALSE,FALSE
3290,3483,Krishna Mishra,34,03/06/2025,Male,YouTube,342,205,137,59.94%,1,3,7.3,26,0.07602339181,3,7,6,Stressed,TRUE,FALSE,FALSE
2663,3484,Ishaan Ghosh,20,02/10/2025,Male,Facebook,507,177,330,34.91%,1,2,6.5,9,0.01775147929,3,8,5,Stressed,FALSE,FALSE,FALSE
1509,3485,Ishaan Ghosh,41,30/08/2025,Female,YouTube,210,126,84,60.00%,1,2,8,39,0.1857142857,2,6,6,Stressed,TRUE,FALSE,FALSE
4024,3486,Krishna Naidu,19,13/04/2025,Female,Snapchat,449,247,202,55.01%,1,2,6.8,15,0.03340757238,3,8,5,Stressed,FALSE,FALSE,FALSE
4050,3487,Krishna Naidu,21,08/11/2025,Male,Instagram,497,248,249,49.90%,1,3,6.5,10,0.02012072435,3,8,5,Stressed,TRUE,FALSE,FALSE
4574,3488,Krishna Naidu,23,24/09/2025,Male,Snapchat,516,284,232,55.04%,1,3,6.4,8,0.01550387597,3,8,5,Stressed,TRUE,FALSE,FALSE
3958,3489,Krishna Naidu,25,09/02/2025,Female,Snapchat,441,243,198,55.10%,1,2,6.8,16,0.03628117914,3,8,5,Stressed,TRUE,FALSE,FALSE
1518,3489,Krishna Naidu,25,10/12/2024,Other,WhatsApp,506,126,380,24.90%,1,1,6.5,9,0.01778656126,2,7,6,Stressed,TRUE,TRUE,TRUE
2387,3490,Krishna Naidu,39,17/01/2025,Male,YouTube,274,164,110,59.85%,1,2,7.6,33,0.1204379562,3,7,6,Stressed,TRUE,FALSE,FALSE
3072,3491,Vivaan Pawar,21,12/06/2024,Female,Twitter,488,195,293,39.96%,1,2,6.6,11,0.02254098361,3,8,5,Stressed,FALSE,FALSE,FALSE
4022,3491,Vivaan Pawar,21,02/06/2025,Male,Instagram,494,247,247,50.00%,1,3,6.5,11,0.02226720648,3,8,5,Stressed,TRUE,TRUE,TRUE
2800,3491,Vivaan Pawar,21,11/03/2025,Male,Facebook,516,181,335,35.08%,1,2,6.4,8,0.01550387597,3,8,5,Stressed,TRUE,TRUE,TRUE
2498,3492,Vivaan Pawar,25,27/10/2025,Female,Facebook,487,170,317,34.91%,1,2,6.6,11,0.02258726899,3,8,5,Stressed,TRUE,FALSE,FALSE
3948,3493,Vivaan Pawar,27,17/08/2025,Male,TikTok,373,242,131,64.88%,2,2,7.1,23,0.06166219839,4,8,5,Stressed,TRUE,FALSE,FALSE
1519,3493,Vivaan Pawar,28,09/06/2025,Male,Facebook,361,126,235,34.90%,1,1,7.2,24,0.06648199446,2,7,6,Stressed,TRUE,TRUE,TRUE
1850,3493,Vivaan Pawar,28,17/06/2025,Female,Facebook,391,137,254,35.04%,1,1,7,21,0.0537084399,2,7,6,Stressed,TRUE,TRUE,TRUE
4743,3494,Arjun Rathod,22,29/09/2025,Female,TikTok,458,298,160,65.07%,2,3,6.7,14,0.03056768559,4,9,4,Stressed,FALSE,FALSE,FALSE
4956,3494,Arjun Rathod,23,14/07/2025,Other,TikTok,506,329,177,65.02%,2,3,6.5,9,0.01778656126,4,9,4,Stressed,TRUE,TRUE,TRUE
4742,3494,Arjun Rathod,24,12/04/2025,Male,YouTube,496,298,198,60.08%,1,4,6.5,10,0.02016129032,3,8,5,Stressed,TRUE,TRUE,TRUE
3933,3494,Arjun Rathod,25,22/09/2025,Male,Instagram,485,242,243,49.90%,1,3,6.6,12,0.02474226804,3,8,5,Stressed,TRUE,TRUE,TRUE
1872,3495,Arjun Rathod,29,05/06/2024,Female,Twitter,344,138,206,40.12%,1,1,7.3,26,0.07558139535,2,7,6,Stressed,TRUE,FALSE,FALSE
1523,3496,Arjun Rathod,34,08/07/2024,Female,Facebook,359,126,233,35.10%,1,1,7.2,24,0.06685236769,2,7,6,Stressed,TRUE,FALSE,FALSE
1800,3497,Arjun Rathod,41,26/03/2024,Female,YouTube,225,135,90,60.00%,1,2,7.9,38,0.1688888889,2,6,6,Stressed,TRUE,FALSE,FALSE
4371,3498,Aditi Nair,14,15/11/2024,Male,YouTube,446,268,178,60.09%,1,4,6.8,15,0.033632287,3,8,5,Stressed,FALSE,FALSE,FALSE
3241,3499,Aditi Nair,21,08/12/2024,Female,Twitter,505,202,303,40.00%,1,2,6.5,10,0.0198019802,3,8,5,Stressed,TRUE,FALSE,FALSE
1527,3499,Aditi Nair,21,02/02/2025,Other,WhatsApp,507,127,380,25.05%,1,1,6.5,9,0.01775147929,2,7,6,Stressed,TRUE,TRUE,TRUE
3106,3500,Aditi Nair,31,19/02/2025,Male,Snapchat,357,196,161,54.90%,1,2,7.2,24,0.06722689076,3,7,6,Stressed,TRUE,FALSE,FALSE
3787,3500,Aditi Nair,31,30/08/2024,Female,YouTube,388,233,155,60.05%,1,3,7.1,21,0.05412371134,3,8,5,Stressed,TRUE,TRUE,TRUE
4673,3501,Suhani Patil,23,12/09/2024,Female,TikTok,450,292,158,64.89%,2,3,6.8,15,0.03333333333,4,9,4,Stressed,FALSE,FALSE,FALSE
3289,3502,Suhani Patil,27,25/09/2025,Female,Snapchat,373,205,168,54.96%,1,2,7.1,23,0.06166219839,3,7,6,Stressed,TRUE,FALSE,FALSE
1909,3503,Suhani Patil,29,22/07/2024,Male,Twitter,350,140,210,40.00%,1,1,7.2,25,0.07142857143,2,7,6,Stressed,TRUE,FALSE,FALSE
3561,3504,Suhani Patil,34,25/02/2025,Female,YouTube,370,222,148,60.00%,1,3,7.2,23,0.06216216216,3,7,6,Stressed,TRUE,FALSE,FALSE
1529,3505,Suhani Patil,43,04/01/2025,Female,Snapchat,231,127,104,54.98%,1,1,7.8,37,0.1601731602,2,6,6,Stressed,TRUE,FALSE,FALSE
3861,3506,Reyansh Ansari,15,01/06/2024,Male,Snapchat,430,237,193,55.12%,1,2,6.8,17,0.03953488372,3,8,5,Stressed,FALSE,FALSE,FALSE
3982,3507,Reyansh Ansari,20,19/10/2025,Female,Snapchat,444,244,200,54.95%,1,2,6.8,16,0.03603603604,3,8,5,Stressed,TRUE,FALSE,FALSE
4570,3507,Reyansh Ansari,21,09/11/2025,Female,Snapchat,516,284,232,55.04%,1,3,6.4,8,0.01550387597,3,8,5,Stressed,TRUE,TRUE,TRUE
3966,3507,Reyansh Ansari,22,17/02/2024,Female,Snapchat,442,243,199,54.98%,1,2,6.8,16,0.03619909502,3,8,5,Stressed,TRUE,TRUE,TRUE
3544,3508,Reyansh Ansari,29,21/11/2024,Female,TikTok,339,220,119,64.90%,1,2,7.3,26,0.07669616519,3,7,6,Stressed,TRUE,FALSE,FALSE
1531,3509,Reyansh Ansari,66,25/01/2024,Male,TikTok,196,127,69,64.80%,1,1,8,40,0.2040816327,2,6,6,Stressed,TRUE,FALSE,FALSE
2331,3510,Myra Naidu,21,18/11/2024,Male,Facebook,461,161,300,34.92%,1,1,6.7,14,0.03036876356,2,7,6,Stressed,FALSE,FALSE,FALSE
2560,3510,Myra Naidu,22,13/06/2024,Male,Facebook,493,173,320,35.09%,1,2,6.5,11,0.02231237323,3,8,5,Stressed,TRUE,TRUE,TRUE
2919,3511,Myra Naidu,24,12/02/2025,Female,Twitter,467,187,280,40.04%,1,2,6.7,13,0.0278372591,3,8,5,Stressed,TRUE,FALSE,FALSE
4948,3511,Myra Naidu,24,05/07/2024,Male,TikTok,505,328,177,64.95%,2,3,6.5,10,0.0198019802,4,9,4,Stressed,TRUE,TRUE,TRUE
3218,3512,Myra Naidu,30,08/04/2025,Female,YouTube,335,201,134,60.00%,1,3,7.3,26,0.0776119403,3,7,6,Stressed,TRUE,FALSE,FALSE
2641,3513,Myra Naidu,34,01/11/2024,Male,Instagram,353,176,177,49.86%,1,2,7.2,25,0.07082152975,3,7,6,Stressed,TRUE,FALSE,FALSE
1532,3514,Myra Naidu,38,30/01/2024,Other,YouTube,212,127,85,59.91%,1,2,7.9,39,0.1839622642,2,6,6,Stressed,TRUE,FALSE,FALSE
2258,3515,Myra Patil,19,09/06/2025,Female,Facebook,452,158,294,34.96%,1,1,6.7,15,0.03318584071,2,7,6,Stressed,FALSE,FALSE,FALSE
4035,3515,Myra Patil,20,21/04/2025,Female,Snapchat,450,248,202,55.11%,1,2,6.8,15,0.03333333333,3,8,5,Stressed,TRUE,TRUE,TRUE
2836,3516,Myra Patil,26,28/10/2025,Female,Instagram,364,182,182,50.00%,1,2,7.2,24,0.06593406593,3,7,6,Stressed,TRUE,FALSE,FALSE
3458,3517,Myra Patil,28,05/05/2024,Other,TikTok,331,215,116,64.95%,1,2,7.3,27,0.08157099698,3,7,6,Stressed,TRUE,FALSE,FALSE
1542,3518,Myra Patil,35,16/02/2024,Male,Facebook,364,127,237,34.89%,1,1,7.2,24,0.06593406593,2,7,6,Stressed,TRUE,FALSE,FALSE
1545,3519,Avni Pawar,19,12/08/2025,Female,WhatsApp,508,127,381,25.00%,1,1,6.5,9,0.01771653543,2,7,6,Stressed,FALSE,FALSE,FALSE
4161,3520,Avni Pawar,22,04/11/2024,Male,Instagram,508,254,254,50.00%,1,3,6.5,9,0.01771653543,3,8,5,Stressed,TRUE,FALSE,FALSE
2196,3521,Avni Pawar,31,01/01/2025,Male,Twitter,388,155,233,39.95%,1,1,7.1,21,0.05412371134,2,7,6,Stressed,TRUE,FALSE,FALSE
2127,3522,Avni Pawar,34,08/01/2025,Female,Twitter,383,153,230,39.95%,1,1,7.1,22,0.05744125326,2,7,6,Stressed,TRUE,FALSE,FALSE
3059,3523,Anika Rathod,20,09/02/2025,Male,Twitter,484,194,290,40.08%,1,2,6.6,12,0.02479338843,3,8,5,Stressed,FALSE,FALSE,FALSE
3960,3523,Anika Rathod,21,29/09/2025,Male,Instagram,486,243,243,50.00%,1,3,6.6,11,0.02263374486,3,8,5,Stressed,TRUE,TRUE,TRUE
2940,3524,Anika Rathod,28,11/05/2025,Male,Snapchat,344,189,155,54.94%,1,2,7.3,26,0.07558139535,3,7,6,Stressed,TRUE,FALSE,FALSE
3142,3524,Anika Rathod,28,08/07/2025,Other,Instagram,396,198,198,50.00%,1,3,7,20,0.05050505051,3,8,5,Stressed,TRUE,TRUE,TRUE
2425,3525,Anika Rathod,33,19/05/2024,Female,Instagram,332,166,166,50.00%,1,2,7.3,27,0.0813253012,3,7,6,Stressed,TRUE,FALSE,FALSE
1548,3526,Anika Rathod,44,22/10/2025,Male,YouTube,211,127,84,60.19%,1,2,7.9,39,0.1848341232,2,6,6,Stressed,TRUE,FALSE,FALSE
2630,3527,Neha Gupta,15,24/09/2025,Male,Twitter,441,176,265,39.91%,1,2,6.8,16,0.03628117914,3,8,5,Stressed,FALSE,FALSE,FALSE
4672,3528,Neha Gupta,18,21/06/2024,Male,TikTok,449,292,157,65.03%,2,3,6.8,15,0.03340757238,4,9,4,Stressed,TRUE,FALSE,FALSE
3796,3529,Neha Gupta,20,07/02/2025,Male,Instagram,468,234,234,50.00%,1,3,6.7,13,0.02777777778,3,8,5,Stressed,TRUE,FALSE,FALSE
2657,3530,Neha Gupta,24,22/09/2025,Male,Twitter,443,177,266,39.95%,1,2,6.8,16,0.03611738149,3,8,5,Stressed,TRUE,FALSE,FALSE
4942,3530,Neha Gupta,25,27/04/2025,Female,TikTok,502,326,176,64.94%,2,3,6.5,10,0.01992031873,4,9,4,Stressed,TRUE,TRUE,TRUE
1556,3531,Neha Gupta,28,08/11/2025,Male,Facebook,363,127,236,34.99%,1,1,7.2,24,0.06611570248,2,7,6,Stressed,TRUE,FALSE,FALSE
3438,3532,Neha Gupta,32,28/07/2024,Female,TikTok,330,214,116,64.85%,1,2,7.4,27,0.08181818182,3,7,6,Stressed,TRUE,FALSE,FALSE
4856,3533,Avni Rathod,22,03/05/2025,Female,YouTube,516,310,206,60.08%,1,4,6.4,8,0.01550387597,3,8,5,Stressed,FALSE,FALSE,FALSE
3681,3534,Avni Rathod,24,05/02/2024,Female,Instagram,456,228,228,50.00%,1,3,6.7,14,0.03070175439,3,8,5,Stressed,TRUE,FALSE,FALSE
4568,3534,Avni Rathod,24,10/08/2025,Male,Snapchat,516,284,232,55.04%,1,3,6.4,8,0.01550387597,3,8,5,Stressed,TRUE,TRUE,TRUE
3300,3535,Avni Rathod,27,12/04/2025,Female,Snapchat,375,206,169,54.93%,1,2,7.1,22,0.05866666667,3,7,6,Stressed,TRUE,FALSE,FALSE
1562,3536,Avni Rathod,33,07/09/2025,Female,Twitter,321,128,193,39.88%,1,1,7.4,28,0.08722741433,2,7,6,Stressed,TRUE,FALSE,FALSE
1563,3537,Aditya Patil,21,21/10/2025,Male,WhatsApp,511,128,383,25.05%,1,1,6.4,9,0.01761252446,2,7,6,Stressed,FALSE,FALSE,FALSE
4909,3538,Aditya Patil,23,08/02/2024,Male,TikTok,492,320,172,65.04%,2,3,6.5,11,0.02235772358,4,9,4,Stressed,TRUE,FALSE,FALSE
2710,3538,Aditya Patil,24,03/05/2025,Female,Facebook,511,179,332,35.03%,1,2,6.4,9,0.01761252446,3,8,5,Stressed,TRUE,TRUE,TRUE
3913,3539,Aditya Patil,28,02/03/2025,Female,TikTok,369,240,129,65.04%,2,2,7.2,23,0.06233062331,4,8,5,Stressed,TRUE,FALSE,FALSE
4731,3540,Saanvi Banerjee,16,25/07/2024,Male,TikTok,459,298,161,64.92%,2,3,6.7,14,0.03050108932,4,9,4,Stressed,FALSE,FALSE,FALSE
4049,3541,Saanvi Banerjee,23,24/06/2024,Female,Instagram,497,248,249,49.90%,1,3,6.5,10,0.02012072435,3,8,5,Stressed,TRUE,FALSE,FALSE
1564,3542,Saanvi Banerjee,32,14/04/2024,Female,Twitter,320,128,192,40.00%,1,1,7.4,28,0.0875,2,7,6,Stressed,TRUE,FALSE,FALSE
3801,3543,Riya Chauhan,16,15/07/2025,Female,YouTube,390,234,156,60.00%,1,3,7,21,0.05384615385,3,8,5,Stressed,FALSE,FALSE,FALSE
4266,3543,Riya Chauhan,16,26/10/2024,Male,YouTube,432,259,173,59.95%,1,3,6.8,17,0.03935185185,3,8,5,Stressed,TRUE,TRUE,TRUE
4946,3544,Riya Chauhan,21,03/11/2024,Female,TikTok,503,327,176,65.01%,2,3,6.5,10,0.01988071571,4,9,4,Stressed,TRUE,FALSE,FALSE
1568,3545,Riya Chauhan,31,18/01/2024,Female,Facebook,366,128,238,34.97%,1,1,7.2,23,0.06284153005,2,7,6,Stressed,TRUE,FALSE,FALSE
1749,3546,Meera Kulkarni,17,21/06/2024,Male,Facebook,382,134,248,35.08%,1,1,7.1,22,0.05759162304,2,7,6,Stressed,FALSE,FALSE,FALSE
1572,3547,Meera Kulkarni,19,11/01/2025,Female,WhatsApp,510,128,382,25.10%,1,1,6.4,9,0.01764705882,2,7,6,Stressed,TRUE,FALSE,FALSE
2695,3548,Meera Kulkarni,21,29/09/2024,Female,Twitter,444,178,266,40.09%,1,2,6.8,16,0.03603603604,3,8,5,Stressed,TRUE,FALSE,FALSE
4945,3549,Meera Kulkarni,24,20/03/2025,Male,TikTok,503,327,176,65.01%,2,3,6.5,10,0.01988071571,4,9,4,Stressed,TRUE,FALSE,FALSE
2893,3550,Meera Kulkarni,28,07/01/2025,Female,Instagram,373,186,187,49.87%,1,2,7.1,23,0.06166219839,3,7,6,Stressed,TRUE,FALSE,FALSE
1795,3551,Aarohi Rawat,14,14/10/2025,Female,Facebook,385,135,250,35.06%,1,1,7.1,22,0.05714285714,2,7,6,Stressed,FALSE,FALSE,FALSE
4146,3551,Aarohi Rawat,15,09/05/2025,Female,YouTube,422,253,169,59.95%,1,3,6.9,18,0.04265402844,3,8,5,Stressed,TRUE,TRUE,TRUE
3509,3551,Aarohi Rawat,16,10/03/2025,Male,Instagram,435,218,217,50.11%,1,3,6.8,16,0.0367816092,3,8,5,Stressed,TRUE,TRUE,TRUE
3007,3552,Aarohi Rawat,20,23/02/2025,Female,Twitter,480,192,288,40.00%,1,2,6.6,12,0.025,3,8,5,Stressed,TRUE,FALSE,FALSE
3270,3553,Aarohi Rawat,22,17/10/2024,Male,Twitter,510,204,306,40.00%,1,2,6.4,9,0.01764705882,3,8,5,Stressed,TRUE,FALSE,FALSE
4375,3553,Aarohi Rawat,23,28/01/2025,Female,YouTube,446,268,178,60.09%,1,4,6.8,15,0.033632287,3,8,5,Stressed,TRUE,TRUE,TRUE
3457,3554,Aarohi Rawat,31,21/02/2025,Male,YouTube,358,215,143,60.06%,1,3,7.2,24,0.06703910615,3,7,6,Stressed,TRUE,FALSE,FALSE
3071,3555,Aarohi Rawat,35,05/05/2024,Other,Snapchat,355,195,160,54.93%,1,2,7.2,24,0.0676056338,3,7,6,Stressed,TRUE,FALSE,FALSE
1631,3556,Aarohi Rawat,60,24/01/2025,Female,YouTube,215,129,86,60.00%,1,2,7.9,38,0.176744186,2,6,6,Stressed,TRUE,FALSE,FALSE
1576,3557,Aarohi Rawat,62,04/05/2025,Male,TikTok,197,128,69,64.97%,1,1,8,40,0.2030456853,2,6,6,Stressed,TRUE,FALSE,FALSE
4538,3558,Reyansh Mishra,24,19/04/2025,Female,YouTube,468,281,187,60.04%,1,4,6.7,13,0.02777777778,3,8,5,Stressed,FALSE,FALSE,FALSE
2966,3559,Reyansh Mishra,31,10/06/2025,Female,Instagram,381,190,191,49.87%,1,3,7.1,22,0.05774278215,3,7,6,Stressed,TRUE,FALSE,FALSE
1581,3559,Reyansh Mishra,32,02/03/2024,Male,Facebook,366,128,238,34.97%,1,1,7.2,23,0.06284153005,2,7,6,Stressed,TRUE,TRUE,TRUE
1592,3560,Diya Rathod,30,29/05/2024,Female,Twitter,320,128,192,40.00%,1,1,7.4,28,0.0875,2,7,6,Stressed,FALSE,FALSE,FALSE
1849,3560,Diya Rathod,30,27/11/2024,Male,Twitter,343,137,206,39.94%,1,1,7.3,26,0.07580174927,2,7,6,Stressed,TRUE,TRUE,TRUE
2339,3561,Isha Mishra,21,17/12/2024,Male,Facebook,459,161,298,35.08%,1,1,6.7,14,0.03050108932,2,7,6,Stressed,FALSE,FALSE,FALSE
4697,3562,Isha Mishra,23,22/05/2025,Male,TikTok,453,294,159,64.90%,2,3,6.7,15,0.03311258278,4,9,4,Stressed,TRUE,FALSE,FALSE
4837,3562,Isha Mishra,24,16/01/2024,Female,YouTube,514,308,206,59.92%,1,4,6.4,9,0.01750972763,3,8,5,Stressed,TRUE,TRUE,TRUE
3035,3563,Isha Mishra,27,27/11/2024,Male,Snapchat,352,194,158,55.11%,1,2,7.2,25,0.07102272727,3,7,6,Stressed,TRUE,FALSE,FALSE
1621,3564,Isha Mishra,65,27/03/2025,Male,TikTok,198,129,69,65.15%,1,1,8,40,0.202020202,2,6,6,Stressed,TRUE,FALSE,FALSE
2745,3565,Saanvi Mishra,15,04/06/2025,Male,Twitter,450,180,270,40.00%,1,2,6.8,15,0.03333333333,3,8,5,Stressed,FALSE,FALSE,FALSE
2694,3566,Saanvi Mishra,19,25/07/2024,Male,Facebook,510,178,332,34.90%,1,2,6.4,9,0.01764705882,3,8,5,Stressed,TRUE,FALSE,FALSE
1624,3567,Saanvi Mishra,21,28/08/2024,Male,WhatsApp,516,129,387,25.00%,1,1,6.4,8,0.01550387597,2,7,6,Stressed,TRUE,FALSE,FALSE
2812,3568,Saanvi Mishra,24,11/01/2025,Male,Facebook,520,182,338,35.00%,1,2,6.4,8,0.01538461538,3,8,5,Stressed,TRUE,FALSE,FALSE
2938,3569,Saanvi Mishra,28,09/06/2025,Female,Instagram,375,188,187,50.13%,1,3,7.1,22,0.05866666667,3,7,6,Stressed,TRUE,FALSE,FALSE
3468,3570,Saanvi Mishra,32,05/01/2025,Male,TikTok,333,216,117,64.86%,1,2,7.3,27,0.08108108108,3,7,6,Stressed,TRUE,FALSE,FALSE
2468,3570,Saanvi Mishra,33,20/09/2024,Female,Instagram,336,168,168,50.00%,1,2,7.3,26,0.07738095238,3,7,6,Stressed,TRUE,TRUE,TRUE
1747,3570,Saanvi Mishra,33,29/03/2024,Male,Facebook,381,133,248,34.91%,1,1,7.1,22,0.05774278215,2,7,6,Stressed,TRUE,TRUE,TRUE
3230,3570,Saanvi Mishra,34,07/02/2024,Female,Snapchat,367,202,165,55.04%,1,2,7.2,23,0.06267029973,3,7,6,Stressed,TRUE,TRUE,TRUE
3541,3571,Aditya Banerjee,19,07/01/2025,Female,Instagram,441,220,221,49.89%,1,3,6.8,16,0.03628117914,3,8,5,Stressed,FALSE,FALSE,FALSE
4747,3572,Aditya Banerjee,21,29/12/2024,Male,TikTok,458,298,160,65.07%,2,3,6.7,14,0.03056768559,4,9,4,Stressed,TRUE,FALSE,FALSE
1638,3573,Aditya Banerjee,33,28/01/2024,Female,Twitter,322,129,193,40.06%,1,1,7.4,28,0.08695652174,2,7,6,Stressed,TRUE,FALSE,FALSE
2063,3574,Aditya Banerjee,36,10/05/2024,Female,YouTube,248,149,99,60.08%,1,2,7.8,35,0.1411290323,2,6,6,Stressed,TRUE,FALSE,FALSE
1639,3575,Diya Rawat,29,21/04/2025,Female,Facebook,372,130,242,34.95%,1,1,7.1,23,0.06182795699,2,7,6,Stressed,FALSE,FALSE,FALSE
3404,3575,Diya Rawat,30,06/10/2025,Female,Snapchat,386,212,174,54.92%,1,2,7.1,21,0.05440414508,3,8,5,Stressed,TRUE,TRUE,TRUE
2924,3576,Vivaan Nair,23,01/05/2025,Female,Twitter,471,188,283,39.92%,1,2,6.6,13,0.02760084926,3,8,5,Stressed,FALSE,FALSE,FALSE
3726,3576,Vivaan Nair,24,28/02/2025,Female,Instagram,459,230,229,50.11%,1,3,6.7,14,0.03050108932,3,8,5,Stressed,TRUE,TRUE,TRUE
4905,3576,Vivaan Nair,24,17/03/2024,Male,TikTok,491,319,172,64.97%,2,3,6.5,11,0.02240325866,4,9,4,Stressed,TRUE,TRUE,TRUE
1640,3577,Vivaan Nair,60,11/01/2024,Female,TikTok,200,130,70,65.00%,1,1,8,40,0.2,2,6,6,Stressed,TRUE,FALSE,FALSE
2835,3578,Sai Gupta,19,18/06/2025,Male,Twitter,454,182,272,40.09%,1,2,6.7,15,0.03303964758,3,8,5,Stressed,FALSE,FALSE,FALSE
4810,3579,Sai Gupta,22,23/07/2024,Male,YouTube,509,305,204,59.92%,1,4,6.5,9,0.01768172888,3,8,5,Stressed,TRUE,FALSE,FALSE
4987,3579,Sai Gupta,23,23/06/2024,Female,TikTok,515,335,180,65.05%,2,3,6.4,8,0.01553398058,4,9,4,Stressed,TRUE,TRUE,TRUE
3790,3580,Sai Gupta,26,01/05/2024,Female,YouTube,390,234,156,60.00%,1,3,7,21,0.05384615385,3,8,5,Stressed,TRUE,FALSE,FALSE
2286,3580,Sai Gupta,26,13/03/2024,Male,Twitter,397,159,238,40.05%,1,1,7,20,0.05037783375,2,7,6,Stressed,TRUE,TRUE,TRUE
2223,3581,Sai Gupta,37,07/04/2025,Female,TikTok,242,157,85,64.88%,1,1,7.8,36,0.1487603306,2,6,6,Stressed,TRUE,FALSE,FALSE
1643,3582,Sai Gupta,42,18/07/2025,Female,YouTube,216,130,86,60.19%,1,2,7.9,38,0.1759259259,2,6,6,Stressed,TRUE,FALSE,FALSE
2609,3582,Sai Gupta,42,05/02/2024,Female,TikTok,269,175,94,65.06%,1,2,7.7,33,0.1226765799,3,7,6,Stressed,TRUE,TRUE,TRUE
4006,3583,Aditi Ghosh,19,01/07/2025,Female,Instagram,492,246,246,50.00%,1,3,6.5,11,0.02235772358,3,8,5,Stressed,FALSE,FALSE,FALSE
2895,3584,Aditi Ghosh,21,29/10/2025,Male,Twitter,465,186,279,40.00%,1,2,6.7,14,0.03010752688,3,8,5,Stressed,TRUE,FALSE,FALSE
1648,3585,Aditi Ghosh,24,14/12/2024,Male,WhatsApp,518,130,388,25.10%,1,1,6.4,8,0.01544401544,2,7,6,Stressed,TRUE,FALSE,FALSE
4611,3586,Aarohi Das,24,01/03/2025,Male,YouTube,479,287,192,59.92%,1,4,6.6,12,0.02505219207,3,8,5,Stressed,FALSE,TRUE,FALSE
3833,3587,Aarohi Das,28,14/07/2024,Male,TikTok,363,236,127,65.01%,2,2,7.2,24,0.06611570248,4,8,5,Stressed,TRUE,FALSE,FALSE
3670,3588,Aarohi Das,30,09/02/2025,Female,TikTok,349,227,122,65.04%,2,2,7.3,25,0.07163323782,3,8,5,Stressed,TRUE,FALSE,FALSE
1836,3588,Aarohi Das,31,27/07/2025,Female,Twitter,339,136,203,40.12%,1,1,7.3,26,0.07669616519,2,7,6,Stressed,TRUE,TRUE,TRUE
1651,3589,Aarohi Das,39,11/03/2024,Female,Instagram,261,130,131,49.81%,1,2,7.7,34,0.1302681992,2,6,6,Stressed,TRUE,FALSE,FALSE
4980,3590,Vivaan Mishra,21,14/04/2024,Female,TikTok,512,333,179,65.04%,2,3,6.4,9,0.017578125,4,9,4,Stressed,FALSE,FALSE,FALSE
1658,3591,Vivaan Mishra,38,25/07/2025,Male,YouTube,217,130,87,59.91%,1,2,7.9,38,0.1751152074,2,6,6,Stressed,TRUE,FALSE,FALSE
1735,3592,Isha Roy,18,04/06/2024,Male,Facebook,380,133,247,35.00%,1,1,7.1,22,0.05789473684,2,7,6,Stressed,FALSE,FALSE,FALSE
4851,3593,Isha Roy,24,04/07/2024,Female,TikTok,476,309,167,64.92%,2,3,6.6,12,0.02521008403,4,9,4,Stressed,TRUE,FALSE,FALSE
1680,3594,Isha Roy,42,10/10/2024,Male,TikTok,202,131,71,64.85%,1,1,8,40,0.198019802,2,6,6,Stressed,TRUE,FALSE,FALSE
4760,3595,Navya Reddy,21,14/11/2025,Female,YouTube,500,300,200,60.00%,1,4,6.5,10,0.02,3,8,5,Stressed,FALSE,FALSE,FALSE
2729,3595,Navya Reddy,22,22/01/2025,Female,Twitter,447,179,268,40.04%,1,2,6.8,15,0.03355704698,3,8,5,Stressed,TRUE,TRUE,TRUE
2207,3596,Navya Reddy,25,30/05/2024,Male,Facebook,445,156,289,35.06%,1,1,6.8,16,0.03595505618,2,7,6,Stressed,TRUE,FALSE,FALSE
1757,3597,Navya Reddy,27,07/12/2024,Male,Facebook,384,134,250,34.90%,1,1,7.1,22,0.05729166667,2,7,6,Stressed,TRUE,FALSE,FALSE
1684,3598,Navya Reddy,33,24/07/2024,Female,Twitter,327,131,196,40.06%,1,1,7.4,27,0.08256880734,2,7,6,Stressed,TRUE,FALSE,FALSE
1775,3599,Navya Reddy,37,27/12/2024,Female,Instagram,269,134,135,49.81%,1,2,7.7,33,0.1226765799,2,6,6,Stressed,TRUE,FALSE,FALSE
2029,3600,Navya Reddy,39,31/05/2025,Male,Snapchat,267,147,120,55.06%,1,1,7.7,33,0.1235955056,2,6,6,Stressed,TRUE,FALSE,FALSE
3600,3601,Aarohi Roy,13,12/11/2024,Male,Instagram,449,224,225,49.89%,1,3,6.8,15,0.03340757238,3,8,5,Stressed,FALSE,FALSE,FALSE
4052,3602,Aarohi Roy,17,21/10/2025,Male,YouTube,414,248,166,59.90%,1,3,6.9,19,0.04589371981,3,8,5,Stressed,TRUE,FALSE,FALSE
2796,3603,Aarohi Roy,20,24/01/2024,Female,Twitter,453,181,272,39.96%,1,2,6.7,15,0.03311258278,3,8,5,Stressed,TRUE,FALSE,FALSE
2518,3604,Aarohi Roy,22,27/06/2024,Female,Facebook,489,171,318,34.97%,1,2,6.6,11,0.02249488753,3,8,5,Stressed,TRUE,FALSE,FALSE
4078,3604,Aarohi Roy,22,03/06/2024,Male,Instagram,500,250,250,50.00%,1,3,6.5,10,0.02,3,8,5,Stressed,TRUE,TRUE,TRUE
3971,3605,Aarohi Roy,29,27/07/2025,Female,TikTok,376,244,132,64.89%,2,2,7.1,22,0.0585106383,4,8,5,Stressed,TRUE,FALSE,FALSE
1691,3606,Aarohi Roy,31,23/10/2024,Female,Twitter,327,131,196,40.06%,1,1,7.4,27,0.08256880734,2,7,6,Stressed,TRUE,FALSE,FALSE
3056,3607,Ananya Patel,19,26/06/2025,Female,Twitter,484,194,290,40.08%,1,2,6.6,12,0.02479338843,3,8,5,Stressed,FALSE,FALSE,FALSE
2843,3608,Ananya Patel,21,12/10/2025,Female,Twitter,457,183,274,40.04%,1,2,6.7,14,0.0306345733,3,8,5,Stressed,TRUE,FALSE,FALSE
2879,3609,Ananya Patel,23,12/01/2025,Female,Twitter,463,185,278,39.96%,1,2,6.7,14,0.03023758099,3,8,5,Stressed,TRUE,FALSE,FALSE
3105,3610,Ananya Patel,27,04/02/2025,Female,YouTube,327,196,131,59.94%,1,3,7.4,27,0.08256880734,3,7,6,Stressed,TRUE,FALSE,FALSE
1692,3610,Ananya Patel,27,12/12/2024,Other,Facebook,373,131,242,35.12%,1,1,7.1,23,0.06166219839,2,7,6,Stressed,TRUE,TRUE,TRUE
3440,3611,Ananya Patel,31,22/03/2024,Male,YouTube,356,214,142,60.11%,1,3,7.2,24,0.06741573034,3,7,6,Stressed,TRUE,FALSE,FALSE
4836,3612,Riya Patel,25,01/06/2024,Female,YouTube,514,308,206,59.92%,1,4,6.4,9,0.01750972763,3,8,5,Stressed,FALSE,FALSE,FALSE
3483,3613,Riya Patel,29,04/01/2024,Male,TikTok,333,216,117,64.86%,1,2,7.3,27,0.08108108108,3,7,6,Stressed,TRUE,FALSE,FALSE
3250,3613,Riya Patel,29,31/01/2025,Male,YouTube,338,203,135,60.06%,1,3,7.3,26,0.07692307692,3,7,6,Stressed,TRUE,TRUE,TRUE
1731,3614,Riya Patel,43,02/02/2025,Male,TikTok,205,133,72,64.88%,1,1,8,40,0.1951219512,2,6,6,Stressed,TRUE,FALSE,FALSE
1694,3615,Riya Patel,55,27/05/2025,Male,YouTube,219,131,88,59.82%,1,2,7.9,38,0.1735159817,2,6,6,Stressed,TRUE,FALSE,FALSE
3795,3616,Pooja Patil,18,15/04/2025,Male,YouTube,390,234,156,60.00%,1,3,7,21,0.05384615385,3,8,5,Stressed,FALSE,FALSE,FALSE
3052,3617,Pooja Patil,29,20/07/2024,Female,Snapchat,353,194,159,54.96%,1,2,7.2,25,0.07082152975,3,7,6,Stressed,TRUE,FALSE,FALSE
1703,3618,Pooja Patil,31,22/07/2024,Male,Facebook,378,132,246,34.92%,1,1,7.1,22,0.0582010582,2,7,6,Stressed,TRUE,FALSE,FALSE
3398,3618,Pooja Patil,32,30/03/2025,Female,Snapchat,385,212,173,55.06%,1,2,7.1,22,0.05714285714,3,7,6,Stressed,TRUE,TRUE,TRUE
2042,3619,Pooja Patil,37,16/09/2024,Male,TikTok,228,148,80,64.91%,1,1,7.9,37,0.1622807018,2,6,6,Stressed,TRUE,FALSE,FALSE
2533,3620,Jiya Sharma,20,05/12/2024,Male,Facebook,492,172,320,34.96%,1,2,6.5,11,0.02235772358,3,8,5,Stressed,FALSE,FALSE,FALSE
1708,3621,Jiya Sharma,27,20/02/2025,Female,Facebook,376,132,244,35.11%,1,1,7.1,22,0.0585106383,2,7,6,Stressed,TRUE,FALSE,FALSE
3199,3622,Jiya Sharma,32,30/05/2025,Male,Snapchat,364,200,164,54.95%,1,2,7.2,24,0.06593406593,3,7,6,Stressed,TRUE,FALSE,FALSE
2767,3623,Reyansh Khan,19,24/01/2025,Male,Twitter,453,181,272,39.96%,1,2,6.7,15,0.03311258278,3,8,5,Stressed,FALSE,FALSE,FALSE
4874,3623,Reyansh Khan,19,29/03/2024,Female,TikTok,481,313,168,65.07%,2,3,6.6,12,0.02494802495,4,9,4,Stressed,TRUE,TRUE,TRUE
2845,3624,Reyansh Khan,32,22/06/2025,Male,Snapchat,332,183,149,55.12%,1,2,7.3,27,0.0813253012,3,7,6,Stressed,TRUE,FALSE,FALSE
1715,3624,Reyansh Khan,33,23/06/2024,Male,Twitter,329,132,197,40.12%,1,1,7.4,27,0.0820668693,2,7,6,Stressed,TRUE,TRUE,TRUE
2128,3625,Suhani Choudhary,16,22/05/2025,Female,Facebook,436,153,283,35.09%,1,1,6.8,16,0.03669724771,2,7,6,Stressed,FALSE,FALSE,FALSE
4974,3626,Suhani Choudhary,25,29/12/2024,Male,TikTok,510,332,178,65.10%,2,3,6.4,9,0.01764705882,4,9,4,Stressed,TRUE,FALSE,FALSE
1717,3626,Suhani Choudhary,26,20/07/2024,Male,Facebook,378,132,246,34.92%,1,1,7.1,22,0.0582010582,2,7,6,Stressed,TRUE,TRUE,TRUE
3455,3627,Suhani Choudhary,35,22/12/2024,Female,Snapchat,390,215,175,55.13%,1,2,7,21,0.05384615385,3,8,5,Stressed,TRUE,FALSE,FALSE
3192,3628,Shaurya Naidu,27,09/05/2025,Male,Instagram,400,200,200,50.00%,1,3,7,20,0.05,3,8,5,Stressed,FALSE,FALSE,FALSE
3640,3628,Shaurya Naidu,28,20/04/2024,Male,YouTube,377,226,151,59.95%,1,3,7.1,22,0.05835543767,3,7,6,Stressed,TRUE,TRUE,TRUE
1733,3629,Shaurya Naidu,39,20/10/2025,Male,Instagram,266,133,133,50.00%,1,2,7.7,33,0.1240601504,2,6,6,Stressed,TRUE,FALSE,FALSE
1738,3630,Neha Chauhan,14,12/09/2024,Female,Facebook,381,133,248,34.91%,1,1,7.1,22,0.05774278215,2,7,6,Stressed,FALSE,FALSE,FALSE
2528,3631,Neha Chauhan,19,26/12/2024,Female,Facebook,489,171,318,34.97%,1,2,6.6,11,0.02249488753,3,8,5,Stressed,TRUE,FALSE,FALSE
2773,3632,Neha Chauhan,22,13/03/2025,Female,Facebook,516,181,335,35.08%,1,2,6.4,8,0.01550387597,3,8,5,Stressed,TRUE,FALSE,FALSE
4850,3633,Jiya Saxena,23,25/10/2025,Male,YouTube,515,309,206,60.00%,1,4,6.4,8,0.01553398058,3,8,5,Stressed,FALSE,TRUE,FALSE
1744,3634,Jiya Saxena,29,13/02/2025,Male,Facebook,381,133,248,34.91%,1,1,7.1,22,0.05774278215,2,7,6,Stressed,TRUE,FALSE,FALSE
1826,3635,Jiya Saxena,33,16/01/2025,Male,Facebook,389,136,253,34.96%,1,1,7.1,21,0.05398457584,2,7,6,Stressed,TRUE,FALSE,FALSE
2053,3636,Jiya Saxena,43,27/03/2025,Female,TikTok,229,149,80,65.07%,1,1,7.9,37,0.1615720524,2,6,6,Stressed,TRUE,FALSE,FALSE
3669,3637,Aadhya Gupta,18,12/10/2024,Male,Snapchat,412,227,185,55.10%,1,2,6.9,19,0.04611650485,3,8,5,Stressed,FALSE,FALSE,FALSE
4992,3637,Aadhya Gupta,19,07/10/2024,Female,TikTok,517,336,181,64.99%,2,3,6.4,8,0.01547388781,4,9,4,Stressed,TRUE,TRUE,TRUE
2316,3638,Aadhya Gupta,21,17/10/2024,Male,Facebook,457,160,297,35.01%,1,1,6.7,14,0.0306345733,2,7,6,Stressed,TRUE,FALSE,FALSE
4935,3638,Aadhya Gupta,21,13/07/2025,Female,TikTok,500,325,175,65.00%,2,3,6.5,10,0.02,4,9,4,Stressed,TRUE,TRUE,TRUE
4013,3639,Aadhya Gupta,28,18/08/2024,Female,TikTok,379,246,133,64.91%,2,2,7.1,22,0.0580474934,4,8,5,Stressed,TRUE,FALSE,FALSE
1762,3640,Aadhya Gupta,34,02/01/2025,Other,Twitter,336,134,202,39.88%,1,1,7.3,26,0.07738095238,2,7,6,Stressed,TRUE,FALSE,FALSE
3868,3641,Myra Menon,13,25/09/2024,Male,Snapchat,433,238,195,54.97%,1,2,6.8,17,0.03926096998,3,8,5,Stressed,FALSE,FALSE,FALSE
1763,3642,Myra Menon,28,21/02/2025,Female,Facebook,382,134,248,35.08%,1,1,7.1,22,0.05759162304,2,7,6,Stressed,TRUE,FALSE,FALSE
4044,3643,Myra Menon,33,03/06/2024,Female,TikTok,381,248,133,65.09%,2,2,7.1,22,0.05774278215,4,8,5,Stressed,TRUE,FALSE,FALSE
1982,3644,Myra Menon,43,04/09/2024,Male,Snapchat,262,144,118,54.96%,1,1,7.7,34,0.1297709924,2,6,6,Stressed,TRUE,FALSE,FALSE
4311,3645,Shaurya Yadav,18,14/03/2025,Female,YouTube,438,263,175,60.05%,1,4,6.8,16,0.03652968037,3,8,5,Stressed,FALSE,FALSE,FALSE
1767,3646,Shaurya Yadav,43,30/11/2024,Female,Snapchat,244,134,110,54.92%,1,1,7.8,36,0.1475409836,2,6,6,Stressed,TRUE,FALSE,FALSE
1773,3647,Jiya Naidu,17,21/03/2024,Male,Facebook,382,134,248,35.08%,1,1,7.1,22,0.05759162304,2,7,6,Stressed,FALSE,FALSE,FALSE
3247,3647,Jiya Naidu,17,09/06/2025,Male,Instagram,406,203,203,50.00%,1,3,7,19,0.04679802956,3,8,5,Stressed,TRUE,TRUE,TRUE
4941,3648,Jiya Naidu,21,18/01/2024,Male,TikTok,501,326,175,65.07%,2,3,6.5,10,0.01996007984,4,9,4,Stressed,TRUE,FALSE,FALSE
3860,3649,Jiya Naidu,24,10/11/2025,Male,Instagram,474,237,237,50.00%,1,3,6.6,13,0.02742616034,3,8,5,Stressed,TRUE,FALSE,FALSE
4657,3650,Pooja Joshi,19,02/03/2025,Male,YouTube,485,291,194,60.00%,1,4,6.6,12,0.02474226804,3,8,5,Stressed,FALSE,FALSE,FALSE
4147,3651,Pooja Joshi,21,09/07/2025,Male,Snapchat,460,253,207,55.00%,1,2,6.7,14,0.03043478261,3,8,5,Stressed,TRUE,FALSE,FALSE
1781,3652,Pooja Joshi,63,13/04/2025,Female,TikTok,206,134,72,65.05%,1,1,8,39,0.1893203883,2,6,6,Stressed,TRUE,FALSE,FALSE
4380,3653,Krishna Iyer,13,25/10/2024,Female,TikTok,413,268,145,64.89%,2,2,6.9,19,0.04600484262,4,9,4,Stressed,FALSE,FALSE,FALSE
4460,3654,Krishna Iyer,19,31/05/2024,Female,YouTube,456,274,182,60.09%,1,4,6.7,14,0.03070175439,3,8,5,Stressed,TRUE,FALSE,FALSE
3725,3655,Krishna Iyer,21,15/03/2024,Male,Instagram,461,230,231,49.89%,1,3,6.7,14,0.03036876356,3,8,5,Stressed,TRUE,FALSE,FALSE
4753,3656,Krishna Iyer,24,31/08/2025,Female,TikTok,460,299,161,65.00%,2,3,6.7,14,0.03043478261,4,9,4,Stressed,TRUE,FALSE,FALSE
4978,3656,Krishna Iyer,24,14/01/2024,Female,TikTok,512,333,179,65.04%,2,3,6.4,9,0.017578125,4,9,4,Stressed,TRUE,TRUE,TRUE
2366,3657,Krishna Iyer,26,25/07/2025,Male,Instagram,323,162,161,50.15%,1,2,7.4,28,0.0866873065,2,7,6,Stressed,TRUE,FALSE,FALSE
1785,3658,Krishna Iyer,42,02/08/2025,Male,Snapchat,246,135,111,54.88%,1,1,7.8,35,0.1422764228,2,6,6,Stressed,TRUE,FALSE,FALSE
4684,3659,Neha Rathod,20,04/04/2025,Male,YouTube,489,293,196,59.92%,1,4,6.6,11,0.02249488753,3,8,5,Stressed,FALSE,FALSE,FALSE
4309,3660,Neha Rathod,22,22/10/2025,Male,Snapchat,479,263,216,54.91%,1,2,6.6,12,0.02505219207,3,8,5,Stressed,TRUE,FALSE,FALSE
4749,3660,Neha Rathod,22,21/06/2024,Female,YouTube,499,299,200,59.92%,1,4,6.5,10,0.02004008016,3,8,5,Stressed,TRUE,TRUE,TRUE
2165,3661,Neha Rathod,24,20/10/2025,Male,Facebook,440,154,286,35.00%,1,1,6.8,16,0.03636363636,2,7,6,Stressed,TRUE,FALSE,FALSE
2811,3661,Neha Rathod,24,21/08/2025,Male,Facebook,519,182,337,35.07%,1,2,6.4,8,0.01541425819,3,8,5,Stressed,TRUE,TRUE,TRUE
2098,3662,Neha Rathod,37,20/06/2025,Female,YouTube,253,152,101,60.08%,1,2,7.7,35,0.1383399209,2,6,6,Stressed,TRUE,FALSE,FALSE
1792,3663,Neha Rathod,43,09/03/2025,Female,Snapchat,245,135,110,55.10%,1,1,7.8,36,0.1469387755,2,6,6,Stressed,TRUE,FALSE,FALSE
2434,3664,Suhani Reddy,19,20/02/2024,Female,Facebook,473,166,307,35.10%,1,1,6.6,13,0.02748414376,3,8,5,Stressed,FALSE,FALSE,FALSE
2721,3665,Suhani Reddy,21,18/03/2025,Male,Facebook,511,179,332,35.03%,1,2,6.4,9,0.01761252446,3,8,5,Stressed,TRUE,FALSE,FALSE
4489,3666,Suhani Reddy,24,18/04/2025,Female,YouTube,462,277,185,59.96%,1,4,6.7,14,0.0303030303,3,8,5,Stressed,TRUE,FALSE,FALSE
2191,3666,Suhani Reddy,25,11/02/2025,Female,Facebook,443,155,288,34.99%,1,1,6.8,16,0.03611738149,2,7,6,Stressed,TRUE,TRUE,TRUE
4255,3667,Suhani Reddy,29,24/08/2025,Male,TikTok,397,258,139,64.99%,2,2,7,20,0.05037783375,4,9,4,Stressed,TRUE,FALSE,FALSE
1804,3668,Suhani Reddy,44,15/06/2024,Male,Snapchat,246,135,111,54.88%,1,1,7.8,35,0.1422764228,2,6,6,Stressed,TRUE,FALSE,FALSE
4773,3669,Avni Patil,20,04/01/2025,Female,YouTube,501,301,200,60.08%,1,4,6.5,10,0.01996007984,3,8,5,Stressed,FALSE,FALSE,FALSE
4293,3669,Avni Patil,21,14/06/2025,Female,Snapchat,474,261,213,55.06%,1,2,6.6,13,0.02742616034,3,8,5,Stressed,TRUE,TRUE,TRUE
3245,3669,Avni Patil,21,16/02/2024,Female,Twitter,508,203,305,39.96%,1,2,6.5,9,0.01771653543,3,8,5,Stressed,TRUE,TRUE,TRUE
3653,3670,Avni Patil,23,19/08/2024,Female,Instagram,452,226,226,50.00%,1,3,6.7,15,0.03318584071,3,8,5,Stressed,TRUE,FALSE,FALSE
1811,3671,Avni Patil,38,27/11/2024,Male,Instagram,271,136,135,50.18%,1,2,7.6,33,0.1217712177,2,6,6,Stressed,TRUE,FALSE,FALSE
2001,3672,Avni Patil,45,05/05/2024,Male,Snapchat,264,145,119,54.92%,1,1,7.7,34,0.1287878788,2,6,6,Stressed,TRUE,FALSE,FALSE
4456,3673,Ananya Chauhan,14,09/11/2024,Male,YouTube,457,274,183,59.96%,1,4,6.7,14,0.0306345733,3,8,5,Stressed,FALSE,FALSE,FALSE
4388,3674,Ananya Chauhan,22,08/01/2025,Male,Snapchat,489,269,220,55.01%,1,2,6.6,11,0.02249488753,3,8,5,Stressed,TRUE,FALSE,FALSE
3983,3675,Ananya Chauhan,30,01/09/2024,Male,TikTok,375,244,131,65.07%,2,2,7.1,22,0.05866666667,4,8,5,Stressed,TRUE,FALSE,FALSE
2212,3675,Ananya Chauhan,31,27/07/2025,Female,Twitter,391,156,235,39.90%,1,1,7,21,0.0537084399,2,7,6,Stressed,TRUE,TRUE,TRUE
1812,3676,Ananya Chauhan,34,24/01/2025,Male,Facebook,390,136,254,34.87%,1,1,7,21,0.05384615385,2,7,6,Stressed,TRUE,FALSE,FALSE
1919,3677,Ananya Chauhan,36,25/08/2024,Female,Snapchat,255,140,115,54.90%,1,1,7.7,34,0.1333333333,2,6,6,Stressed,TRUE,FALSE,FALSE
4334,3678,Jiya Mishra,22,30/03/2025,Male,Snapchat,482,265,217,54.98%,1,2,6.6,12,0.02489626556,3,8,5,Stressed,FALSE,FALSE,FALSE
4126,3678,Jiya Mishra,23,25/06/2024,Male,Instagram,503,252,251,50.10%,1,3,6.5,10,0.01988071571,3,8,5,Stressed,TRUE,TRUE,TRUE
1815,3679,Jiya Mishra,27,03/03/2025,Female,Facebook,389,136,253,34.96%,1,1,7.1,21,0.05398457584,2,7,6,Stressed,TRUE,FALSE,FALSE
2446,3679,Jiya Mishra,28,27/05/2024,Male,Instagram,333,166,167,49.85%,1,2,7.3,27,0.08108108108,3,7,6,Stressed,TRUE,TRUE,TRUE
3932,3680,Aarohi Mishra,13,26/06/2024,Female,Snapchat,439,241,198,54.90%,1,2,6.8,16,0.03644646925,3,8,5,Stressed,FALSE,FALSE,FALSE
1828,3681,Aarohi Mishra,42,12/07/2025,Female,YouTube,227,136,91,59.91%,1,2,7.9,37,0.1629955947,2,6,6,Stressed,TRUE,FALSE,FALSE
3703,3682,Sai Kale,18,12/11/2024,Female,YouTube,382,229,153,59.95%,1,3,7.1,22,0.05759162304,3,7,6,Stressed,FALSE,FALSE,FALSE
4235,3682,Sai Kale,18,21/07/2024,Female,TikTok,395,257,138,65.06%,2,2,7,20,0.05063291139,4,9,4,Stressed,TRUE,TRUE,TRUE
4501,3683,Sai Kale,24,11/03/2025,Male,YouTube,463,278,185,60.04%,1,4,6.7,14,0.03023758099,3,8,5,Stressed,TRUE,FALSE,FALSE
1834,3684,Sai Kale,27,10/06/2024,Male,Twitter,339,136,203,40.12%,1,1,7.3,26,0.07669616519,2,7,6,Stressed,TRUE,FALSE,FALSE
2662,3685,Aditya Sharma,14,09/10/2025,Female,Twitter,443,177,266,39.95%,1,2,6.8,16,0.03611738149,3,8,5,Stressed,FALSE,FALSE,FALSE
4414,3686,Aditya Sharma,19,06/09/2024,Male,YouTube,451,271,180,60.09%,1,4,6.7,15,0.0332594235,3,8,5,Stressed,TRUE,FALSE,FALSE
4369,3686,Aditya Sharma,20,14/06/2024,Female,YouTube,446,268,178,60.09%,1,4,6.8,15,0.033632287,3,8,5,Stressed,TRUE,TRUE,TRUE
2614,3686,Aditya Sharma,20,15/08/2025,Male,Facebook,501,175,326,34.93%,1,2,6.5,10,0.01996007984,3,8,5,Stressed,TRUE,TRUE,TRUE
2684,3686,Aditya Sharma,21,25/10/2025,Female,Facebook,510,178,332,34.90%,1,2,6.4,9,0.01764705882,3,8,5,Stressed,TRUE,TRUE,TRUE
4466,3687,Aditya Sharma,23,10/05/2024,Male,YouTube,459,275,184,59.91%,1,4,6.7,14,0.03050108932,3,8,5,Stressed,TRUE,FALSE,FALSE
3889,3687,Aditya Sharma,23,27/07/2024,Male,Instagram,478,239,239,50.00%,1,3,6.6,12,0.02510460251,3,8,5,Stressed,TRUE,TRUE,TRUE
2822,3687,Aditya Sharma,24,04/01/2024,Male,Facebook,519,182,337,35.07%,1,2,6.4,8,0.01541425819,3,8,5,Stressed,TRUE,TRUE,TRUE
1856,3688,Aditya Sharma,30,04/07/2024,Female,Facebook,393,138,255,35.11%,1,1,7,21,0.0534351145,2,7,6,Stressed,TRUE,FALSE,FALSE
1971,3688,Aditya Sharma,31,08/08/2024,Male,Twitter,358,143,215,39.94%,1,1,7.2,24,0.06703910615,2,7,6,Stressed,TRUE,TRUE,TRUE
2054,3689,Aditya Sharma,41,10/11/2024,Female,TikTok,229,149,80,65.07%,1,1,7.9,37,0.1615720524,2,6,6,Stressed,TRUE,FALSE,FALSE
2419,3690,Ananya Rathod,23,29/03/2024,Female,Facebook,472,165,307,34.96%,1,1,6.6,13,0.02754237288,3,8,5,Stressed,FALSE,FALSE,FALSE
3508,3691,Ananya Rathod,27,17/08/2024,Male,Snapchat,397,218,179,54.91%,1,2,7,20,0.05037783375,3,8,5,Stressed,TRUE,FALSE,FALSE
1868,3691,Ananya Rathod,28,12/09/2024,Female,Twitter,345,138,207,40.00%,1,1,7.3,26,0.07536231884,2,7,6,Stressed,TRUE,TRUE,TRUE
2138,3692,Ananya Rathod,36,03/01/2025,Female,YouTube,255,153,102,60.00%,1,2,7.7,34,0.1333333333,2,6,6,Stressed,TRUE,FALSE,FALSE
4396,3693,Anika Kulkarni,15,04/10/2024,Male,TikTok,416,270,146,64.90%,2,2,6.9,18,0.04326923077,4,9,4,Stressed,FALSE,FALSE,FALSE
3728,3694,Anika Kulkarni,20,30/07/2025,Female,Instagram,461,230,231,49.89%,1,3,6.7,14,0.03036876356,3,8,5,Stressed,TRUE,FALSE,FALSE
3092,3695,Anika Kulkarni,33,29/08/2025,Female,Instagram,391,196,195,50.13%,1,3,7,21,0.0537084399,3,8,5,Stressed,TRUE,FALSE,FALSE
1879,3696,Anika Kulkarni,40,29/09/2025,Male,Instagram,275,138,137,50.18%,1,2,7.6,32,0.1163636364,2,7,6,Stressed,TRUE,FALSE,FALSE
4032,3697,Reyansh Menon,13,11/07/2025,Female,TikTok,382,248,134,64.92%,2,2,7.1,22,0.05759162304,4,8,5,Stressed,FALSE,FALSE,FALSE
1883,3698,Reyansh Menon,16,11/07/2025,Male,Facebook,396,139,257,35.10%,1,1,7,20,0.05050505051,2,7,6,Stressed,TRUE,FALSE,FALSE
4328,3699,Reyansh Menon,20,20/06/2025,Male,YouTube,441,265,176,60.09%,1,4,6.8,16,0.03628117914,3,8,5,Stressed,TRUE,FALSE,FALSE
2740,3700,Reyansh Menon,22,18/05/2025,Female,Twitter,450,180,270,40.00%,1,2,6.8,15,0.03333333333,3,8,5,Stressed,TRUE,FALSE,FALSE
4216,3701,Reyansh Menon,24,28/10/2024,Male,Instagram,513,256,257,49.90%,1,3,6.4,9,0.01754385965,3,8,5,Stressed,TRUE,FALSE,FALSE
2298,3702,Reyansh Menon,44,23/06/2024,Female,TikTok,246,160,86,65.04%,1,1,7.8,35,0.1422764228,2,6,6,Stressed,TRUE,FALSE,FALSE
2241,3703,Aditya Shetty,13,08/04/2024,Female,Facebook,448,157,291,35.04%,1,1,6.8,15,0.03348214286,2,7,6,Stressed,FALSE,FALSE,FALSE
2653,3704,Aditya Shetty,20,30/10/2024,Female,Twitter,442,177,265,40.05%,1,2,6.8,16,0.03619909502,3,8,5,Stressed,TRUE,FALSE,FALSE
4924,3705,Aditya Shetty,22,26/10/2025,Male,TikTok,496,322,174,64.92%,2,3,6.5,10,0.02016129032,4,9,4,Stressed,TRUE,FALSE,FALSE
4623,3705,Aditya Shetty,23,18/04/2024,Female,TikTok,443,288,155,65.01%,2,3,6.8,16,0.03611738149,4,9,4,Stressed,TRUE,TRUE,TRUE
4868,3705,Aditya Shetty,24,05/08/2024,Female,TikTok,480,312,168,65.00%,2,3,6.6,12,0.025,4,9,4,Stressed,TRUE,TRUE,TRUE
1890,3706,Aditya Shetty,35,05/01/2024,Male,Twitter,348,139,209,39.94%,1,1,7.3,25,0.07183908046,2,7,6,Stressed,TRUE,FALSE,FALSE
3935,3707,Meera Kale,14,05/10/2024,Male,Snapchat,440,242,198,55.00%,1,2,6.8,16,0.03636363636,3,8,5,Stressed,FALSE,FALSE,FALSE
4496,3708,Meera Kale,19,29/06/2025,Female,Snapchat,505,278,227,55.05%,1,2,6.5,10,0.0198019802,3,8,5,Stressed,TRUE,FALSE,FALSE
3943,3708,Meera Kale,20,21/04/2025,Other,Instagram,483,242,241,50.10%,1,3,6.6,12,0.0248447205,3,8,5,Stressed,TRUE,TRUE,TRUE
3747,3708,Meera Kale,21,08/08/2025,Female,Instagram,462,231,231,50.00%,1,3,6.7,14,0.0303030303,3,8,5,Stressed,TRUE,TRUE,TRUE
3452,3709,Meera Kale,26,21/03/2024,Female,TikTok,331,215,116,64.95%,1,2,7.3,27,0.08157099698,3,7,6,Stressed,TRUE,FALSE,FALSE
1893,3710,Meera Kale,28,22/05/2024,Female,Twitter,348,139,209,39.94%,1,1,7.3,25,0.07183908046,2,7,6,Stressed,TRUE,FALSE,FALSE
4061,3711,Diya Banerjee,14,19/10/2025,Female,TikTok,383,249,134,65.01%,2,2,7.1,22,0.05744125326,4,8,5,Stressed,FALSE,FALSE,FALSE
3708,3712,Diya Banerjee,17,28/09/2024,Female,Snapchat,416,229,187,55.05%,1,2,6.9,18,0.04326923077,3,8,5,Stressed,TRUE,FALSE,FALSE
4395,3712,Diya Banerjee,17,01/11/2024,Male,YouTube,450,270,180,60.00%,1,4,6.8,15,0.03333333333,3,8,5,Stressed,TRUE,TRUE,TRUE
4971,3713,Diya Banerjee,20,21/11/2024,Female,TikTok,511,332,179,64.97%,2,3,6.4,9,0.01761252446,4,9,4,Stressed,TRUE,FALSE,FALSE
4803,3714,Diya Banerjee,23,17/03/2024,Male,TikTok,468,304,164,64.96%,2,3,6.7,13,0.02777777778,4,9,4,Stressed,TRUE,FALSE,FALSE
3929,3714,Diya Banerjee,23,11/01/2025,Male,Instagram,482,241,241,50.00%,1,3,6.6,12,0.02489626556,3,8,5,Stressed,TRUE,TRUE,TRUE
4073,3714,Diya Banerjee,24,12/02/2025,Female,Snapchat,453,249,204,54.97%,1,2,6.7,15,0.03311258278,3,8,5,Stressed,TRUE,TRUE,TRUE
1918,3715,Diya Banerjee,28,06/06/2024,Female,Twitter,350,140,210,40.00%,1,1,7.2,25,0.07142857143,2,7,6,Stressed,TRUE,FALSE,FALSE
3441,3716,Diya Banerjee,32,13/03/2025,Female,TikTok,330,214,116,64.85%,1,2,7.4,27,0.08181818182,3,7,6,Stressed,TRUE,FALSE,FALSE
1899,3717,Diya Banerjee,42,31/10/2024,Female,Snapchat,252,139,113,55.16%,1,1,7.7,35,0.1388888889,2,6,6,Stressed,TRUE,FALSE,FALSE
1974,3718,Diya Banerjee,45,13/04/2024,Male,Snapchat,261,144,117,55.17%,1,1,7.7,34,0.1302681992,2,6,6,Stressed,TRUE,FALSE,FALSE
2410,3719,Ananya Rawat,21,15/08/2025,Female,Facebook,472,165,307,34.96%,1,1,6.6,13,0.02754237288,3,8,5,Stressed,FALSE,FALSE,FALSE
1901,3720,Ananya Rawat,45,16/12/2024,Female,Instagram,279,140,139,50.18%,1,2,7.6,32,0.1146953405,2,7,6,Stressed,TRUE,FALSE,FALSE
1902,3721,Krishna Banerjee,16,26/09/2024,Female,Facebook,400,140,260,35.00%,1,1,7,20,0.05,2,7,6,Stressed,FALSE,FALSE,FALSE
3053,3721,Krishna Banerjee,17,17/01/2025,Female,Instagram,388,194,194,50.00%,1,3,7.1,21,0.05412371134,3,8,5,Stressed,TRUE,TRUE,TRUE
3922,3721,Krishna Banerjee,18,12/03/2025,Male,Snapchat,437,240,197,54.92%,1,2,6.8,16,0.03661327231,3,8,5,Stressed,TRUE,TRUE,TRUE
3914,3721,Krishna Banerjee,19,04/11/2025,Female,Instagram,479,240,239,50.10%,1,3,6.6,12,0.02505219207,3,8,5,Stressed,TRUE,TRUE,TRUE
3566,3721,Krishna Banerjee,20,11/08/2025,Male,Instagram,445,222,223,49.89%,1,3,6.8,16,0.03595505618,3,8,5,Stressed,TRUE,TRUE,TRUE
3619,3722,Krishna Banerjee,25,25/10/2024,Male,Instagram,449,224,225,49.89%,1,3,6.8,15,0.03340757238,3,8,5,Stressed,TRUE,FALSE,FALSE
4461,3723,Pooja Iyer,23,25/06/2024,Male,YouTube,459,275,184,59.91%,1,4,6.7,14,0.03050108932,3,8,5,Stressed,FALSE,FALSE,FALSE
2947,3724,Pooja Iyer,25,01/10/2025,Male,Twitter,473,189,284,39.96%,1,2,6.6,13,0.02748414376,3,8,5,Stressed,TRUE,FALSE,FALSE
1906,3725,Pooja Iyer,27,16/07/2025,Female,Twitter,349,140,209,40.11%,1,1,7.3,25,0.07163323782,2,7,6,Stressed,TRUE,FALSE,FALSE
4564,3726,Shaurya Mishra,23,05/07/2024,Male,YouTube,472,283,189,59.96%,1,4,6.6,13,0.02754237288,3,8,5,Stressed,FALSE,FALSE,FALSE
4178,3726,Shaurya Mishra,23,07/07/2025,Female,Instagram,510,255,255,50.00%,1,3,6.4,9,0.01764705882,3,8,5,Stressed,TRUE,TRUE,TRUE
1910,3727,Shaurya Mishra,42,06/12/2024,Female,YouTube,234,140,94,59.83%,1,2,7.8,37,0.1581196581,2,6,6,Stressed,TRUE,FALSE,FALSE
4543,3728,Navya Rathod,18,25/08/2024,Male,TikTok,434,282,152,64.98%,2,3,6.8,17,0.03917050691,4,9,4,Stressed,FALSE,FALSE,FALSE
1924,3729,Navya Rathod,31,28/02/2024,Female,Twitter,349,140,209,40.11%,1,1,7.3,25,0.07163323782,2,7,6,Stressed,TRUE,FALSE,FALSE
2880,3730,Payal Roy,19,06/07/2025,Male,Twitter,462,185,277,40.04%,1,2,6.7,14,0.0303030303,3,8,5,Stressed,FALSE,FALSE,FALSE
2275,3730,Payal Roy,20,31/01/2025,Male,Facebook,453,159,294,35.10%,1,1,6.7,15,0.03311258278,2,7,6,Stressed,TRUE,TRUE,TRUE
4929,3731,Payal Roy,25,16/09/2024,Male,TikTok,497,323,174,64.99%,2,3,6.5,10,0.02012072435,4,9,4,Stressed,TRUE,FALSE,FALSE
1931,3732,Payal Roy,36,22/09/2025,Male,TikTok,217,141,76,64.98%,1,1,7.9,38,0.1751152074,2,6,6,Stressed,TRUE,FALSE,FALSE
2027,3732,Payal Roy,36,18/04/2025,Female,YouTube,245,147,98,60.00%,1,2,7.8,36,0.1469387755,2,6,6,Stressed,TRUE,TRUE,TRUE
1941,3733,Neha Naidu,17,21/03/2024,Male,Facebook,405,142,263,35.06%,1,1,7,20,0.04938271605,2,7,6,Stressed,FALSE,FALSE,FALSE
2232,3733,Neha Naidu,18,10/09/2025,Female,Twitter,393,157,236,39.95%,1,1,7,21,0.0534351145,2,7,6,Stressed,TRUE,TRUE,TRUE
2300,3734,Neha Naidu,31,06/10/2024,Female,Twitter,400,160,240,40.00%,1,1,7,20,0.05,2,7,6,Stressed,TRUE,FALSE,FALSE
2201,3735,Neha Naidu,44,06/11/2025,Male,TikTok,240,156,84,65.00%,1,1,7.8,36,0.15,2,6,6,Stressed,TRUE,FALSE,FALSE
2399,3736,Saanvi Patel,23,13/10/2025,Male,Facebook,468,164,304,35.04%,1,1,6.7,13,0.02777777778,3,8,5,Stressed,FALSE,FALSE,FALSE
4861,3736,Saanvi Patel,23,21/07/2024,Male,TikTok,478,311,167,65.06%,2,3,6.6,12,0.02510460251,4,9,4,Stressed,TRUE,TRUE,TRUE
2870,3737,Saanvi Patel,27,22/05/2024,Male,Snapchat,334,184,150,55.09%,1,2,7.3,27,0.08083832335,3,7,6,Stressed,TRUE,FALSE,FALSE
1943,3738,Saanvi Patel,33,24/01/2024,Male,Twitter,356,142,214,39.89%,1,1,7.2,24,0.06741573034,2,7,6,Stressed,TRUE,FALSE,FALSE
1957,3739,Aadhya Pawar,26,23/10/2024,Female,Twitter,356,142,214,39.89%,1,1,7.2,24,0.06741573034,2,7,6,Stressed,FALSE,FALSE,FALSE
3664,3740,Aadhya Pawar,35,13/09/2025,Female,YouTube,378,227,151,60.05%,1,3,7.1,22,0.0582010582,3,7,6,Stressed,TRUE,FALSE,FALSE
1996,3741,Kavya Roy,13,24/07/2025,Male,Facebook,415,145,270,34.94%,1,1,6.9,18,0.04337349398,2,7,6,Stressed,FALSE,FALSE,FALSE
3201,3742,Kavya Roy,22,07/09/2025,Female,Twitter,499,200,299,40.08%,1,2,6.5,10,0.02004008016,3,8,5,Stressed,TRUE,FALSE,FALSE
3002,3743,Kavya Roy,33,18/12/2024,Female,Snapchat,349,192,157,55.01%,1,2,7.3,25,0.07163323782,3,7,6,Stressed,TRUE,FALSE,FALSE
2009,3744,Isha Rawat,43,08/01/2024,Male,TikTok,225,146,79,64.89%,1,1,7.9,38,0.1688888889,2,6,6,Stressed,FALSE,FALSE,FALSE
4124,3745,Ishaan Chauhan,13,08/03/2024,Male,YouTube,420,252,168,60.00%,1,3,6.9,18,0.04285714286,3,8,5,Stressed,FALSE,FALSE,FALSE
3560,3745,Ishaan Chauhan,13,20/05/2024,Male,Instagram,444,222,222,50.00%,1,3,6.8,16,0.03603603604,3,8,5,Stressed,TRUE,TRUE,TRUE
3327,3745,Ishaan Chauhan,14,11/08/2025,Male,Instagram,414,207,207,50.00%,1,3,6.9,19,0.04589371981,3,8,5,Stressed,TRUE,TRUE,TRUE
2950,3746,Ishaan Chauhan,20,07/08/2024,Female,Twitter,472,189,283,40.04%,1,2,6.6,13,0.02754237288,3,8,5,Stressed,TRUE,FALSE,FALSE
4118,3747,Ishaan Chauhan,25,09/08/2025,Female,Snapchat,458,252,206,55.02%,1,2,6.7,14,0.03056768559,3,8,5,Stressed,TRUE,FALSE,FALSE
2010,3747,Ishaan Chauhan,26,11/04/2024,Male,Twitter,366,146,220,39.89%,1,1,7.2,23,0.06284153005,2,7,6,Stressed,TRUE,TRUE,TRUE
2016,3748,Vivaan Rathod,14,30/09/2024,Female,Facebook,418,146,272,34.93%,1,1,6.9,18,0.04306220096,2,7,6,Stressed,FALSE,FALSE,FALSE
3838,3749,Vivaan Rathod,21,09/12/2024,Female,Instagram,472,236,236,50.00%,1,3,6.6,13,0.02754237288,3,8,5,Stressed,TRUE,FALSE,FALSE
3601,3750,Vivaan Rathod,23,10/01/2025,Male,Instagram,447,224,223,50.11%,1,3,6.8,15,0.03355704698,3,8,5,Stressed,TRUE,FALSE,FALSE
4188,3751,Vivaan Rathod,33,07/09/2025,Male,TikTok,393,255,138,64.89%,2,2,7,21,0.0534351145,4,8,5,Stressed,TRUE,FALSE,FALSE
2037,3752,Arjun Patil,13,01/11/2024,Male,Facebook,422,148,274,35.07%,1,1,6.9,18,0.04265402844,2,7,6,Stressed,FALSE,FALSE,FALSE
4194,3753,Arjun Patil,19,26/05/2024,Male,Snapchat,466,256,210,54.94%,1,2,6.7,13,0.02789699571,3,8,5,Stressed,TRUE,FALSE,FALSE
4704,3753,Arjun Patil,19,19/04/2024,Male,YouTube,491,295,196,60.08%,1,4,6.5,11,0.02240325866,3,8,5,Stressed,TRUE,TRUE,TRUE
4158,3754,Arjun Patil,23,11/02/2025,Male,Instagram,509,254,255,49.90%,1,3,6.5,9,0.01768172888,3,8,5,Stressed,TRUE,FALSE,FALSE
3183,3755,Arjun Patil,32,24/06/2024,Male,Instagram,400,200,200,50.00%,1,3,7,20,0.05,3,8,5,Stressed,TRUE,FALSE,FALSE
3396,3755,Arjun Patil,33,06/10/2024,Female,Snapchat,386,212,174,54.92%,1,2,7.1,21,0.05440414508,3,8,5,Stressed,TRUE,TRUE,TRUE
2310,3756,Krishna Choudhary,15,19/12/2024,Male,Facebook,457,160,297,35.01%,1,1,6.7,14,0.0306345733,2,7,6,Stressed,FALSE,FALSE,FALSE
3656,3757,Krishna Choudhary,19,11/10/2024,Female,Instagram,453,226,227,49.89%,1,3,6.7,15,0.03311258278,3,8,5,Stressed,TRUE,FALSE,FALSE
2981,3757,Krishna Choudhary,19,31/01/2024,Female,Twitter,477,191,286,40.04%,1,2,6.6,12,0.0251572327,3,8,5,Stressed,TRUE,TRUE,TRUE
2429,3758,Krishna Choudhary,21,23/05/2024,Male,Facebook,473,166,307,35.10%,1,1,6.6,13,0.02748414376,3,8,5,Stressed,TRUE,FALSE,FALSE
3239,3759,Krishna Choudhary,26,01/10/2025,Male,Snapchat,368,202,166,54.89%,1,2,7.2,23,0.0625,3,7,6,Stressed,TRUE,FALSE,FALSE
2076,3760,Krishna Choudhary,39,29/02/2024,Female,Snapchat,273,150,123,54.95%,1,1,7.6,33,0.1208791209,2,6,6,Stressed,TRUE,FALSE,FALSE
3869,3761,Aarav Rawat,19,18/11/2024,Female,Instagram,475,238,237,50.11%,1,3,6.6,12,0.02526315789,3,8,5,Stressed,FALSE,FALSE,FALSE
3180,3762,Aarav Rawat,22,15/10/2025,Female,Twitter,498,199,299,39.96%,1,2,6.5,10,0.02008032129,3,8,5,Stressed,TRUE,FALSE,FALSE
2077,3763,Aarav Rawat,42,26/05/2024,Female,TikTok,231,150,81,64.94%,1,1,7.8,37,0.1601731602,2,6,6,Stressed,TRUE,FALSE,FALSE
2090,3764,Avni Khan,17,21/07/2025,Male,Facebook,432,151,281,34.95%,1,1,6.8,17,0.03935185185,2,7,6,Stressed,FALSE,FALSE,FALSE
3567,3765,Avni Khan,19,18/03/2024,Female,Instagram,444,222,222,50.00%,1,3,6.8,16,0.03603603604,3,8,5,Stressed,TRUE,FALSE,FALSE
2369,3766,Avni Khan,33,07/09/2024,Male,Instagram,323,162,161,50.15%,1,2,7.4,28,0.0866873065,2,7,6,Stressed,TRUE,FALSE,FALSE
4263,3767,Reyansh Chauhan,24,09/06/2025,Female,Instagram,518,259,259,50.00%,1,3,6.4,8,0.01544401544,3,8,5,Stressed,FALSE,FALSE,FALSE
2108,3768,Reyansh Chauhan,36,19/06/2025,Female,TikTok,234,152,82,64.96%,1,1,7.8,37,0.1581196581,2,6,6,Stressed,TRUE,FALSE,FALSE
4589,3769,Kavya Khan,25,25/05/2024,Female,Snapchat,518,285,233,55.02%,1,3,6.4,8,0.01544401544,3,8,5,Stressed,FALSE,FALSE,FALSE
2129,3770,Kavya Khan,36,17/04/2024,Female,Snapchat,279,153,126,54.84%,1,1,7.6,32,0.1146953405,2,7,6,Stressed,TRUE,FALSE,FALSE
3193,3771,Reyansh Joshi,32,31/10/2025,Female,Instagram,399,200,199,50.13%,1,3,7,20,0.05012531328,3,8,5,Stressed,FALSE,FALSE,FALSE
2177,3772,Reyansh Joshi,35,17/11/2024,Male,Twitter,388,155,233,39.95%,1,1,7.1,21,0.05412371134,2,7,6,Stressed,TRUE,FALSE,FALSE
2487,3773,Sonal Saxena,21,24/12/2024,Male,Facebook,483,169,314,34.99%,1,2,6.6,12,0.0248447205,3,8,5,Stressed,FALSE,FALSE,FALSE
3623,3773,Sonal Saxena,22,02/12/2024,Male,Instagram,448,224,224,50.00%,1,3,6.8,15,0.03348214286,3,8,5,Stressed,TRUE,TRUE,TRUE
2539,3774,Sonal Saxena,28,30/12/2024,Female,Instagram,343,172,171,50.15%,1,2,7.3,26,0.07580174927,3,7,6,Stressed,TRUE,FALSE,FALSE
2881,3775,Sonal Saxena,31,16/03/2024,Male,Snapchat,337,185,152,54.90%,1,2,7.3,26,0.07715133531,3,7,6,Stressed,TRUE,FALSE,FALSE
3146,3775,Sonal Saxena,32,30/04/2025,Male,Snapchat,360,198,162,55.00%,1,2,7.2,24,0.06666666667,3,7,6,Stressed,TRUE,TRUE,TRUE
2185,3775,Sonal Saxena,33,16/02/2025,Male,Twitter,388,155,233,39.95%,1,1,7.1,21,0.05412371134,2,7,6,Stressed,TRUE,TRUE,TRUE
3898,3776,Kavya Saxena,26,11/10/2024,Female,YouTube,399,239,160,59.90%,1,3,7,20,0.05012531328,3,8,5,Stressed,FALSE,FALSE,FALSE
3401,3777,Kavya Saxena,30,06/01/2024,Male,Snapchat,386,212,174,54.92%,1,2,7.1,21,0.05440414508,3,8,5,Stressed,TRUE,FALSE,FALSE
2838,3778,Kavya Saxena,32,04/06/2024,Other,Instagram,363,182,181,50.14%,1,2,7.2,24,0.06611570248,3,7,6,Stressed,TRUE,FALSE,FALSE
2190,3779,Kavya Saxena,44,28/10/2025,Male,YouTube,258,155,103,60.08%,1,2,7.7,34,0.1317829457,2,6,6,Stressed,TRUE,FALSE,FALSE
2204,3780,Sai Banerjee,13,09/11/2025,Female,Twitter,389,156,233,40.10%,1,1,7.1,21,0.05398457584,2,7,6,Stressed,FALSE,FALSE,FALSE
3638,3781,Sai Banerjee,20,12/08/2024,Male,Instagram,451,226,225,50.11%,1,3,6.7,15,0.0332594235,3,8,5,Stressed,TRUE,FALSE,FALSE
4870,3781,Sai Banerjee,20,21/03/2025,Male,TikTok,480,312,168,65.00%,2,3,6.6,12,0.025,4,9,4,Stressed,TRUE,TRUE,TRUE
3141,3782,Sai Banerjee,22,13/02/2025,Male,Twitter,496,198,298,39.92%,1,2,6.5,10,0.02016129032,3,8,5,Stressed,TRUE,FALSE,FALSE
3248,3782,Sai Banerjee,23,03/07/2024,Male,Twitter,508,203,305,39.96%,1,2,6.5,9,0.01771653543,3,8,5,Stressed,TRUE,TRUE,TRUE
4338,3782,Sai Banerjee,24,22/02/2025,Male,Snapchat,483,266,217,55.07%,1,2,6.6,12,0.0248447205,3,8,5,Stressed,TRUE,TRUE,TRUE
4553,3782,Sai Banerjee,25,12/11/2024,Female,YouTube,471,283,188,60.08%,1,4,6.6,13,0.02760084926,3,8,5,Stressed,TRUE,TRUE,TRUE
3523,3782,Sai Banerjee,26,01/09/2024,Male,Snapchat,399,219,180,54.89%,1,2,7,20,0.05012531328,3,8,5,Stressed,TRUE,TRUE,TRUE
3816,3782,Sai Banerjee,27,05/01/2025,Male,TikTok,362,235,127,64.92%,2,2,7.2,24,0.06629834254,4,8,5,Stressed,TRUE,TRUE,TRUE
3424,3783,Pooja Pawar,27,13/10/2024,Female,Snapchat,387,213,174,55.04%,1,2,7.1,21,0.05426356589,3,8,5,Stressed,FALSE,TRUE,FALSE
3930,3784,Pooja Pawar,33,16/06/2024,Male,TikTok,371,241,130,64.96%,2,2,7.1,23,0.06199460916,4,8,5,Stressed,TRUE,FALSE,FALSE
2224,3785,Pooja Pawar,36,07/07/2024,Female,TikTok,242,157,85,64.88%,1,1,7.8,36,0.1487603306,2,6,6,Stressed,TRUE,FALSE,FALSE
4458,3786,Arjun Rawat,19,04/05/2024,Male,Snapchat,498,274,224,55.02%,1,2,6.5,10,0.02008032129,3,8,5,Stressed,FALSE,FALSE,FALSE
2234,3786,Arjun Rawat,20,15/08/2024,Female,Facebook,449,157,292,34.97%,1,1,6.8,15,0.03340757238,2,7,6,Stressed,TRUE,TRUE,TRUE
4906,3786,Arjun Rawat,21,01/08/2025,Male,TikTok,491,319,172,64.97%,2,3,6.5,11,0.02240325866,4,9,4,Stressed,TRUE,TRUE,TRUE
4957,3787,Arjun Rawat,24,29/05/2025,Male,TikTok,506,329,177,65.02%,2,3,6.5,9,0.01778656126,4,9,4,Stressed,TRUE,FALSE,FALSE
4374,3788,Avni Verma,21,06/08/2024,Female,YouTube,447,268,179,59.96%,1,4,6.8,15,0.03355704698,3,8,5,Stressed,FALSE,FALSE,FALSE
4095,3788,Avni Verma,22,08/06/2024,Female,Snapchat,456,251,205,55.04%,1,2,6.7,14,0.03070175439,3,8,5,Stressed,TRUE,TRUE,TRUE
3487,3789,Avni Verma,30,03/05/2025,Male,Snapchat,395,217,178,54.94%,1,2,7,20,0.05063291139,3,8,5,Stressed,TRUE,FALSE,FALSE
2235,3790,Avni Verma,33,27/03/2024,Male,Twitter,393,157,236,39.95%,1,1,7,21,0.0534351145,2,7,6,Stressed,TRUE,FALSE,FALSE
4500,3791,Pooja Mishra,19,01/02/2025,Female,YouTube,464,278,186,59.91%,1,4,6.7,14,0.03017241379,3,8,5,Stressed,FALSE,FALSE,FALSE
4075,3792,Pooja Mishra,21,01/04/2024,Male,Instagram,498,249,249,50.00%,1,3,6.5,10,0.02008032129,3,8,5,Stressed,TRUE,FALSE,FALSE
3194,3793,Pooja Mishra,35,30/05/2024,Female,Snapchat,364,200,164,54.95%,1,2,7.2,24,0.06593406593,3,7,6,Stressed,TRUE,FALSE,FALSE
2238,3793,Pooja Mishra,36,21/05/2024,Female,YouTube,261,157,104,60.15%,1,2,7.7,34,0.1302681992,2,6,6,Stressed,TRUE,TRUE,TRUE
2793,3794,Diya Ghosh,21,26/09/2024,Male,Facebook,518,181,337,34.94%,1,2,6.4,8,0.01544401544,3,8,5,Stressed,FALSE,FALSE,FALSE
4671,3794,Diya Ghosh,22,16/07/2024,Male,YouTube,485,291,194,60.00%,1,4,6.6,12,0.02474226804,3,8,5,Stressed,TRUE,TRUE,TRUE
4191,3795,Diya Ghosh,26,14/04/2025,Male,TikTok,392,255,137,65.05%,2,2,7,21,0.05357142857,4,8,5,Stressed,TRUE,FALSE,FALSE
2246,3795,Diya Ghosh,27,28/08/2024,Female,Twitter,395,158,237,40.00%,1,1,7,20,0.05063291139,2,7,6,Stressed,TRUE,TRUE,TRUE
2290,3796,Ishaan Das,13,26/05/2024,Male,Twitter,397,159,238,40.05%,1,1,7,20,0.05037783375,2,7,6,Stressed,FALSE,FALSE,FALSE
4042,3797,Ishaan Das,18,07/08/2024,Male,Snapchat,450,248,202,55.11%,1,2,6.8,15,0.03333333333,3,8,5,Stressed,TRUE,FALSE,FALSE
2977,3798,Ishaan Das,35,03/09/2025,Female,Snapchat,347,191,156,55.04%,1,2,7.3,25,0.07204610951,3,7,6,Stressed,TRUE,FALSE,FALSE
3990,3799,Reyansh Ghosh,23,12/06/2025,Male,Snapchat,445,245,200,55.06%,1,2,6.8,16,0.03595505618,3,8,5,Stressed,FALSE,FALSE,FALSE
2295,3800,Reyansh Ghosh,35,01/01/2024,Male,Instagram,320,160,160,50.00%,1,2,7.4,28,0.0875,2,7,6,Stressed,TRUE,FALSE,FALSE
2303,3801,Pooja Sharma,15,19/09/2024,Female,Facebook,457,160,297,35.01%,1,1,6.7,14,0.0306345733,2,7,6,Stressed,FALSE,FALSE,FALSE
3268,3802,Pooja Sharma,23,25/04/2024,Male,Twitter,511,204,307,39.92%,1,2,6.4,9,0.01761252446,3,8,5,Stressed,TRUE,FALSE,FALSE
2571,3803,Pooja Sharma,35,23/07/2024,Female,Instagram,346,173,173,50.00%,1,2,7.3,25,0.07225433526,3,7,6,Stressed,TRUE,FALSE,FALSE
3934,3804,Isha Menon,19,29/04/2024,Male,Instagram,484,242,242,50.00%,1,3,6.6,12,0.02479338843,3,8,5,Stressed,FALSE,FALSE,FALSE
2306,3804,Isha Menon,20,25/01/2024,Male,Facebook,458,160,298,34.93%,1,1,6.7,14,0.03056768559,2,7,6,Stressed,TRUE,TRUE,TRUE
3376,3805,Isha Menon,27,03/11/2024,Male,TikTok,325,211,114,64.92%,1,2,7.4,28,0.08615384615,3,7,6,Stressed,TRUE,FALSE,FALSE
2307,3806,Jiya Patil,20,18/07/2024,Male,Facebook,457,160,297,35.01%,1,1,6.7,14,0.0306345733,2,7,6,Stressed,FALSE,FALSE,FALSE
2524,3807,Saanvi Ghosh,18,27/10/2024,Male,Twitter,428,171,257,39.95%,1,2,6.9,17,0.03971962617,3,8,5,Stressed,FALSE,FALSE,FALSE
2693,3808,Saanvi Ghosh,25,08/01/2024,Male,Facebook,508,178,330,35.04%,1,2,6.5,9,0.01771653543,3,8,5,Stressed,TRUE,FALSE,FALSE
4847,3808,Saanvi Ghosh,25,11/03/2025,Female,YouTube,515,309,206,60.00%,1,4,6.4,8,0.01553398058,3,8,5,Stressed,TRUE,TRUE,TRUE
2334,3809,Saanvi Ghosh,44,30/05/2024,Male,YouTube,268,161,107,60.07%,1,2,7.7,33,0.1231343284,2,6,6,Stressed,TRUE,FALSE,FALSE
3831,3810,Aarohi Banerjee,16,23/09/2025,Male,YouTube,393,236,157,60.05%,1,3,7,21,0.0534351145,3,8,5,Stressed,FALSE,FALSE,FALSE
2351,3810,Aarohi Banerjee,16,21/04/2024,Female,Twitter,404,162,242,40.10%,1,1,7,20,0.0495049505,2,7,6,Stressed,TRUE,TRUE,TRUE
4433,3811,Aarohi Banerjee,20,21/09/2024,Male,YouTube,453,272,181,60.04%,1,4,6.7,15,0.03311258278,3,8,5,Stressed,TRUE,FALSE,FALSE
4988,3812,Aarohi Banerjee,24,16/05/2025,Female,TikTok,516,335,181,64.92%,2,3,6.4,8,0.01550387597,4,9,4,Stressed,TRUE,FALSE,FALSE
4703,3812,Aarohi Banerjee,25,12/03/2024,Female,YouTube,492,295,197,59.96%,1,4,6.5,11,0.02235772358,3,8,5,Stressed,TRUE,TRUE,TRUE
3166,3813,Aarohi Banerjee,28,08/09/2025,Male,Instagram,398,199,199,50.00%,1,3,7,20,0.05025125628,3,8,5,Stressed,TRUE,FALSE,FALSE
3782,3814,Aarohi Pawar,18,14/05/2024,Female,YouTube,388,233,155,60.05%,1,3,7.1,21,0.05412371134,3,8,5,Stressed,FALSE,FALSE,FALSE
3798,3814,Aarohi Pawar,19,01/04/2024,Female,Instagram,469,234,235,49.89%,1,3,6.7,13,0.02771855011,3,8,5,Stressed,TRUE,TRUE,TRUE
2355,3815,Aarohi Pawar,37,23/01/2025,Female,TikTok,250,162,88,64.80%,1,1,7.8,35,0.14,2,6,6,Stressed,TRUE,FALSE,FALSE
2405,3816,Aarohi Pawar,39,23/05/2024,Female,YouTube,273,164,109,60.07%,1,2,7.6,33,0.1208791209,3,7,6,Stressed,TRUE,FALSE,FALSE
4249,3817,Vivaan Patel,21,27/03/2025,Female,Snapchat,470,258,212,54.89%,1,2,6.6,13,0.02765957447,3,8,5,Stressed,FALSE,FALSE,FALSE
3891,3818,Vivaan Patel,33,30/09/2025,Female,TikTok,367,239,128,65.12%,2,2,7.2,23,0.06267029973,4,8,5,Stressed,TRUE,FALSE,FALSE
2359,3819,Vivaan Patel,35,09/09/2025,Female,Instagram,323,162,161,50.15%,1,2,7.4,28,0.0866873065,2,7,6,Stressed,TRUE,FALSE,FALSE
2582,3820,Aarav Choudhary,23,21/11/2024,Male,Facebook,496,174,322,35.08%,1,2,6.5,10,0.02016129032,3,8,5,Stressed,FALSE,FALSE,FALSE
2840,3821,Aarav Choudhary,27,05/08/2024,Female,Instagram,365,182,183,49.86%,1,2,7.2,24,0.06575342466,3,7,6,Stressed,TRUE,FALSE,FALSE
4114,3822,Aarav Choudhary,30,14/09/2025,Male,TikTok,388,252,136,64.95%,2,2,7.1,21,0.05412371134,4,8,5,Stressed,TRUE,FALSE,FALSE
2374,3823,Aarav Choudhary,43,24/12/2024,Male,YouTube,271,163,108,60.15%,1,2,7.6,33,0.1217712177,3,7,6,Stressed,TRUE,FALSE,FALSE
4580,3824,Pooja Shinde,13,18/02/2024,Male,TikTok,439,285,154,64.92%,2,3,6.8,16,0.03644646925,4,9,4,Stressed,FALSE,FALSE,FALSE
2681,3825,Pooja Shinde,16,25/07/2024,Male,Twitter,445,178,267,40.00%,1,2,6.8,16,0.03595505618,3,8,5,Stressed,TRUE,FALSE,FALSE
3691,3826,Pooja Shinde,23,06/05/2025,Female,Instagram,456,228,228,50.00%,1,3,6.7,14,0.03070175439,3,8,5,Stressed,TRUE,FALSE,FALSE
2611,3826,Pooja Shinde,23,29/01/2024,Female,Facebook,499,175,324,35.07%,1,2,6.5,10,0.02004008016,3,8,5,Stressed,TRUE,TRUE,TRUE
4152,3826,Pooja Shinde,24,22/02/2025,Male,Snapchat,460,253,207,55.00%,1,2,6.7,14,0.03043478261,3,8,5,Stressed,TRUE,TRUE,TRUE
4506,3826,Pooja Shinde,24,12/08/2025,Male,YouTube,465,279,186,60.00%,1,4,6.7,14,0.03010752688,3,8,5,Stressed,TRUE,TRUE,TRUE
2390,3827,Pooja Shinde,28,11/04/2025,Male,Instagram,327,164,163,50.15%,1,2,7.4,27,0.08256880734,3,7,6,Stressed,TRUE,FALSE,FALSE
4018,3828,Pooja Shinde,31,25/09/2025,Female,TikTok,378,246,132,65.08%,2,2,7.1,22,0.0582010582,4,8,5,Stressed,TRUE,FALSE,FALSE
2421,3829,Myra Shinde,19,06/11/2025,Female,Facebook,471,165,306,35.03%,1,1,6.6,13,0.02760084926,3,8,5,Stressed,FALSE,FALSE,FALSE
4539,3830,Myra Shinde,21,11/06/2024,Male,YouTube,469,281,188,59.91%,1,4,6.7,13,0.02771855011,3,8,5,Stressed,TRUE,FALSE,FALSE
4620,3831,Myra Shinde,24,02/10/2025,Male,TikTok,441,287,154,65.08%,2,3,6.8,16,0.03628117914,4,9,4,Stressed,TRUE,FALSE,FALSE
4215,3831,Myra Shinde,25,05/09/2025,Female,Instagram,512,256,256,50.00%,1,3,6.4,9,0.017578125,3,8,5,Stressed,TRUE,TRUE,TRUE
3328,3831,Myra Shinde,25,12/06/2024,Female,Twitter,517,207,310,40.04%,1,2,6.4,8,0.01547388781,3,8,5,Stressed,TRUE,TRUE,TRUE
3008,3832,Myra Shinde,34,17/02/2025,Female,Instagram,384,192,192,50.00%,1,3,7.1,22,0.05729166667,3,7,6,Stressed,TRUE,FALSE,FALSE
2422,3833,Anika Ansari,21,29/03/2025,Female,Facebook,472,165,307,34.96%,1,1,6.6,13,0.02754237288,3,8,5,Stressed,FALSE,FALSE,FALSE
2821,3834,Anika Ansari,27,06/09/2025,Female,Snapchat,330,182,148,55.15%,1,2,7.4,27,0.08181818182,3,7,6,Stressed,TRUE,FALSE,FALSE
2469,3835,Meera Reddy,19,02/06/2025,Female,Facebook,480,168,312,35.00%,1,1,6.6,12,0.025,3,8,5,Stressed,FALSE,FALSE,FALSE
4315,3836,Meera Reddy,24,20/10/2024,Female,Snapchat,479,263,216,54.91%,1,2,6.6,12,0.02505219207,3,8,5,Stressed,TRUE,FALSE,FALSE
4273,3837,Meera Reddy,32,16/10/2025,Male,TikTok,398,259,139,65.08%,2,2,7,20,0.05025125628,4,9,4,Stressed,TRUE,FALSE,FALSE
4532,3838,Krishna Reddy,15,01/04/2025,Male,TikTok,433,281,152,64.90%,2,2,6.8,17,0.03926096998,4,9,4,Stressed,FALSE,FALSE,FALSE
2496,3839,Krishna Reddy,20,11/04/2025,Male,Facebook,485,170,315,35.05%,1,2,6.6,12,0.02474226804,3,8,5,Stressed,TRUE,FALSE,FALSE
3527,3840,Krishna Reddy,32,31/03/2024,Male,TikTok,338,220,118,65.09%,1,2,7.3,26,0.07692307692,3,7,6,Stressed,TRUE,FALSE,FALSE
3485,3841,Krishna Reddy,35,07/07/2024,Female,Snapchat,392,216,176,55.10%,1,2,7,21,0.05357142857,3,8,5,Stressed,TRUE,FALSE,FALSE
2500,3842,Diya Reddy,21,11/07/2024,Male,Facebook,485,170,315,35.05%,1,2,6.6,12,0.02474226804,3,8,5,Stressed,FALSE,FALSE,FALSE
3612,3843,Diya Reddy,23,24/02/2025,Male,Instagram,447,224,223,50.11%,1,3,6.8,15,0.03355704698,3,8,5,Stressed,TRUE,FALSE,FALSE
2506,3844,Anika Patil,23,10/10/2024,Female,Facebook,485,170,315,35.05%,1,2,6.6,12,0.02474226804,3,8,5,Stressed,FALSE,TRUE,FALSE
3331,3845,Anika Patil,30,09/02/2025,Female,TikTok,320,208,112,65.00%,1,2,7.4,28,0.0875,3,7,6,Stressed,TRUE,FALSE,FALSE
3456,3845,Anika Patil,31,30/08/2024,Female,YouTube,359,215,144,59.89%,1,3,7.2,24,0.06685236769,3,7,6,Stressed,TRUE,TRUE,TRUE
2522,3846,Riya Ansari,24,10/02/2025,Male,Facebook,489,171,318,34.97%,1,2,6.6,11,0.02249488753,3,8,5,Stressed,FALSE,FALSE,FALSE
4508,3847,Navya Das,24,27/06/2025,Male,YouTube,465,279,186,60.00%,1,4,6.7,14,0.03010752688,3,8,5,Stressed,FALSE,TRUE,FALSE
2565,3848,Navya Das,31,24/10/2025,Female,Instagram,346,173,173,50.00%,1,2,7.3,25,0.07225433526,3,7,6,Stressed,TRUE,FALSE,FALSE
3019,3848,Navya Das,32,21/07/2025,Male,Instagram,386,193,193,50.00%,1,3,7.1,21,0.05440414508,3,8,5,Stressed,TRUE,TRUE,TRUE
3774,3849,Diya Choudhary,21,29/11/2024,Female,Instagram,465,232,233,49.89%,1,3,6.7,14,0.03010752688,3,8,5,Stressed,FALSE,FALSE,FALSE
2591,3850,Diya Choudhary,27,16/12/2024,Female,Instagram,347,174,173,50.14%,1,2,7.3,25,0.07204610951,3,7,6,Stressed,TRUE,FALSE,FALSE
3684,3851,Diya Choudhary,31,19/05/2024,Male,TikTok,350,228,122,65.14%,2,2,7.2,25,0.07142857143,3,8,5,Stressed,TRUE,FALSE,FALSE
3517,3852,Diya Choudhary,35,02/07/2025,Male,Snapchat,397,218,179,54.91%,1,2,7,20,0.05037783375,3,8,5,Stressed,TRUE,FALSE,FALSE
4774,3853,Myra Das,19,10/04/2025,Male,TikTok,465,302,163,64.95%,2,3,6.7,14,0.03010752688,4,9,4,Stressed,FALSE,FALSE,FALSE
2615,3853,Myra Das,19,22/09/2025,Male,Facebook,500,175,325,35.00%,1,2,6.5,10,0.02,3,8,5,Stressed,TRUE,TRUE,TRUE
4643,3853,Myra Das,20,14/12/2024,Female,YouTube,481,289,192,60.08%,1,4,6.6,12,0.02494802495,3,8,5,Stressed,TRUE,TRUE,TRUE
4101,3854,Myra Das,22,07/09/2025,Male,Snapchat,456,251,205,55.04%,1,2,6.7,14,0.03070175439,3,8,5,Stressed,TRUE,FALSE,FALSE
4125,3854,Myra Das,22,08/05/2024,Male,Snapchat,458,252,206,55.02%,1,2,6.7,14,0.03056768559,3,8,5,Stressed,TRUE,TRUE,TRUE
4242,3855,Aditya Chauhan,17,11/10/2024,Female,YouTube,430,258,172,60.00%,1,3,6.8,17,0.03953488372,3,8,5,Stressed,FALSE,FALSE,FALSE
3746,3856,Aditya Chauhan,28,09/05/2025,Male,YouTube,385,231,154,60.00%,1,3,7.1,22,0.05714285714,3,7,6,Stressed,TRUE,FALSE,FALSE
3751,3856,Aditya Chauhan,28,08/08/2025,Female,YouTube,385,231,154,60.00%,1,3,7.1,22,0.05714285714,3,7,6,Stressed,TRUE,TRUE,TRUE
2629,3857,Aditya Chauhan,34,25/10/2024,Male,Instagram,352,176,176,50.00%,1,2,7.2,25,0.07102272727,3,7,6,Stressed,TRUE,FALSE,FALSE
2644,3858,Isha Das,19,22/04/2024,Female,Facebook,504,176,328,34.92%,1,2,6.5,10,0.01984126984,3,8,5,Stressed,FALSE,FALSE,FALSE
2633,3858,Isha Das,20,08/09/2025,Female,Facebook,504,176,328,34.92%,1,2,6.5,10,0.01984126984,3,8,5,Stressed,TRUE,TRUE,TRUE
3658,3858,Isha Das,21,04/04/2025,Male,Instagram,452,226,226,50.00%,1,3,6.7,15,0.03318584071,3,8,5,Stressed,TRUE,TRUE,TRUE
3637,3859,Isha Das,30,25/04/2024,Male,TikTok,347,226,121,65.13%,2,2,7.3,25,0.07204610951,3,8,5,Stressed,TRUE,FALSE,FALSE
4937,3860,Meera Iyer,20,10/10/2024,Male,TikTok,500,325,175,65.00%,2,3,6.5,10,0.02,4,9,4,Stressed,FALSE,FALSE,FALSE
4783,3861,Meera Iyer,23,16/05/2024,Female,TikTok,464,302,162,65.09%,2,3,6.7,14,0.03017241379,4,9,4,Stressed,TRUE,FALSE,FALSE
4674,3861,Meera Iyer,24,03/05/2024,Male,YouTube,487,292,195,59.96%,1,4,6.6,11,0.02258726899,3,8,5,Stressed,TRUE,TRUE,TRUE
2649,3861,Meera Iyer,24,01/01/2024,Male,Facebook,507,177,330,34.91%,1,2,6.5,9,0.01775147929,3,8,5,Stressed,TRUE,TRUE,TRUE
2680,3862,Kavya Deshmukh,22,31/03/2024,Female,Twitter,444,178,266,40.09%,1,2,6.8,16,0.03603603604,3,8,5,Stressed,FALSE,FALSE,FALSE
3685,3863,Kavya Deshmukh,31,03/10/2025,Male,TikTok,350,228,122,65.14%,2,2,7.2,25,0.07142857143,3,8,5,Stressed,TRUE,FALSE,FALSE
4639,3864,Jiya Rathod,14,19/08/2024,Male,TikTok,445,289,156,64.94%,2,3,6.8,16,0.03595505618,4,9,4,Stressed,FALSE,FALSE,FALSE
4377,3865,Jiya Rathod,24,06/08/2025,Female,YouTube,447,268,179,59.96%,1,4,6.8,15,0.03355704698,3,8,5,Stressed,TRUE,FALSE,FALSE
2696,3865,Jiya Rathod,24,10/07/2025,Female,Facebook,508,178,330,35.04%,1,2,6.5,9,0.01771653543,3,8,5,Stressed,TRUE,TRUE,TRUE
2931,3866,Jiya Rathod,27,25/03/2024,Male,Instagram,377,188,189,49.87%,1,3,7.1,22,0.05835543767,3,7,6,Stressed,TRUE,FALSE,FALSE
4741,3867,Pooja Reddy,19,29/09/2024,Male,TikTok,458,298,160,65.07%,2,3,6.7,14,0.03056768559,4,9,4,Stressed,FALSE,FALSE,FALSE
4915,3868,Pooja Reddy,24,30/09/2024,Male,TikTok,493,320,173,64.91%,2,3,6.5,11,0.02231237323,4,9,4,Stressed,TRUE,FALSE,FALSE
4601,3868,Pooja Reddy,25,21/12/2024,Female,YouTube,476,286,190,60.08%,1,4,6.6,12,0.02521008403,3,8,5,Stressed,TRUE,TRUE,TRUE
2699,3869,Pooja Reddy,27,19/05/2025,Male,Instagram,355,178,177,50.14%,1,2,7.2,24,0.0676056338,3,7,6,Stressed,TRUE,FALSE,FALSE
2707,3870,Pooja Reddy,39,23/12/2024,Male,TikTok,275,179,96,65.09%,1,2,7.6,32,0.1163636364,3,7,6,Stressed,TRUE,FALSE,FALSE
3153,3871,Ananya Khan,21,14/08/2025,Female,Twitter,496,198,298,39.92%,1,2,6.5,10,0.02016129032,3,8,5,Stressed,FALSE,FALSE,FALSE
2756,3872,Ananya Khan,24,17/01/2025,Female,Facebook,515,180,335,34.95%,1,2,6.4,8,0.01553398058,3,8,5,Stressed,TRUE,FALSE,FALSE
4687,3873,Krishna Patil,19,01/01/2025,Male,YouTube,489,293,196,59.92%,1,4,6.6,11,0.02249488753,3,8,5,Stressed,FALSE,FALSE,FALSE
2797,3873,Krishna Patil,20,17/07/2024,Male,Twitter,452,181,271,40.04%,1,2,6.7,15,0.03318584071,3,8,5,Stressed,TRUE,TRUE,TRUE
3931,3874,Krishna Patil,24,26/11/2024,Female,Instagram,482,241,241,50.00%,1,3,6.6,12,0.02489626556,3,8,5,Stressed,TRUE,FALSE,FALSE
3906,3875,Krishna Patil,26,09/06/2024,Male,TikTok,370,240,130,64.86%,2,2,7.2,23,0.06216216216,4,8,5,Stressed,TRUE,FALSE,FALSE
2976,3876,Krishna Patil,32,04/08/2025,Female,Instagram,382,191,191,50.00%,1,3,7.1,22,0.05759162304,3,7,6,Stressed,TRUE,FALSE,FALSE
4171,3877,Vihaan Joshi,17,04/08/2024,Female,TikTok,391,254,137,64.96%,2,2,7,21,0.0537084399,4,8,5,Stressed,FALSE,FALSE,FALSE
4459,3878,Vihaan Joshi,20,01/03/2025,Male,YouTube,456,274,182,60.09%,1,4,6.7,14,0.03070175439,3,8,5,Stressed,TRUE,FALSE,FALSE
2827,3879,Vihaan Joshi,28,06/05/2024,Female,Instagram,365,182,183,49.86%,1,2,7.2,24,0.06575342466,3,7,6,Stressed,TRUE,FALSE,FALSE
2831,3880,Vihaan Joshi,33,14/06/2025,Male,Snapchat,331,182,149,54.98%,1,2,7.3,27,0.08157099698,3,7,6,Stressed,TRUE,FALSE,FALSE
3086,3881,Sai Kulkarni,19,27/12/2024,Female,Twitter,490,196,294,40.00%,1,2,6.6,11,0.02244897959,3,8,5,Stressed,FALSE,FALSE,FALSE
4746,3882,Sai Kulkarni,25,07/07/2024,Male,TikTok,459,298,161,64.92%,2,3,6.7,14,0.03050108932,4,9,4,Stressed,TRUE,FALSE,FALSE
2865,3883,Sai Kulkarni,33,20/02/2024,Female,Instagram,367,184,183,50.14%,1,2,7.2,23,0.06267029973,3,7,6,Stressed,TRUE,FALSE,FALSE
3297,3884,Aarav Chauhan,15,02/03/2024,Male,Instagram,411,206,205,50.12%,1,3,6.9,19,0.04622871046,3,8,5,Stressed,FALSE,FALSE,FALSE
2885,3885,Aarav Chauhan,21,05/10/2025,Male,Twitter,462,185,277,40.04%,1,2,6.7,14,0.0303030303,3,8,5,Stressed,TRUE,FALSE,FALSE
3462,3886,Aarav Chauhan,33,05/05/2025,Female,TikTok,331,215,116,64.95%,1,2,7.3,27,0.08157099698,3,7,6,Stressed,TRUE,FALSE,FALSE
3025,3887,Suhani Gupta,21,26/10/2025,Female,Twitter,482,193,289,40.04%,1,2,6.6,12,0.02489626556,3,8,5,Stressed,FALSE,FALSE,FALSE
4809,3887,Suhani Gupta,22,24/10/2025,Female,YouTube,509,305,204,59.92%,1,4,6.5,9,0.01768172888,3,8,5,Stressed,TRUE,TRUE,TRUE
2896,3888,Suhani Gupta,24,04/11/2024,Male,Twitter,466,186,280,39.91%,1,2,6.7,13,0.02789699571,3,8,5,Stressed,TRUE,FALSE,FALSE
4470,3888,Suhani Gupta,25,09/08/2024,Male,YouTube,459,275,184,59.91%,1,4,6.7,14,0.03050108932,3,8,5,Stressed,TRUE,TRUE,TRUE
2918,3889,Jiya Pawar,20,05/01/2025,Female,Twitter,468,187,281,39.96%,1,2,6.7,13,0.02777777778,3,8,5,Stressed,FALSE,FALSE,FALSE
3951,3890,Jiya Pawar,22,27/01/2025,Male,Instagram,484,242,242,50.00%,1,3,6.6,12,0.02479338843,3,8,5,Stressed,TRUE,FALSE,FALSE
4169,3891,Aarav Verma,20,31/08/2024,Female,Snapchat,461,254,207,55.10%,1,2,6.7,14,0.03036876356,3,8,5,Stressed,FALSE,FALSE,FALSE
4605,3892,Aarav Verma,22,10/08/2025,Male,TikTok,440,286,154,65.00%,2,3,6.8,16,0.03636363636,4,9,4,Stressed,TRUE,FALSE,FALSE
2969,3893,Aarav Verma,31,18/07/2025,Other,Instagram,380,190,190,50.00%,1,3,7.1,22,0.05789473684,3,7,6,Stressed,TRUE,FALSE,FALSE
4842,3894,Aarav Iyer,20,26/04/2025,Male,YouTube,515,309,206,60.00%,1,4,6.4,8,0.01553398058,3,8,5,Stressed,FALSE,FALSE,FALSE
3082,3895,Aarav Iyer,27,22/04/2025,Female,Instagram,392,196,196,50.00%,1,3,7,21,0.05357142857,3,8,5,Stressed,TRUE,FALSE,FALSE
3099,3896,Aarav Iyer,31,21/06/2024,Male,YouTube,327,196,131,59.94%,1,3,7.4,27,0.08256880734,3,7,6,Stressed,TRUE,FALSE,FALSE
3026,3897,Aarav Iyer,34,19/05/2024,Male,Snapchat,351,193,158,54.99%,1,2,7.2,25,0.07122507123,3,7,6,Stressed,TRUE,FALSE,FALSE
3788,3898,Aditya Choudhary,18,20/08/2024,Female,Snapchat,423,233,190,55.08%,1,2,6.9,18,0.04255319149,3,8,5,Stressed,FALSE,FALSE,FALSE
3907,3899,Aditya Choudhary,23,05/04/2024,Female,Instagram,481,240,241,49.90%,1,3,6.6,12,0.02494802495,3,8,5,Stressed,TRUE,FALSE,FALSE
3042,3900,Aditya Choudhary,32,27/01/2025,Female,Instagram,387,194,193,50.13%,1,3,7.1,21,0.05426356589,3,8,5,Stressed,TRUE,FALSE,FALSE
3794,3901,Aditya Choudhary,35,21/03/2024,Female,TikTok,360,234,126,65.00%,2,2,7.2,24,0.06666666667,4,8,5,Stressed,TRUE,FALSE,FALSE
4714,3902,Aditya Patel,22,26/07/2024,Male,YouTube,492,295,197,59.96%,1,4,6.5,11,0.02235772358,3,8,5,Stressed,FALSE,FALSE,FALSE
3050,3903,Aditya Patel,27,12/10/2025,Female,Snapchat,352,194,158,55.11%,1,2,7.2,25,0.07102272727,3,7,6,Stressed,TRUE,FALSE,FALSE
3676,3904,Aditya Patel,29,25/09/2025,Male,TikTok,349,227,122,65.04%,2,2,7.3,25,0.07163323782,3,8,5,Stressed,TRUE,FALSE,FALSE
3074,3905,Aarohi Ghosh,33,12/06/2024,Female,Snapchat,354,195,159,55.08%,1,2,7.2,25,0.07062146893,3,7,6,Stressed,FALSE,FALSE,FALSE
3209,3906,Sonal Nair,15,13/12/2024,Male,Instagram,401,200,201,49.88%,1,3,7,20,0.04987531172,3,8,5,Stressed,FALSE,FALSE,FALSE
4139,3907,Sonal Nair,25,03/09/2024,Female,Instagram,506,253,253,50.00%,1,3,6.5,9,0.01778656126,3,8,5,Stressed,TRUE,FALSE,FALSE
3084,3907,Sonal Nair,26,22/07/2024,Female,Instagram,392,196,196,50.00%,1,3,7,21,0.05357142857,3,8,5,Stressed,TRUE,TRUE,TRUE
3119,3908,Saanvi Ansari,21,21/04/2024,Male,Twitter,493,197,296,39.96%,1,2,6.5,11,0.02231237323,3,8,5,Stressed,FALSE,FALSE,FALSE
4917,3908,Saanvi Ansari,21,24/11/2024,Male,TikTok,494,321,173,64.98%,2,3,6.5,11,0.02226720648,4,9,4,Stressed,TRUE,TRUE,TRUE
3380,3909,Saanvi Ansari,27,29/10/2025,Male,Snapchat,383,211,172,55.09%,1,2,7.1,22,0.05744125326,3,7,6,Stressed,TRUE,FALSE,FALSE
3575,3910,Navya Roy,18,18/11/2024,Male,Instagram,444,222,222,50.00%,1,3,6.8,16,0.03603603604,3,8,5,Stressed,FALSE,FALSE,FALSE
4640,3911,Navya Roy,21,04/05/2025,Male,TikTok,445,289,156,64.94%,2,3,6.8,16,0.03595505618,4,9,4,Stressed,TRUE,FALSE,FALSE
3128,3911,Navya Roy,22,13/04/2025,Female,Twitter,492,197,295,40.04%,1,2,6.5,11,0.02235772358,3,8,5,Stressed,TRUE,TRUE,TRUE
3864,3912,Navya Roy,31,11/05/2024,Male,YouTube,397,238,159,59.95%,1,3,7,20,0.05037783375,3,8,5,Stressed,TRUE,FALSE,FALSE
3137,3913,Navya Choudhary,18,13/08/2024,Female,Instagram,397,198,199,49.87%,1,3,7,20,0.05037783375,3,8,5,Stressed,FALSE,FALSE,FALSE
3242,3914,Navya Choudhary,23,02/01/2025,Male,Twitter,508,203,305,39.96%,1,2,6.5,9,0.01771653543,3,8,5,Stressed,TRUE,FALSE,FALSE
3316,3915,Vivaan Banerjee,21,03/01/2024,Female,Twitter,514,206,308,40.08%,1,2,6.4,9,0.01750972763,3,8,5,Stressed,FALSE,FALSE,FALSE
4651,3916,Vivaan Banerjee,25,24/05/2024,Female,YouTube,484,290,194,59.92%,1,4,6.6,12,0.02479338843,3,8,5,Stressed,TRUE,FALSE,FALSE
3518,3917,Vivaan Banerjee,31,15/11/2025,Male,YouTube,363,218,145,60.06%,1,3,7.2,24,0.06611570248,3,7,6,Stressed,TRUE,FALSE,FALSE
3313,3917,Vivaan Banerjee,32,10/04/2024,Female,Snapchat,375,206,169,54.93%,1,2,7.1,22,0.05866666667,3,7,6,Stressed,TRUE,TRUE,TRUE
3317,3918,Krishna Saxena,14,01/11/2025,Male,Instagram,413,206,207,49.88%,1,3,6.9,19,0.04600484262,3,8,5,Stressed,FALSE,FALSE,FALSE
3381,3919,Ishaan Choudhary,15,12/01/2024,Female,Instagram,422,211,211,50.00%,1,3,6.9,18,0.04265402844,3,8,5,Stressed,FALSE,TRUE,FALSE
3490,3920,Ishaan Choudhary,31,01/08/2025,Male,YouTube,361,217,144,60.11%,1,3,7.2,24,0.06648199446,3,7,6,Stressed,TRUE,FALSE,FALSE
3850,3921,Navya Deshmukh,13,08/10/2025,Male,YouTube,395,237,158,60.00%,1,3,7,20,0.05063291139,3,8,5,Stressed,FALSE,FALSE,FALSE
4911,3922,Navya Deshmukh,19,02/10/2025,Female,TikTok,493,320,173,64.91%,2,3,6.5,11,0.02231237323,4,9,4,Stressed,TRUE,FALSE,FALSE
3454,3923,Navya Deshmukh,32,04/02/2024,Male,TikTok,331,215,116,64.95%,1,2,7.3,27,0.08157099698,3,7,6,Stressed,TRUE,FALSE,FALSE
3409,3924,Navya Deshmukh,34,29/08/2025,Female,YouTube,353,212,141,60.06%,1,3,7.2,25,0.07082152975,3,7,6,Stressed,TRUE,FALSE,FALSE
4067,3924,Navya Deshmukh,34,19/12/2024,Male,TikTok,383,249,134,65.01%,2,2,7.1,22,0.05744125326,4,8,5,Stressed,TRUE,TRUE,TRUE
3481,3925,Vihaan Choudhary,31,08/10/2025,Female,Snapchat,392,216,176,55.10%,1,2,7,21,0.05357142857,3,8,5,Stressed,FALSE,FALSE,FALSE
3872,3926,Isha Joshi,31,06/02/2025,Male,TikTok,366,238,128,65.03%,2,2,7.2,23,0.06284153005,4,8,5,Stressed,FALSE,TRUE,FALSE
3482,3926,Isha Joshi,31,24/05/2025,Male,Snapchat,392,216,176,55.10%,1,2,7,21,0.05357142857,3,8,5,Stressed,TRUE,TRUE,TRUE
4425,3927,Anika Menon,16,09/04/2024,Male,YouTube,453,272,181,60.04%,1,4,6.7,15,0.03311258278,3,8,5,Stressed,FALSE,FALSE,FALSE
3635,3928,Anika Menon,20,27/12/2024,Male,Instagram,451,226,225,50.11%,1,3,6.7,15,0.0332594235,3,8,5,Stressed,TRUE,FALSE,FALSE
4528,3928,Anika Menon,21,17/05/2025,Female,Snapchat,511,281,230,54.99%,1,2,6.4,9,0.01761252446,3,8,5,Stressed,TRUE,TRUE,TRUE
3862,3929,Isha Shinde,33,14/09/2025,Male,TikTok,365,237,128,64.93%,2,2,7.2,24,0.06575342466,4,8,5,Stressed,FALSE,FALSE,FALSE
3642,3929,Isha Shinde,33,06/06/2025,Female,YouTube,377,226,151,59.95%,1,3,7.1,22,0.05835543767,3,7,6,Stressed,TRUE,TRUE,TRUE
4536,3930,Diya Menon,25,15/11/2025,Male,Snapchat,511,281,230,54.99%,1,2,6.4,9,0.01761252446,3,8,5,Stressed,FALSE,FALSE,FALSE
3723,3931,Diya Menon,35,30/04/2024,Female,YouTube,384,230,154,59.90%,1,3,7.1,22,0.05729166667,3,7,6,Stressed,TRUE,FALSE,FALSE
3760,3932,Jiya Choudhary,16,22/12/2024,Female,Snapchat,421,232,189,55.11%,1,2,6.9,18,0.04275534442,3,8,5,Stressed,FALSE,FALSE,FALSE
4221,3933,Jiya Choudhary,20,18/01/2025,Male,Snapchat,467,257,210,55.03%,1,2,6.7,13,0.0278372591,3,8,5,Stressed,TRUE,FALSE,FALSE
3780,3934,Aarav Yadav,17,31/08/2024,Female,Snapchat,424,233,191,54.95%,1,2,6.9,18,0.04245283019,3,8,5,Stressed,FALSE,FALSE,FALSE
4505,3935,Aarav Yadav,19,01/03/2025,Female,Snapchat,507,279,228,55.03%,1,2,6.5,9,0.01775147929,3,8,5,Stressed,TRUE,FALSE,FALSE
4381,3936,Jiya Joshi,23,27/01/2024,Male,YouTube,446,268,178,60.09%,1,4,6.8,15,0.033632287,3,8,5,Stressed,FALSE,FALSE,FALSE
4678,3936,Jiya Joshi,23,02/08/2025,Male,YouTube,487,292,195,59.96%,1,4,6.6,11,0.02258726899,3,8,5,Stressed,TRUE,TRUE,TRUE
3804,3937,Jiya Joshi,26,03/02/2025,Male,TikTok,360,234,126,65.00%,2,2,7.2,24,0.06666666667,4,8,5,Stressed,TRUE,FALSE,FALSE
3812,3938,Arjun Naidu,30,17/05/2024,Female,YouTube,392,235,157,59.95%,1,3,7,21,0.05357142857,3,8,5,Stressed,FALSE,FALSE,FALSE
4372,3939,Vivaan Ghosh,25,08/02/2025,Female,Snapchat,487,268,219,55.03%,1,2,6.6,11,0.02258726899,3,8,5,Stressed,FALSE,FALSE,FALSE
4399,3940,Sai Joshi,19,01/12/2024,Male,Snapchat,490,270,220,55.10%,1,2,6.6,11,0.02244897959,3,8,5,Stressed,FALSE,FALSE,FALSE
4512,3941,Pooja Shetty,24,27/08/2024,Male,YouTube,467,280,187,59.96%,1,4,6.7,13,0.0278372591,3,8,5,Stressed,FALSE,FALSE,FALSE
4610,3942,Suhani Kale,14,05/06/2025,Male,TikTok,441,287,154,65.08%,2,3,6.8,16,0.03628117914,4,9,4,Stressed,FALSE,FALSE,FALSE
4791,3943,Suhani Kale,20,02/06/2024,Male,TikTok,466,303,163,65.02%,2,3,6.7,13,0.02789699571,4,9,4,Stressed,TRUE,FALSE,FALSE
4960,3944,Suhani Kale,22,14/03/2025,Female,TikTok,508,330,178,64.96%,2,3,6.5,9,0.01771653543,4,9,4,Stressed,TRUE,FALSE,FALSE
4908,3944,Suhani Kale,23,24/06/2024,Male,TikTok,492,320,172,65.04%,2,3,6.5,11,0.02235772358,4,9,4,Stressed,TRUE,TRUE,TRUE
4679,3945,Riya Rathod,23,09/09/2025,Male,YouTube,486,292,194,60.08%,1,4,6.6,11,0.02263374486,3,8,5,Stressed,FALSE,TRUE,FALSE
4616,3946,Riya Rathod,25,31/05/2024,Female,YouTube,479,287,192,59.92%,1,4,6.6,12,0.02505219207,3,8,5,Stressed,TRUE,FALSE,FALSE
4633,3947,Aditya Verma,23,30/01/2024,Female,YouTube,481,289,192,60.08%,1,4,6.6,12,0.02494802495,3,8,5,Stressed,FALSE,FALSE,FALSE
4724,3948,Aditi Reddy,23,11/05/2024,Female,YouTube,494,296,198,59.92%,1,4,6.5,11,0.02226720648,3,8,5,Stressed,FALSE,TRUE,FALSE
4955,3949,Arjun Yadav,19,12/01/2024,Female,TikTok,506,329,177,65.02%,2,3,6.5,9,0.01778656126,4,9,4,Stressed,FALSE,FALSE,FALSE